{
"type": "FeatureCollection",
"name": "cantons_wui",
"crs": { "type": "name", "properties": { "name": "urn:ogc:def:crs:OGC:1.3:CRS84" } },
"features": [
{ "type": "Feature", "properties": { "region": "Maritime", "prefecture": "Agoè-Nyivé", "commune": "Agoè-Nyivé 1", "canton": "Agoè-Nyivé", "population": 358223, "FRI": 0.4931, "classe_fri": "Tres eleve", "rwi_min": 0.903, "urban_ratio": 0.8906, "infrastructure_documentee": true, "WUI": 0.5916, "priorite": "Critique" }, "geometry": { "type": "Polygon", "coordinates": [ [ [ 1.245992018324984, 6.230874204500033 ], [ 1.235961348514461, 6.216454476115836 ], [ 1.235535938030927, 6.206180306471556 ], [ 1.20924156132787, 6.204647771333471 ], [ 1.207986689314388, 6.19410231168917 ], [ 1.189999830146035, 6.205671594995991 ], [ 1.183141453726349, 6.203594989895707 ], [ 1.181287635653217, 6.207765482644469 ], [ 1.178533235975053, 6.206143187220968 ], [ 1.176918729026823, 6.211691807327671 ], [ 1.179956215093775, 6.218198171653375 ], [ 1.162898280389583, 6.232903822484477 ], [ 1.156252590611348, 6.233285975383338 ], [ 1.161314530835626, 6.238536321577629 ], [ 1.161186696152479, 6.254611978402643 ], [ 1.171061834138911, 6.265694996576074 ], [ 1.191523792617987, 6.257755061890268 ], [ 1.203722974560535, 6.255883068997148 ], [ 1.224150963441116, 6.240733231395741 ], [ 1.245992018324984, 6.230874204500033 ] ] ] } },
{ "type": "Feature", "properties": { "region": "Maritime", "prefecture": "Agoè-Nyivé", "commune": "Agoè-Nyivé 2", "canton": "Légbassito", "population": 154481, "FRI": 0.3433, "classe_fri": "Eleve", "rwi_min": 0.133, "urban_ratio": 0.6757, "infrastructure_documentee": true, "WUI": 0.4018, "priorite": "Critique" }, "geometry": { "type": "Polygon", "coordinates": [ [ [ 1.165569406602849, 6.304567866918758 ], [ 1.175390383802693, 6.297029703705078 ], [ 1.18018938624822, 6.298887666684089 ], [ 1.183902725688641, 6.297374274755205 ], [ 1.174304076267268, 6.275796238263553 ], [ 1.17341740744031, 6.268932799323924 ], [ 1.161186696152479, 6.254611978402643 ], [ 1.161314530835626, 6.238536321577629 ], [ 1.153178773784986, 6.230097691105759 ], [ 1.129358345182175, 6.264200107669519 ], [ 1.133402393657488, 6.28280514454301 ], [ 1.149050390725243, 6.290737900443285 ], [ 1.165569406602849, 6.304567866918758 ] ] ] } },
{ "type": "Feature", "properties": { "region": "Maritime", "prefecture": "Agoè-Nyivé", "commune": "Agoè-Nyivé 3", "canton": "Vakpossito", "population": 63268, "FRI": 0.2486, "classe_fri": "Moyen", "rwi_min": 1.079, "urban_ratio": 1.0, "infrastructure_documentee": true, "WUI": 0.2036, "priorite": "Surveillance" }, "geometry": { "type": "Polygon", "coordinates": [ [ [ 1.177706324609053, 6.215534962745215 ], [ 1.178533235975053, 6.206143187220968 ], [ 1.173708638735249, 6.20632084933215 ], [ 1.164735713929635, 6.2122552898543 ], [ 1.161658456688331, 6.207580508244201 ], [ 1.15256438306142, 6.214987165865092 ], [ 1.155165451525386, 6.227110632427568 ], [ 1.153178773784986, 6.230097691105759 ], [ 1.156252590611348, 6.233285975383338 ], [ 1.162898280389583, 6.232903822484477 ], [ 1.179956215093775, 6.218198171653375 ], [ 1.177706324609053, 6.215534962745215 ] ] ] } },
{ "type": "Feature", "properties": { "region": "Maritime", "prefecture": "Agoè-Nyivé", "commune": "Agoè-Nyivé 4", "canton": "Togblekope", "population": 179199, "FRI": 0.4144, "classe_fri": "Eleve", "rwi_min": -0.089, "urban_ratio": 0.524, "infrastructure_documentee": true, "WUI": 0.4779, "priorite": "Critique" }, "geometry": { "type": "Polygon", "coordinates": [ [ [ 1.192135717152427, 6.298575805958393 ], [ 1.199710853069067, 6.292332903661129 ], [ 1.199876848232607, 6.288492597696134 ], [ 1.204685260569887, 6.283623483704003 ], [ 1.215964299351476, 6.285239347854454 ], [ 1.226576715759351, 6.283071272691517 ], [ 1.227690958808448, 6.277163213198163 ], [ 1.234636397623604, 6.272917256423382 ], [ 1.2459523385581, 6.274689426934162 ], [ 1.251398418290829, 6.261580916485391 ], [ 1.257682892008545, 6.257311549107615 ], [ 1.246030936651764, 6.230969406861844 ], [ 1.224150963441116, 6.240733231395741 ], [ 1.203722974560535, 6.255883068997148 ], [ 1.191523792617987, 6.257755061890268 ], [ 1.171061834138911, 6.265694996576074 ], [ 1.183911324481716, 6.297393604307654 ], [ 1.192135717152427, 6.298575805958393 ] ] ] } },
{ "type": "Feature", "properties": { "region": "Maritime", "prefecture": "Agoè-Nyivé", "commune": "Agoè-Nyivé 5", "canton": "Zanguera", "population": 218933, "FRI": 0.3075, "classe_fri": "Eleve", "rwi_min": 0.636, "urban_ratio": 0.708, "infrastructure_documentee": false, "WUI": 0.4964, "priorite": "Critique" }, "geometry": { "type": "Polygon", "coordinates": [ [ [ 1.155165451525386, 6.227110632427568 ], [ 1.150391860076042, 6.212835921752539 ], [ 1.122030086739506, 6.223783504169608 ], [ 1.093521197166127, 6.228419365149831 ], [ 1.097560349497583, 6.245629357102312 ], [ 1.0940660624388, 6.255023480571524 ], [ 1.097187795219205, 6.260762234174456 ], [ 1.093076366690253, 6.268903841074114 ], [ 1.121037145215696, 6.281685410301439 ], [ 1.133402393657488, 6.28280514454301 ], [ 1.129358345182175, 6.264200107669519 ], [ 1.155165451525386, 6.227110632427568 ] ] ] } },
{ "type": "Feature", "properties": { "region": "Maritime", "prefecture": "Agoè-Nyivé", "commune": "Agoè-Nyivé 6", "canton": "Adétikopé", "population": 52840, "FRI": 0.2227, "classe_fri": "Moyen", "rwi_min": -0.302, "urban_ratio": 0.2506, "infrastructure_documentee": true, "WUI": 0.2859, "priorite": "Surveillance" }, "geometry": { "type": "Polygon", "coordinates": [ [ [ 1.256755257961897, 6.309831692818799 ], [ 1.249053330089533, 6.270165784197672 ], [ 1.2459523385581, 6.274689426934162 ], [ 1.234636397623604, 6.272917256423382 ], [ 1.227690958808448, 6.277163213198163 ], [ 1.226576715759351, 6.283071272691517 ], [ 1.215964299351476, 6.285239347854454 ], [ 1.204685260569887, 6.283623483704003 ], [ 1.199876848232607, 6.288492597696134 ], [ 1.199710853069067, 6.292332903661129 ], [ 1.192135717152427, 6.298575805958393 ], [ 1.189069666311602, 6.308336515332424 ], [ 1.195209240563774, 6.334564077384012 ], [ 1.205071447394067, 6.359456103770098 ], [ 1.226304801210323, 6.361580664872085 ], [ 1.233261513160967, 6.354298175946027 ], [ 1.248926022949379, 6.353456921898083 ], [ 1.249638793453263, 6.339983730689086 ], [ 1.256755257961897, 6.309831692818799 ] ] ] } },
{ "type": "Feature", "properties": { "region": "Maritime", "prefecture": "Avé", "commune": "Avé 1", "canton": "Kévé", "population": 11043, "FRI": 0.212, "classe_fri": "Moyen", "rwi_min": -0.869, "urban_ratio": 0.0157, "infrastructure_documentee": false, "WUI": 0.389, "priorite": "Critique" }, "geometry": { "type": "Polygon", "coordinates": [ [ [ 1.003670553483774, 6.545629734912045 ], [ 1.011854853055685, 6.524814584362963 ], [ 1.015552434879142, 6.523807560243037 ], [ 1.018467123396761, 6.528375874318772 ], [ 1.025377311470437, 6.520265072002895 ], [ 1.032710173757099, 6.517777304575831 ], [ 1.041276944077642, 6.505295507911387 ], [ 1.052126497271328, 6.497287045671306 ], [ 1.05492205025677, 6.490490531158797 ], [ 1.060176985351391, 6.486726564051624 ], [ 1.060405419807846, 6.482449338487251 ], [ 1.054549185278793, 6.475000933227708 ], [ 1.058290487200476, 6.473404093263791 ], [ 1.062117509499489, 6.474886840831176 ], [ 1.064630759430018, 6.468442522739403 ], [ 1.07693063276688, 6.468650315300663 ], [ 1.080986090443226, 6.464772291324405 ], [ 1.080700507939414, 6.458613046625834 ], [ 1.074927497540723, 6.448823248019643 ], [ 1.079155022916451, 6.44155826761862 ], [ 1.078697998053655, 6.437623214520555 ], [ 1.077612815535694, 6.435170977344356 ], [ 1.04420850559236, 6.435808414472046 ], [ 1.021017913565865, 6.444911654451094 ], [ 0.968737899883324, 6.435785296650615 ], [ 0.966472266675539, 6.423254537290823 ], [ 0.977784762158103, 6.416929875250122 ], [ 0.974521023324161, 6.400559004007134 ], [ 0.976921451093599, 6.397311340399536 ], [ 0.97168722711514, 6.388629195400236 ], [ 0.942582997943672, 6.417246595498503 ], [ 0.921593713787767, 6.418926075452016 ], [ 0.897908377592967, 6.425270947867881 ], [ 0.918579417478902, 6.444010865236221 ], [ 0.940542311302063, 6.456820583059179 ], [ 0.943285550331781, 6.467362804682933 ], [ 0.969566221874918, 6.473059817700928 ], [ 0.980179550259114, 6.479109719185002 ], [ 0.987013275207732, 6.489414947253622 ], [ 0.985681350420176, 6.49679248567206 ], [ 0.980412300814283, 6.502417161572001 ], [ 0.962798763044868, 6.509439713294146 ], [ 0.972439440718433, 6.532531553921082 ], [ 0.98537938485547, 6.546673949258521 ], [ 0.989429845302456, 6.545161822629962 ], [ 0.990416033699238, 6.549803687206268 ], [ 0.994431206708303, 6.551913612852198 ], [ 1.003670553483774, 6.545629734912045 ] ] ] } },
{ "type": "Feature", "properties": { "region": "Maritime", "prefecture": "Avé", "commune": "Avé 1", "canton": "Assahoun", "population": 9604, "FRI": 0.1496, "classe_fri": "Faible", "rwi_min": -0.874, "urban_ratio": 0.0476, "infrastructure_documentee": false, "WUI": 0.354, "priorite": "Elevee" }, "geometry": { "type": "Polygon", "coordinates": [ [ [ 0.869852401704074, 6.51758073062746 ], [ 0.889975928697334, 6.523453181995759 ], [ 0.92411175854385, 6.519903658919443 ], [ 0.933512897085402, 6.521534593419739 ], [ 0.94583597821899, 6.516518430270077 ], [ 0.957315397001041, 6.523223939585906 ], [ 0.970021431368238, 6.526521059140058 ], [ 0.962798763044868, 6.509439713294146 ], [ 0.980412300814283, 6.502417161572001 ], [ 0.985681350420176, 6.49679248567206 ], [ 0.987013275207732, 6.489414947253622 ], [ 0.980179550259114, 6.479109719185002 ], [ 0.969566221874918, 6.473059817700928 ], [ 0.943285550331781, 6.467362804682933 ], [ 0.940542311302063, 6.456820583059179 ], [ 0.918579417478902, 6.444010865236221 ], [ 0.897908377592967, 6.425270947867881 ], [ 0.888979882109656, 6.436705865761415 ], [ 0.885178568177869, 6.446099063610602 ], [ 0.862404909679409, 6.471950641170077 ], [ 0.883122145466335, 6.492519852992103 ], [ 0.898044551244569, 6.497431261166528 ], [ 0.912432085120518, 6.496151839920326 ], [ 0.907132126300784, 6.500364017341414 ], [ 0.904971038877802, 6.506724254929072 ], [ 0.895383263288229, 6.506593941422924 ], [ 0.869852401704074, 6.51758073062746 ] ] ] } },
{ "type": "Feature", "properties": { "region": "Maritime", "prefecture": "Avé", "commune": "Avé 1", "canton": "Tovégan", "population": 10888, "FRI": 0.0784, "classe_fri": "Tres faible", "rwi_min": -0.786, "urban_ratio": 0.0, "infrastructure_documentee": false, "WUI": 0.3093, "priorite": "Moyenne" }, "geometry": { "type": "Polygon", "coordinates": [ [ [ 0.894734356629317, 6.710923104014381 ], [ 0.92736027457302, 6.687221975498909 ], [ 0.941692790304231, 6.685097878086011 ], [ 0.951559979583118, 6.679157347056444 ], [ 0.958395374951885, 6.665915824277448 ], [ 0.965982416884153, 6.659725370959896 ], [ 0.964716126796475, 6.656463427628747 ], [ 0.971082082064833, 6.643513096249428 ], [ 0.968021947129157, 6.637187155697513 ], [ 0.982259375165813, 6.633689426807249 ], [ 0.982275535419745, 6.625928331463478 ], [ 0.987422652171273, 6.619790654798051 ], [ 0.984455317975516, 6.615211771666059 ], [ 0.995246500944605, 6.61116966922677 ], [ 0.993544325040369, 6.607507836546599 ], [ 0.987847512208678, 6.606623129581138 ], [ 0.980160834593607, 6.600585478616201 ], [ 0.980834270905091, 6.591088220687421 ], [ 0.975226315692848, 6.587244795435096 ], [ 0.977932463488516, 6.582126169123303 ], [ 0.972623191686851, 6.576795397842217 ], [ 0.973745457900797, 6.574077891422104 ], [ 0.98250006470287, 6.571528498758027 ], [ 0.98289299268265, 6.568530825123639 ], [ 0.977450376606938, 6.559930266742713 ], [ 0.976259330168977, 6.54889212619943 ], [ 0.98537938485547, 6.546673949258521 ], [ 0.972439440718433, 6.532531553921082 ], [ 0.970021431368238, 6.526521059140058 ], [ 0.957315397001041, 6.523223939585906 ], [ 0.94583597821899, 6.516518430270077 ], [ 0.933512897085402, 6.521534593419739 ], [ 0.92411175854385, 6.519903658919443 ], [ 0.889975928697334, 6.523453181995759 ], [ 0.869852401704074, 6.51758073062746 ], [ 0.827581126676512, 6.531366314194433 ], [ 0.835871830443122, 6.53863940772666 ], [ 0.837425871620296, 6.547475707737637 ], [ 0.83308259084929, 6.556141824713366 ], [ 0.795182421494322, 6.543221100834192 ], [ 0.772467273981333, 6.554934630647202 ], [ 0.813817883667704, 6.577807355744515 ], [ 0.819884053920865, 6.588152458982977 ], [ 0.829224687490078, 6.59334166120979 ], [ 0.833087312179834, 6.598182543494567 ], [ 0.842449893258044, 6.624609461935746 ], [ 0.87847510294113, 6.659037099492772 ], [ 0.894734356629317, 6.710923104014381 ] ] ] } },
{ "type": "Feature", "properties": { "region": "Maritime", "prefecture": "Avé", "commune": "Avé 1", "canton": "Ando", "population": 9496, "FRI": 0.0711, "classe_fri": "Tres faible", "rwi_min": -0.948, "urban_ratio": 0.0, "infrastructure_documentee": false, "WUI": 0.3165, "priorite": "Moyenne" }, "geometry": { "type": "Polygon", "coordinates": [ [ [ 0.837425871620296, 6.547475707737637 ], [ 0.835871830443122, 6.53863940772666 ], [ 0.827581126676512, 6.531366314194433 ], [ 0.851391999793266, 6.522258841011014 ], [ 0.858191402149464, 6.522939149945049 ], [ 0.895383263288229, 6.506593941422924 ], [ 0.904971038877802, 6.506724254929072 ], [ 0.907132126300784, 6.500364017341414 ], [ 0.912432085120518, 6.496151839920326 ], [ 0.898044551244569, 6.497431261166528 ], [ 0.883122145466335, 6.492519852992103 ], [ 0.862404909679409, 6.471950641170077 ], [ 0.885178568177869, 6.446099063610602 ], [ 0.888979882109656, 6.436705865761415 ], [ 0.897908377592967, 6.425270947867881 ], [ 0.856476487354945, 6.393109234296904 ], [ 0.855391528993147, 6.386644944934393 ], [ 0.835004431438448, 6.398530925059654 ], [ 0.788511038393988, 6.410263255111181 ], [ 0.782106956878234, 6.43456997465227 ], [ 0.748753227659495, 6.445867409096476 ], [ 0.743786544323804, 6.483098978165248 ], [ 0.726920036886439, 6.490096390080399 ], [ 0.719216586860073, 6.502588119401545 ], [ 0.715698152409137, 6.523049524130894 ], [ 0.724416761111756, 6.530701060718513 ], [ 0.74932732014961, 6.537986771099687 ], [ 0.772473068324522, 6.554931061397898 ], [ 0.795182421494322, 6.543221100834192 ], [ 0.83308259084929, 6.556141824713366 ], [ 0.837425871620296, 6.547475707737637 ] ] ] } },
{ "type": "Feature", "properties": { "region": "Maritime", "prefecture": "Avé", "commune": "Avé 1", "canton": "Zolo", "population": 5852, "FRI": 0.066, "classe_fri": "Tres faible", "rwi_min": -0.755, "urban_ratio": 0.0, "infrastructure_documentee": false, "WUI": 0.296, "priorite": "Surveillance" }, "geometry": { "type": "Polygon", "coordinates": [ [ [ 0.897908377592967, 6.425270947867881 ], [ 0.921593713787767, 6.418926075452016 ], [ 0.942582997943672, 6.417246595498503 ], [ 0.97168722711514, 6.388629195400236 ], [ 0.966353922299738, 6.370850874863629 ], [ 0.960065124274105, 6.360294771042057 ], [ 0.958307579398554, 6.347331835947429 ], [ 0.961320506940207, 6.334799558880735 ], [ 0.893130805357331, 6.334695348166415 ], [ 0.88507155104203, 6.354552601310911 ], [ 0.87294430451914, 6.369707290717438 ], [ 0.858464322971546, 6.381299362055605 ], [ 0.85538497800979, 6.386648124110893 ], [ 0.856476487354945, 6.393109234296904 ], [ 0.897908377592967, 6.425270947867881 ] ] ] } },
{ "type": "Feature", "properties": { "region": "Maritime", "prefecture": "Avé", "commune": "Avé 2", "canton": "Noépé", "population": 10368, "FRI": 0.0674, "classe_fri": "Tres faible", "rwi_min": -0.218, "urban_ratio": 0.0, "infrastructure_documentee": false, "WUI": 0.2596, "priorite": "Surveillance" }, "geometry": { "type": "Polygon", "coordinates": [ [ [ 1.01635867634733, 6.325496931421739 ], [ 1.040848576739249, 6.326713485420165 ], [ 1.043027564510584, 6.31773713468275 ], [ 1.047663929575961, 6.316645073414514 ], [ 1.056879849337371, 6.306811981232959 ], [ 1.078895372419462, 6.293549707526831 ], [ 1.078073157898753, 6.290904624174701 ], [ 1.070166256912996, 6.286966692447304 ], [ 1.068637376449038, 6.279794952512867 ], [ 1.047439301648561, 6.251305594235543 ], [ 1.033377776642643, 6.240890983878283 ], [ 1.025169960707087, 6.25798066991094 ], [ 1.016439936666682, 6.269165380657655 ], [ 1.006096087281342, 6.300116916789037 ], [ 1.004703940456109, 6.310473961339062 ], [ 1.007423212199812, 6.320964682171618 ], [ 1.005774317483491, 6.330706752321074 ], [ 1.013966948380098, 6.330065737673613 ], [ 1.01635867634733, 6.325496931421739 ] ] ] } },
{ "type": "Feature", "properties": { "region": "Maritime", "prefecture": "Avé", "commune": "Avé 2", "canton": "Aképé", "population": 17314, "FRI": 0.1118, "classe_fri": "Faible", "rwi_min": -0.517, "urban_ratio": 0.0157, "infrastructure_documentee": false, "WUI": 0.3124, "priorite": "Moyenne" }, "geometry": { "type": "Polygon", "coordinates": [ [ [ 1.082774223555701, 6.186395279109475 ], [ 1.066300892633302, 6.211451655850691 ], [ 1.063560981188899, 6.220593089748312 ], [ 1.056448571068239, 6.228883348690777 ], [ 1.038230546235696, 6.235993887881148 ], [ 1.033377776642643, 6.240890983878283 ], [ 1.047439301648561, 6.251305594235543 ], [ 1.068637376449038, 6.279794952512867 ], [ 1.070166256912996, 6.286966692447304 ], [ 1.078073157898753, 6.290904624174701 ], [ 1.078895372419462, 6.293549707526831 ], [ 1.086711559376301, 6.293504875364726 ], [ 1.097187795219205, 6.260762234174456 ], [ 1.0940660624388, 6.255023480571524 ], [ 1.097411234353781, 6.243992943456798 ], [ 1.082774223555701, 6.186395279109475 ] ] ] } },
{ "type": "Feature", "properties": { "region": "Maritime", "prefecture": "Avé", "commune": "Avé 2", "canton": "Badja", "population": 10048, "FRI": 0.0849, "classe_fri": "Tres faible", "rwi_min": -0.728, "urban_ratio": 0.0, "infrastructure_documentee": false, "WUI": 0.3078, "priorite": "Moyenne" }, "geometry": { "type": "Polygon", "coordinates": [ [ [ 1.077612815535694, 6.435170977344356 ], [ 1.077041964023349, 6.423793153522526 ], [ 1.095746129006238, 6.420906600208505 ], [ 1.100144316744463, 6.414633299092529 ], [ 1.101001064411556, 6.411496647794413 ], [ 1.097343924466202, 6.401772034143121 ], [ 1.098314967210493, 6.39259026554866 ], [ 1.102615098990278, 6.391299826785568 ], [ 1.10334654414981, 6.386959647303308 ], [ 1.097404976753209, 6.387069674069156 ], [ 1.094278325974535, 6.382235743862077 ], [ 1.097761592386749, 6.376536242684913 ], [ 1.043906335715784, 6.394418943482392 ], [ 1.029326536691547, 6.391262143688821 ], [ 1.030737494367227, 6.380720879023482 ], [ 1.051264309714151, 6.364080461240866 ], [ 1.03016540508049, 6.342867654328192 ], [ 1.031802307775891, 6.332710734502061 ], [ 1.027398741299191, 6.330012435332366 ], [ 1.013966948380098, 6.330065737673613 ], [ 1.005774317483491, 6.330706752321074 ], [ 1.002861005989498, 6.334926263451897 ], [ 0.96132266070283, 6.334790226613407 ], [ 0.958307579398554, 6.347331835947429 ], [ 0.960065124274105, 6.360294771042057 ], [ 0.966353922299738, 6.370850874863629 ], [ 0.973245223853893, 6.393822593106917 ], [ 0.976921451093599, 6.397311340399536 ], [ 0.974521023324161, 6.400559004007134 ], [ 0.977784762158103, 6.416929875250122 ], [ 0.966472266675539, 6.423254537290823 ], [ 0.968737899883324, 6.435785296650615 ], [ 1.021017913565865, 6.444911654451094 ], [ 1.04420850559236, 6.435808414472046 ], [ 1.077612815535694, 6.435170977344356 ] ] ] } },
{ "type": "Feature", "properties": { "region": "Maritime", "prefecture": "Bas-Mono", "commune": "Bas-Mono 1", "canton": "Kpétsou", "population": 13668, "FRI": 0.0873, "classe_fri": "Tres faible", "rwi_min": -0.548, "urban_ratio": 0.0, "infrastructure_documentee": true, "WUI": 0.1983, "priorite": "Surveillance" }, "geometry": { "type": "Polygon", "coordinates": [ [ [ 1.596082476631838, 6.515703256451481 ], [ 1.578341168442078, 6.488474875726482 ], [ 1.564229555581591, 6.48877980213421 ], [ 1.55824547403018, 6.494856511062052 ], [ 1.523982991634881, 6.569242025916919 ], [ 1.584422591744229, 6.587595515252135 ], [ 1.626310443517619, 6.582666032061275 ], [ 1.614691334549427, 6.566275581285768 ], [ 1.620174931083768, 6.538467613652979 ], [ 1.596082476631838, 6.515703256451481 ] ] ] } },
{ "type": "Feature", "properties": { "region": "Maritime", "prefecture": "Bas-Mono", "commune": "Bas-Mono 1", "canton": "Afagnan-Gbléta", "population": 31249, "FRI": 0.1236, "classe_fri": "Faible", "rwi_min": -0.484, "urban_ratio": 0.0179, "infrastructure_documentee": false, "WUI": 0.3277, "priorite": "Elevee" }, "geometry": { "type": "Polygon", "coordinates": [ [ [ 1.620111381501885, 6.405680144529972 ], [ 1.593849610649819, 6.407649398029621 ], [ 1.586850753540062, 6.418394265608046 ], [ 1.586477728756076, 6.424726116291226 ], [ 1.572672799885849, 6.453465303027052 ], [ 1.571499973087827, 6.475701951036685 ], [ 1.581325820122924, 6.493740438698294 ], [ 1.58852573049217, 6.502151188737795 ], [ 1.590097510024522, 6.508514790856045 ], [ 1.620174931083768, 6.538467613652979 ], [ 1.652484339878108, 6.534800640630456 ], [ 1.653923170150604, 6.521821719631966 ], [ 1.635769207881941, 6.516786209553871 ], [ 1.624838988667221, 6.510910064421602 ], [ 1.620554751574554, 6.505797050029775 ], [ 1.623258610229449, 6.501992746736761 ], [ 1.619742650566461, 6.496251330009843 ], [ 1.624338166120526, 6.481669122633199 ], [ 1.639320620287403, 6.464580189902303 ], [ 1.633816965051485, 6.459519021811082 ], [ 1.645830096053915, 6.435834318852991 ], [ 1.64299744030011, 6.428982678925947 ], [ 1.628113570790581, 6.415825142923246 ], [ 1.625045965083791, 6.408117333993528 ], [ 1.620111381501885, 6.405680144529972 ] ] ] } },
{ "type": "Feature", "properties": { "region": "Maritime", "prefecture": "Bas-Mono", "commune": "Bas-Mono 1", "canton": "Afagnangan", "population": 17676, "FRI": 0.2815, "classe_fri": "Moyen", "rwi_min": -0.696, "urban_ratio": 0.0809, "infrastructure_documentee": true, "WUI": 0.3195, "priorite": "Moyenne" }, "geometry": { "type": "Polygon", "coordinates": [ [ [ 1.626305705943201, 6.582659349403694 ], [ 1.651450326068486, 6.579716567140585 ], [ 1.653233295081, 6.573806265697849 ], [ 1.661651789625264, 6.580925481635071 ], [ 1.66743143503436, 6.576200415786529 ], [ 1.664126281815925, 6.571861951004059 ], [ 1.657711426806589, 6.574016728288477 ], [ 1.639971401323995, 6.55718303053528 ], [ 1.651548020542426, 6.551635879490258 ], [ 1.655690089725136, 6.526376186805888 ], [ 1.654822419258771, 6.513736312948177 ], [ 1.660605892723041, 6.511490568427631 ], [ 1.672464334145958, 6.489540851404072 ], [ 1.656806435688023, 6.480659237477219 ], [ 1.639320620287403, 6.464580189902303 ], [ 1.625290536550737, 6.479149689460502 ], [ 1.619742650566461, 6.496251330009843 ], [ 1.623258610229449, 6.501992746736761 ], [ 1.620554751574554, 6.505797050029775 ], [ 1.624838988667221, 6.510910064421602 ], [ 1.635769207881941, 6.516786209553871 ], [ 1.653923170150604, 6.521821719631966 ], [ 1.6542096056947, 6.5325984725063 ], [ 1.652484339878108, 6.534800640630456 ], [ 1.620174931083768, 6.538467613652979 ], [ 1.614691334549427, 6.566275581285768 ], [ 1.626305705943201, 6.582659349403694 ] ] ] } },
{ "type": "Feature", "properties": { "region": "Maritime", "prefecture": "Bas-Mono", "commune": "Bas-Mono 2", "canton": "Attitogon", "population": 28876, "FRI": 0.0813, "classe_fri": "Tres faible", "rwi_min": -0.501, "urban_ratio": 0.0, "infrastructure_documentee": false, "WUI": 0.3038, "priorite": "Moyenne" }, "geometry": { "type": "Polygon", "coordinates": [ [ [ 1.667453429738432, 6.406755823929869 ], [ 1.6539904931337, 6.390632155257469 ], [ 1.653390953889081, 6.374613340445938 ], [ 1.656153318732133, 6.369931892504249 ], [ 1.647046071745416, 6.36070089976332 ], [ 1.607428219873835, 6.361210694630375 ], [ 1.605276735578197, 6.390479783842366 ], [ 1.593849610649819, 6.407649398029621 ], [ 1.620111381501885, 6.405680144529972 ], [ 1.625045965083791, 6.408117333993528 ], [ 1.628113570790581, 6.415825142923246 ], [ 1.64299744030011, 6.428982678925947 ], [ 1.645830096053915, 6.435834318852991 ], [ 1.644413063411007, 6.441629056235922 ], [ 1.633816965051485, 6.459519021811082 ], [ 1.656806435688023, 6.480659237477219 ], [ 1.672464284401458, 6.489540856700028 ], [ 1.702415426317996, 6.484200053988984 ], [ 1.718046140038699, 6.466653717621583 ], [ 1.724989707850068, 6.464294669639512 ], [ 1.727023450182583, 6.449090111096384 ], [ 1.692140399370959, 6.442181339094477 ], [ 1.69110821861514, 6.437045503644409 ], [ 1.694882248385208, 6.429070185375429 ], [ 1.695425122904468, 6.421134120773693 ], [ 1.679522585040603, 6.415532424886679 ], [ 1.667453429738432, 6.406755823929869 ] ] ] } },
{ "type": "Feature", "properties": { "region": "Maritime", "prefecture": "Bas-Mono", "commune": "Bas-Mono 2", "canton": "Hompou", "population": 7919, "FRI": 0.0678, "classe_fri": "Tres faible", "rwi_min": -0.456, "urban_ratio": 0.0, "infrastructure_documentee": false, "WUI": 0.276, "priorite": "Surveillance" }, "geometry": { "type": "Polygon", "coordinates": [ [ [ 1.744125175188693, 6.387929141510129 ], [ 1.709951943821228, 6.390022716742427 ], [ 1.708817587413847, 6.376963819977707 ], [ 1.682528549839883, 6.370714346357767 ], [ 1.656153318732133, 6.369931892504249 ], [ 1.653390953889081, 6.374613340445938 ], [ 1.6539904931337, 6.390632155257469 ], [ 1.668290962387787, 6.408991868620261 ], [ 1.695425122904468, 6.421134120773693 ], [ 1.694882248385208, 6.429070185375429 ], [ 1.69110821861514, 6.437045503644409 ], [ 1.692140399370959, 6.442181339094477 ], [ 1.727023394142011, 6.449090104625697 ], [ 1.7266182360364, 6.436329028443283 ], [ 1.743158085106202, 6.405470400691492 ], [ 1.744125175188693, 6.387929141510129 ] ] ] } },
{ "type": "Feature", "properties": { "region": "Maritime", "prefecture": "Bas-Mono", "commune": "Bas-Mono 2", "canton": "Agome-Glozou", "population": 11154, "FRI": 0.0978, "classe_fri": "Tres faible", "rwi_min": -0.15, "urban_ratio": 0.0, "infrastructure_documentee": true, "WUI": 0.1718, "priorite": "Surveillance" }, "geometry": { "type": "Polygon", "coordinates": [ [ [ 1.659740403643901, 6.567989217825678 ], [ 1.668324721094428, 6.564372505716698 ], [ 1.668144652783273, 6.557471023278266 ], [ 1.670247388355045, 6.554773240882245 ], [ 1.674071753183225, 6.555149183478522 ], [ 1.680128613003302, 6.562889751766425 ], [ 1.683586497794844, 6.561193736122426 ], [ 1.685914139957041, 6.550721153799372 ], [ 1.696980089945611, 6.553465784484837 ], [ 1.69262331590556, 6.545626417340178 ], [ 1.701582050006603, 6.537257338842643 ], [ 1.698897493165584, 6.533678947541294 ], [ 1.70256750412055, 6.530160361750289 ], [ 1.699238292437462, 6.525346428901746 ], [ 1.70224657987415, 6.512723854613625 ], [ 1.698835097444032, 6.513409526538851 ], [ 1.694053085409883, 6.519058179261261 ], [ 1.691612009064866, 6.51846281346031 ], [ 1.695175373005485, 6.509394597984985 ], [ 1.693784802472603, 6.502930147688351 ], [ 1.702180388563777, 6.504700292065734 ], [ 1.702557051839019, 6.4986102106245 ], [ 1.704748380775968, 6.497313374700294 ], [ 1.701869705375938, 6.488499217065703 ], [ 1.720199579105034, 6.475685397499057 ], [ 1.729057062931321, 6.464967017168842 ], [ 1.738146364640895, 6.446052153950562 ], [ 1.738173767101586, 6.434958236285773 ], [ 1.746268248886687, 6.418019141761111 ], [ 1.769247511132169, 6.417397278251062 ], [ 1.763591779765203, 6.411669550413746 ], [ 1.765250932836112, 6.405987698032536 ], [ 1.775742255938611, 6.406459392344594 ], [ 1.767438037952237, 6.395791801515025 ], [ 1.772660176117056, 6.393878879925999 ], [ 1.773615353570606, 6.386055899129271 ], [ 1.744125175188693, 6.387929141510129 ], [ 1.743158085106202, 6.405470400691492 ], [ 1.7266182360364, 6.436329028443283 ], [ 1.724989707850068, 6.464294669639512 ], [ 1.718046140038699, 6.466653717621583 ], [ 1.702415426317996, 6.484200053988984 ], [ 1.672464334145958, 6.489540851404072 ], [ 1.660605892723041, 6.511490568427631 ], [ 1.654822419258771, 6.513736312948177 ], [ 1.655690089725136, 6.526376186805888 ], [ 1.651548020542426, 6.551635879490258 ], [ 1.639971401323995, 6.55718303053528 ], [ 1.657340448071464, 6.573602014940683 ], [ 1.659740403643901, 6.567989217825678 ] ] ] } },
{ "type": "Feature", "properties": { "region": "Maritime", "prefecture": "Bas-Mono", "commune": "Bas-Mono 2", "canton": "Agbétiko", "population": 3154, "FRI": 0.0625, "classe_fri": "Tres faible", "rwi_min": -0.688, "urban_ratio": 0.0, "infrastructure_documentee": false, "WUI": 0.2868, "priorite": "Surveillance" }, "geometry": { "type": "Polygon", "coordinates": [ [ [ 1.769247511132169, 6.417397278251062 ], [ 1.746268248886687, 6.418019141761111 ], [ 1.738173767101586, 6.434958236285773 ], [ 1.738146364640895, 6.446052153950562 ], [ 1.729057062931321, 6.464967017168842 ], [ 1.720199579105034, 6.475685397499057 ], [ 1.701869705375938, 6.488499217065703 ], [ 1.704469943220771, 6.497272621221532 ], [ 1.711183567832982, 6.503549421086778 ], [ 1.716491541237974, 6.499155849685837 ], [ 1.716872939373681, 6.492703754343434 ], [ 1.719313034295957, 6.491263232988314 ], [ 1.721641887019057, 6.491371931697792 ], [ 1.72138708411989, 6.500344693687773 ], [ 1.730577102212047, 6.501145602899705 ], [ 1.72930565654419, 6.493348250185636 ], [ 1.723616067059745, 6.492264428400684 ], [ 1.725004493516648, 6.487915409119501 ], [ 1.729121368223703, 6.485740485706049 ], [ 1.736706187719995, 6.487263600302438 ], [ 1.73809960334604, 6.485031405270776 ], [ 1.730857842130168, 6.475991586434025 ], [ 1.735398115687864, 6.473533136524939 ], [ 1.737113047696317, 6.478266489870689 ], [ 1.745789733708698, 6.472303761350926 ], [ 1.75229301852253, 6.473798004870289 ], [ 1.752618419782874, 6.469011527269117 ], [ 1.749333326200126, 6.46846706586959 ], [ 1.745808981149511, 6.462785807159671 ], [ 1.75797648731459, 6.459806242832821 ], [ 1.753151223852542, 6.4550258445176 ], [ 1.755206587590579, 6.444150536281506 ], [ 1.765077608661086, 6.438532681530323 ], [ 1.766817751706865, 6.431253866633384 ], [ 1.772017418173931, 6.430991612702387 ], [ 1.778656066895389, 6.425743333632157 ], [ 1.776357366944877, 6.421966365568291 ], [ 1.771228611184034, 6.42454238829128 ], [ 1.769247511132169, 6.417397278251062 ] ] ] } },
{ "type": "Feature", "properties": { "region": "Maritime", "prefecture": "Golfe", "commune": "Golfe 1", "canton": "Bè-Est", "population": 294408, "FRI": 0.645, "classe_fri": "Tres eleve", "rwi_min": -0.202, "urban_ratio": 0.5971, "infrastructure_documentee": false, "WUI": 0.8069, "priorite": "Critique" }, "geometry": { "type": "Polygon", "coordinates": [ [ [ 1.281367750242418, 6.238586425738327 ], [ 1.286346635062098, 6.217335574090456 ], [ 1.294282273247435, 6.215934194426812 ], [ 1.290064551974405, 6.216674673086143 ], [ 1.304872167962142, 6.201804952649771 ], [ 1.294657902885019, 6.194791325019886 ], [ 1.304097854581556, 6.157540513810677 ], [ 1.296809300297334, 6.154606227632466 ], [ 1.298156840857956, 6.14994039466862 ], [ 1.29040705236881, 6.14585534687679 ], [ 1.290260917370209, 6.137456708195549 ], [ 1.290030591177397, 6.144846075280865 ], [ 1.284482921757762, 6.143538929070813 ], [ 1.284996485263503, 6.141015939880901 ], [ 1.281118995453956, 6.141789326243337 ], [ 1.283073831926542, 6.139306350123666 ], [ 1.280095509502868, 6.140586165683493 ], [ 1.286090971575213, 6.134808199066857 ], [ 1.291998626835153, 6.133932037586081 ], [ 1.261816604520771, 6.132615487751515 ], [ 1.238245079782436, 6.125803380843916 ], [ 1.236242329985022, 6.132423561779587 ], [ 1.23091393926989, 6.135812974081031 ], [ 1.232724667653104, 6.142411487852853 ], [ 1.237000456281282, 6.143881564909296 ], [ 1.2366317486891, 6.148463380576941 ], [ 1.241997307799972, 6.149723621750271 ], [ 1.239831540705932, 6.152114744207531 ], [ 1.248603170729146, 6.155217305072783 ], [ 1.271807618789561, 6.184541544150004 ], [ 1.269871782264536, 6.186085283990259 ], [ 1.273537246163386, 6.190338441413326 ], [ 1.265041351254209, 6.199108890229076 ], [ 1.244710890197782, 6.210967894145598 ], [ 1.242727289822848, 6.206414101542907 ], [ 1.235535938030927, 6.206180306471556 ], [ 1.235961348514461, 6.216454476115836 ], [ 1.242544913364886, 6.223447727499085 ], [ 1.257680868065233, 6.257307685022768 ], [ 1.261564499466558, 6.252928635323049 ], [ 1.268783693083418, 6.251934471123604 ], [ 1.281367750242418, 6.238586425738327 ] ] ] } },
{ "type": "Feature", "properties": { "region": "Maritime", "prefecture": "Golfe", "commune": "Golfe 2", "canton": "Bè-Centre", "population": 120144, "FRI": 0.3008, "classe_fri": "Eleve", "rwi_min": 1.138, "urban_ratio": 0.9539, "infrastructure_documentee": false, "WUI": 0.3741, "priorite": "Elevee" }, "geometry": { "type": "Polygon", "coordinates": [ [ [ 1.244710890197782, 6.210967894145598 ], [ 1.268461708626764, 6.196342477244865 ], [ 1.273537246163386, 6.190338441413326 ], [ 1.269871782264536, 6.186085283990259 ], [ 1.271807618789561, 6.184541544150004 ], [ 1.248603170729146, 6.155217305072783 ], [ 1.239831540705932, 6.152114744207531 ], [ 1.241997307799972, 6.149723621750271 ], [ 1.231872046038984, 6.149643373393115 ], [ 1.234384141426764, 6.179336462724706 ], [ 1.238638576554525, 6.194595533596413 ], [ 1.244710890197782, 6.210967894145598 ] ] ] } },
{ "type": "Feature", "properties": { "region": "Maritime", "prefecture": "Golfe", "commune": "Golfe 3", "canton": "Bè-Ouest", "population": 129338, "FRI": 0.4931, "classe_fri": "Tres eleve", "rwi_min": 0.924, "urban_ratio": 0.8476, "infrastructure_documentee": false, "WUI": 0.5035, "priorite": "Critique" }, "geometry": { "type": "Polygon", "coordinates": [ [ [ 1.236247349753421, 6.186002673820652 ], [ 1.231872046038984, 6.149643373393115 ], [ 1.230035318371828, 6.149474863695373 ], [ 1.229049922807758, 6.143873444456308 ], [ 1.225138876881105, 6.142616875581822 ], [ 1.225157492921396, 6.136994871649358 ], [ 1.222122170295101, 6.136913027256623 ], [ 1.218380322176554, 6.149474829561335 ], [ 1.204625589087518, 6.145529263560663 ], [ 1.201290328108454, 6.149345791426107 ], [ 1.20192971423943, 6.159342172726182 ], [ 1.207420813290746, 6.160300973911244 ], [ 1.20243390575356, 6.167225208652139 ], [ 1.203557046026179, 6.171644559122543 ], [ 1.201665946718357, 6.174291593577437 ], [ 1.203607832604734, 6.186587954871933 ], [ 1.207036004681579, 6.185516556905148 ], [ 1.20924156132787, 6.204647771333471 ], [ 1.242743275882131, 6.206414621176878 ], [ 1.236247349753421, 6.186002673820652 ] ] ] } },
{ "type": "Feature", "properties": { "region": "Maritime", "prefecture": "Golfe", "commune": "Golfe 4", "canton": "Amoutivé", "population": 112333, "FRI": 0.2147, "classe_fri": "Moyen", "rwi_min": 1.338, "urban_ratio": 0.9754, "infrastructure_documentee": false, "WUI": 0.3053, "priorite": "Moyenne" }, "geometry": { "type": "Polygon", "coordinates": [ [ [ 1.201290328108454, 6.149345791426107 ], [ 1.204625589087518, 6.145529263560663 ], [ 1.218380322176554, 6.149474829561335 ], [ 1.222122170295101, 6.136913027256623 ], [ 1.225157492921396, 6.136994871649358 ], [ 1.225138876881105, 6.142616875581822 ], [ 1.229049922807758, 6.143873444456308 ], [ 1.230035318371828, 6.149474863695373 ], [ 1.236634573297756, 6.148464044543863 ], [ 1.237000456281282, 6.143881564909296 ], [ 1.232724667653104, 6.142411487852853 ], [ 1.23091393926989, 6.135812974081031 ], [ 1.236242329985022, 6.132423561779587 ], [ 1.238252206177112, 6.125796333355516 ], [ 1.198164566304389, 6.111772987016391 ], [ 1.1982670886417, 6.16746081931513 ], [ 1.20243390575356, 6.167225208652139 ], [ 1.207420813290746, 6.160300973911244 ], [ 1.20192971423943, 6.159342172726182 ], [ 1.201290328108454, 6.149345791426107 ] ] ] } },
{ "type": "Feature", "properties": { "region": "Maritime", "prefecture": "Golfe", "commune": "Golfe 5", "canton": "Aflao-Gakli", "population": 195976, "FRI": 0.3559, "classe_fri": "Eleve", "rwi_min": 1.141, "urban_ratio": 1.0, "infrastructure_documentee": false, "WUI": 0.4659, "priorite": "Critique" }, "geometry": { "type": "Polygon", "coordinates": [ [ [ 1.15256438306142, 6.214987165865092 ], [ 1.161658456688331, 6.207580508244201 ], [ 1.164735713929635, 6.2122552898543 ], [ 1.173708638735249, 6.20632084933215 ], [ 1.181287635653217, 6.207765482644469 ], [ 1.183141453726349, 6.203594989895707 ], [ 1.189999830146035, 6.205671594995991 ], [ 1.207986689314388, 6.19410231168917 ], [ 1.207036004681579, 6.185516556905148 ], [ 1.203607832604734, 6.186587954871933 ], [ 1.20243390575356, 6.167225208652139 ], [ 1.189406927155183, 6.16785106927159 ], [ 1.163956739258031, 6.184011274012336 ], [ 1.144920148878013, 6.203790858266952 ], [ 1.15256438306142, 6.214987165865092 ] ] ] } },
{ "type": "Feature", "properties": { "region": "Maritime", "prefecture": "Golfe", "commune": "Golfe 6", "canton": "Baguida", "population": 226051, "FRI": 0.6339, "classe_fri": "Tres eleve", "rwi_min": -0.253, "urban_ratio": 0.716, "infrastructure_documentee": false, "WUI": 0.749, "priorite": "Critique" }, "geometry": { "type": "Polygon", "coordinates": [ [ [ 1.30891949435849, 6.194641605808672 ], [ 1.317881224790139, 6.194641609110621 ], [ 1.328463700562173, 6.203532362346494 ], [ 1.35251102738039, 6.198069084108323 ], [ 1.383863421061119, 6.206886158109128 ], [ 1.385502478634098, 6.178026463480119 ], [ 1.298170378900048, 6.149962032729041 ], [ 1.296809300297334, 6.154606227632466 ], [ 1.304097854581556, 6.157540513810677 ], [ 1.294657902885019, 6.194791325019886 ], [ 1.304872167962142, 6.201804952649771 ], [ 1.290064551974405, 6.216674673086143 ], [ 1.295227922983345, 6.215768167308644 ], [ 1.307923777640676, 6.202967944120558 ], [ 1.30891949435849, 6.194641605808672 ] ] ] } },
{ "type": "Feature", "properties": { "region": "Maritime", "prefecture": "Golfe", "commune": "Golfe 7", "canton": "Aflao-Sagbado", "population": 429552, "FRI": 0.5363, "classe_fri": "Tres eleve", "rwi_min": -0.155, "urban_ratio": 0.8943, "infrastructure_documentee": true, "WUI": 0.7538, "priorite": "Critique" }, "geometry": { "type": "Polygon", "coordinates": [ [ [ 1.144920148878013, 6.203790858266952 ], [ 1.163956739258031, 6.184011274012336 ], [ 1.189406927155183, 6.16785106927159 ], [ 1.082488047284387, 6.16799485730417 ], [ 1.082526591870885, 6.185743919361527 ], [ 1.093521197166127, 6.228419365149831 ], [ 1.122030086739506, 6.223783504169608 ], [ 1.150391860076042, 6.212835921752539 ], [ 1.144920148878013, 6.203790858266952 ] ] ] } },
{ "type": "Feature", "properties": { "region": "Maritime", "prefecture": "Lacs", "commune": "Lacs 1", "canton": "Aného", "population": 8320, "FRI": 0.1117, "classe_fri": "Faible", "rwi_min": 0.147, "urban_ratio": 0.0, "infrastructure_documentee": false, "WUI": 0.2546, "priorite": "Surveillance" }, "geometry": { "type": "Polygon", "coordinates": [ [ [ 1.600842903697938, 6.241560260060769 ], [ 1.599142408063273, 6.231647607940867 ], [ 1.606530045908913, 6.230966171301408 ], [ 1.606534661086497, 6.22864544924074 ], [ 1.567147159809968, 6.221144317952935 ], [ 1.561581736079327, 6.241474711709248 ], [ 1.575595730470762, 6.243149292079515 ], [ 1.580290742465779, 6.245853771730923 ], [ 1.583217294701259, 6.252966401364636 ], [ 1.600842903697938, 6.241560260060769 ] ] ] } },
{ "type": "Feature", "properties": { "region": "Maritime", "prefecture": "Lacs", "commune": "Lacs 1", "canton": "Glidji", "population": 21192, "FRI": 0.0893, "classe_fri": "Tres faible", "rwi_min": -0.21, "urban_ratio": 0.0, "infrastructure_documentee": false, "WUI": 0.2799, "priorite": "Surveillance" }, "geometry": { "type": "Polygon", "coordinates": [ [ [ 1.592073306826365, 6.286758353564143 ], [ 1.606927195080682, 6.281787138524404 ], [ 1.613215665461947, 6.282537164218855 ], [ 1.614104433385479, 6.269767522552057 ], [ 1.633675575880148, 6.258880111833418 ], [ 1.651676290771989, 6.26476274190291 ], [ 1.657612988924478, 6.259766852221025 ], [ 1.655440609952242, 6.250550447602103 ], [ 1.644541996609249, 6.244335992624788 ], [ 1.637202984684996, 6.247917003900226 ], [ 1.600842903697938, 6.241560260060769 ], [ 1.567959471299269, 6.263420836154602 ], [ 1.56176423911113, 6.285164621505782 ], [ 1.569333965719304, 6.291777751229228 ], [ 1.586309802392397, 6.296538384736386 ], [ 1.592073306826365, 6.286758353564143 ] ] ] } },
{ "type": "Feature", "properties": { "region": "Maritime", "prefecture": "Lacs", "commune": "Lacs 1", "canton": "Canton D’Aneho", "population": 7371, "FRI": 0.0574, "classe_fri": "Tres faible", "rwi_min": 1.253, "urban_ratio": 0.0, "infrastructure_documentee": false, "WUI": 0.1399, "priorite": "Surveillance" }, "geometry": { "type": "Polygon", "coordinates": [ [ [ 1.606530045908913, 6.230966171301408 ], [ 1.599142408063273, 6.231647607940867 ], [ 1.600842903697938, 6.241560260060769 ], [ 1.635616339646337, 6.247742951200023 ], [ 1.636837685656709, 6.236299320725918 ], [ 1.606530045908913, 6.230966171301408 ] ] ] } },
{ "type": "Feature", "properties": { "region": "Maritime", "prefecture": "Lacs", "commune": "Lacs 2", "canton": "Aklakou", "population": 16023, "FRI": 0.1281, "classe_fri": "Faible", "rwi_min": -0.662, "urban_ratio": 0.0, "infrastructure_documentee": true, "WUI": 0.2313, "priorite": "Surveillance" }, "geometry": { "type": "Polygon", "coordinates": [ [ [ 1.709951943821228, 6.390022716742427 ], [ 1.773616831916927, 6.386055801356289 ], [ 1.784659886418086, 6.382673862880676 ], [ 1.782077702530666, 6.371030291990897 ], [ 1.786698164294066, 6.35076215821881 ], [ 1.779766478212183, 6.344068696006162 ], [ 1.786986752346967, 6.340382700077054 ], [ 1.784151131891228, 6.33271766651413 ], [ 1.791572975614988, 6.333777358450976 ], [ 1.791213479834818, 6.326954294472048 ], [ 1.796579375862311, 6.32109076570986 ], [ 1.795072739216862, 6.31093418392817 ], [ 1.787811593445696, 6.307849115126401 ], [ 1.793117128194634, 6.305001930294897 ], [ 1.793012199102205, 6.298097437483102 ], [ 1.803753807499393, 6.293305850342221 ], [ 1.807979255625619, 6.286420136030641 ], [ 1.803563409466569, 6.284080915619262 ], [ 1.800535105683198, 6.28751740200162 ], [ 1.796108585024457, 6.280420220085434 ], [ 1.789691593131494, 6.280180869853802 ], [ 1.788537959192336, 6.284087062972977 ], [ 1.78238585847497, 6.284181083932848 ], [ 1.782626991672182, 6.2880869422684 ], [ 1.777651985992843, 6.286363728886501 ], [ 1.764790838283971, 6.289660181431966 ], [ 1.742375001127333, 6.289986859878602 ], [ 1.710496861014535, 6.298000666721834 ], [ 1.702655589332329, 6.304137063772184 ], [ 1.705949829402456, 6.308529142457828 ], [ 1.685586859854213, 6.336786255201893 ], [ 1.69275078366144, 6.346897833805042 ], [ 1.689474267058355, 6.358607249225661 ], [ 1.682528549839883, 6.370714346357767 ], [ 1.708817587413847, 6.376963819977707 ], [ 1.709951943821228, 6.390022716742427 ] ] ] } },
{ "type": "Feature", "properties": { "region": "Maritime", "prefecture": "Lacs", "commune": "Lacs 2", "canton": "Agouégan", "population": 10249, "FRI": 0.0758, "classe_fri": "Tres faible", "rwi_min": -0.526, "urban_ratio": 0.0, "infrastructure_documentee": false, "WUI": 0.2876, "priorite": "Surveillance" }, "geometry": { "type": "Polygon", "coordinates": [ [ [ 1.742375001127333, 6.289986859878602 ], [ 1.764790838283971, 6.289660181431966 ], [ 1.777651985992843, 6.286363728886501 ], [ 1.775239287765328, 6.281277472250084 ], [ 1.770666043006878, 6.283422911574856 ], [ 1.771734837781251, 6.281359034352558 ], [ 1.76944772867804, 6.278109518317753 ], [ 1.774838248176444, 6.277578930215628 ], [ 1.767167484520086, 6.27773352728207 ], [ 1.767157845387938, 6.272891594872937 ], [ 1.764369610518606, 6.274904407403482 ], [ 1.758511907403991, 6.2725573776635 ], [ 1.746983427493545, 6.272986556157926 ], [ 1.743261270250562, 6.267761546771363 ], [ 1.736785880462098, 6.267473478286043 ], [ 1.731052130440836, 6.26327967635387 ], [ 1.722955535036417, 6.264057708696991 ], [ 1.714271357908277, 6.259633732678552 ], [ 1.698478720519562, 6.260104369043219 ], [ 1.688844078438135, 6.254325133205448 ], [ 1.681124896929408, 6.256533878991735 ], [ 1.674619245290204, 6.251006296992053 ], [ 1.664884219464519, 6.253034010353731 ], [ 1.658987451968699, 6.249048674340664 ], [ 1.655441318008038, 6.250556305265914 ], [ 1.657612988924478, 6.259766852221025 ], [ 1.651676290771989, 6.26476274190291 ], [ 1.64349404407761, 6.26208887189429 ], [ 1.653014111542867, 6.274564088039671 ], [ 1.667080340147675, 6.286031374678437 ], [ 1.681843945242305, 6.287502621918931 ], [ 1.692115410128455, 6.2912969893716 ], [ 1.702655589332329, 6.304137063772184 ], [ 1.710496861014535, 6.298000666721834 ], [ 1.742375001127333, 6.289986859878602 ] ] ] } },
{ "type": "Feature", "properties": { "region": "Maritime", "prefecture": "Lacs", "commune": "Lacs 3", "canton": "Agbodrafo", "population": 89404, "FRI": 0.4921, "classe_fri": "Tres eleve", "rwi_min": -0.31, "urban_ratio": 0.3341, "infrastructure_documentee": true, "WUI": 0.4642, "priorite": "Critique" }, "geometry": { "type": "Polygon", "coordinates": [ [ [ 1.453384157044456, 6.223861476392748 ], [ 1.473894346839281, 6.223786718855955 ], [ 1.51851421989634, 6.22928801976017 ], [ 1.561581736079327, 6.241474711709248 ], [ 1.567147159809968, 6.221144317952935 ], [ 1.52970077665852, 6.211096988632631 ], [ 1.484657140685015, 6.203631693688882 ], [ 1.385503108129767, 6.178019397593464 ], [ 1.386169167787783, 6.186606729500165 ], [ 1.382846630663916, 6.201303007325655 ], [ 1.392865112045256, 6.235983482741337 ], [ 1.391364266048443, 6.273546981350998 ], [ 1.453384157044456, 6.223861476392748 ] ] ] } },
{ "type": "Feature", "properties": { "region": "Maritime", "prefecture": "Lacs", "commune": "Lacs 4", "canton": "Anfoin", "population": 11592, "FRI": 0.0734, "classe_fri": "Tres faible", "rwi_min": 0.147, "urban_ratio": 0.0, "infrastructure_documentee": false, "WUI": 0.2362, "priorite": "Surveillance" }, "geometry": { "type": "Polygon", "coordinates": [ [ [ 1.607428219873835, 6.361210694630375 ], [ 1.636995169454559, 6.361088992073951 ], [ 1.635455901804016, 6.354583786452052 ], [ 1.625217639961663, 6.34575681783402 ], [ 1.616980246091484, 6.331129609120921 ], [ 1.618657146743943, 6.314909356304883 ], [ 1.608162534018437, 6.310970373205129 ], [ 1.599348682284566, 6.314750546033077 ], [ 1.593951177840804, 6.333382703378907 ], [ 1.593857012695253, 6.352509666485615 ], [ 1.606436533130473, 6.357045638875676 ], [ 1.607428219873835, 6.361210694630375 ] ] ] } },
{ "type": "Feature", "properties": { "region": "Maritime", "prefecture": "Lacs", "commune": "Lacs 4", "canton": "Fiata", "population": 21109, "FRI": 0.0839, "classe_fri": "Tres faible", "rwi_min": -0.343, "urban_ratio": 0.0, "infrastructure_documentee": true, "WUI": 0.1869, "priorite": "Surveillance" }, "geometry": { "type": "Polygon", "coordinates": [ [ [ 1.705949829402456, 6.308529142457828 ], [ 1.692115410128455, 6.2912969893716 ], [ 1.681843945242305, 6.287502621918931 ], [ 1.666741983645046, 6.285997651311639 ], [ 1.65847739553567, 6.28569132752915 ], [ 1.64942316220843, 6.291616147131354 ], [ 1.624243930826501, 6.297946651576917 ], [ 1.616755733069138, 6.296582436768469 ], [ 1.616982014442057, 6.303386622044992 ], [ 1.623156946457926, 6.308699179524509 ], [ 1.637106465407599, 6.330572679951333 ], [ 1.648450838587507, 6.329013452224886 ], [ 1.656080513934702, 6.338892484116083 ], [ 1.632837432150528, 6.343577966310296 ], [ 1.630129388116829, 6.349991561287974 ], [ 1.635455901804016, 6.354583786452052 ], [ 1.636995169454559, 6.361088992073951 ], [ 1.647046071745416, 6.36070089976332 ], [ 1.656153318732133, 6.369931892504249 ], [ 1.682528549839883, 6.370714346357767 ], [ 1.689474267058355, 6.358607249225661 ], [ 1.69275078366144, 6.346897833805042 ], [ 1.685586859854213, 6.336786255201893 ], [ 1.705949829402456, 6.308529142457828 ] ] ] } },
{ "type": "Feature", "properties": { "region": "Maritime", "prefecture": "Lacs", "commune": "Lacs 4", "canton": "Ganavé", "population": 13326, "FRI": 0.0788, "classe_fri": "Tres faible", "rwi_min": -0.404, "urban_ratio": 0.0, "infrastructure_documentee": true, "WUI": 0.1825, "priorite": "Surveillance" }, "geometry": { "type": "Polygon", "coordinates": [ [ [ 1.64349404407761, 6.26208887189429 ], [ 1.633675575880148, 6.258880111833418 ], [ 1.614104433385479, 6.269767522552057 ], [ 1.613215665461947, 6.282537164218855 ], [ 1.606927195080682, 6.281787138524404 ], [ 1.592073306826365, 6.286758353564143 ], [ 1.586309802392397, 6.296538384736386 ], [ 1.599130243221415, 6.310971646910112 ], [ 1.599348682284566, 6.314750546033077 ], [ 1.608162534018437, 6.310970373205129 ], [ 1.618657146743943, 6.314909356304883 ], [ 1.616980246091484, 6.331129609120921 ], [ 1.625217639961663, 6.34575681783402 ], [ 1.630129388116829, 6.349991561287974 ], [ 1.632837432150528, 6.343577966310296 ], [ 1.656080513934702, 6.338892484116083 ], [ 1.648450838587507, 6.329013452224886 ], [ 1.637106465407599, 6.330572679951333 ], [ 1.623156946457926, 6.308699179524509 ], [ 1.616982014442057, 6.303386622044992 ], [ 1.616755733069138, 6.296582436768469 ], [ 1.624243930826501, 6.297946651576917 ], [ 1.64942316220843, 6.291616147131354 ], [ 1.65847739553567, 6.28569132752915 ], [ 1.667080340147675, 6.286031374678437 ], [ 1.653014111542867, 6.274564088039671 ], [ 1.64349404407761, 6.26208887189429 ] ] ] } },
{ "type": "Feature", "properties": { "region": "Maritime", "prefecture": "Vo", "commune": "Vo 1", "canton": "Vogan", "population": 58676, "FRI": 0.2414, "classe_fri": "Moyen", "rwi_min": -0.439, "urban_ratio": 0.039, "infrastructure_documentee": true, "WUI": 0.3113, "priorite": "Moyenne" }, "geometry": { "type": "Polygon", "coordinates": [ [ [ 1.444185526452908, 6.341370856559076 ], [ 1.465461955264175, 6.362537316501853 ], [ 1.469449164223429, 6.38028928939069 ], [ 1.469233699726516, 6.390531648550125 ], [ 1.485031930260035, 6.395645958632087 ], [ 1.490800430963004, 6.395200136459202 ], [ 1.494485741581504, 6.400517615364776 ], [ 1.506098605688365, 6.400104154390132 ], [ 1.522888685234653, 6.39577156413658 ], [ 1.540302835476916, 6.405123601787739 ], [ 1.551500482259318, 6.393461837723307 ], [ 1.553932598937544, 6.384027491807831 ], [ 1.545351855470886, 6.375580329644695 ], [ 1.553029430681695, 6.370665359409386 ], [ 1.555521101491484, 6.361909914190224 ], [ 1.546906564652683, 6.346358730706308 ], [ 1.554704624893668, 6.336754215556748 ], [ 1.582952876834846, 6.313938466843799 ], [ 1.598125908871534, 6.316816610368447 ], [ 1.599130243221415, 6.310971646910112 ], [ 1.586309802392397, 6.296538384736386 ], [ 1.569333965719304, 6.291777751229228 ], [ 1.56176423911113, 6.285164621505782 ], [ 1.532941992523285, 6.284273245517328 ], [ 1.517645820729849, 6.274171971916309 ], [ 1.502142589210066, 6.268067236071052 ], [ 1.497425469786876, 6.270546990109421 ], [ 1.477351268105789, 6.292386715593129 ], [ 1.452647643511323, 6.326710525856759 ], [ 1.448074477194584, 6.329874658551541 ], [ 1.449087262693997, 6.336649737716775 ], [ 1.444185526452908, 6.341370856559076 ] ] ] } },
{ "type": "Feature", "properties": { "region": "Maritime", "prefecture": "Vo", "commune": "Vo 1", "canton": "Vo-Koutimé", "population": 17235, "FRI": 0.0755, "classe_fri": "Tres faible", "rwi_min": -0.456, "urban_ratio": 0.0, "infrastructure_documentee": true, "WUI": 0.1878, "priorite": "Surveillance" }, "geometry": { "type": "Polygon", "coordinates": [ [ [ 1.581254810695774, 6.408497318612282 ], [ 1.593035829437564, 6.397561142395695 ], [ 1.59966979335039, 6.398759338431568 ], [ 1.605276735578197, 6.390479783842366 ], [ 1.607428219873835, 6.361210694630375 ], [ 1.606436533130473, 6.357045638875676 ], [ 1.593857012695253, 6.352509666485615 ], [ 1.593951177840804, 6.333382703378907 ], [ 1.598125908871534, 6.316816610368447 ], [ 1.582952876834846, 6.313938466843799 ], [ 1.554704624893668, 6.336754215556748 ], [ 1.546906564652683, 6.346358730706308 ], [ 1.555521101491484, 6.361909914190224 ], [ 1.553029430681695, 6.370665359409386 ], [ 1.545351855470886, 6.375580329644695 ], [ 1.559554742106045, 6.376283502527956 ], [ 1.565742850929025, 6.380176754881147 ], [ 1.567152356872499, 6.389020274387953 ], [ 1.57167302641245, 6.393707193573311 ], [ 1.568326057430638, 6.399482963636054 ], [ 1.569419222916857, 6.405641333965347 ], [ 1.581254810695774, 6.408497318612282 ] ] ] } },
{ "type": "Feature", "properties": { "region": "Maritime", "prefecture": "Vo", "commune": "Vo 2", "canton": "Togoville", "population": 22257, "FRI": 0.1205, "classe_fri": "Faible", "rwi_min": -0.322, "urban_ratio": 0.0, "infrastructure_documentee": true, "WUI": 0.2064, "priorite": "Surveillance" }, "geometry": { "type": "Polygon", "coordinates": [ [ [ 1.51851421989634, 6.22928801976017 ], [ 1.473894346839281, 6.223786718855955 ], [ 1.451916622749138, 6.223866794524716 ], [ 1.398669814812354, 6.267489678184789 ], [ 1.422949863971739, 6.277913891510983 ], [ 1.477351268105789, 6.292386715593129 ], [ 1.497425469786876, 6.270546990109421 ], [ 1.514455426998706, 6.261594123933099 ], [ 1.526496972991161, 6.250150623618478 ], [ 1.530784900566695, 6.249360434433605 ], [ 1.542530062483926, 6.235947289425666 ], [ 1.51851421989634, 6.22928801976017 ] ] ] } },
{ "type": "Feature", "properties": { "region": "Maritime", "prefecture": "Vo", "commune": "Vo 2", "canton": "Anyron-Kopé", "population": 8283, "FRI": 0.0842, "classe_fri": "Tres faible", "rwi_min": -0.594, "urban_ratio": 0.0, "infrastructure_documentee": false, "WUI": 0.2958, "priorite": "Surveillance" }, "geometry": { "type": "Polygon", "coordinates": [ [ [ 1.502142589210066, 6.268067236071052 ], [ 1.517645820729849, 6.274171971916309 ], [ 1.532941992523285, 6.284273245517328 ], [ 1.56176423911113, 6.285164621505782 ], [ 1.567959471299269, 6.263420836154602 ], [ 1.583217294701259, 6.252966401364636 ], [ 1.580290742465779, 6.245853771730923 ], [ 1.575595730470762, 6.243149292079515 ], [ 1.553726266752075, 6.240437958298418 ], [ 1.549853652100842, 6.236611775277566 ], [ 1.542530062483926, 6.235947289425666 ], [ 1.530784900566695, 6.249360434433605 ], [ 1.526496972991161, 6.250150623618478 ], [ 1.514455426998706, 6.261594123933099 ], [ 1.502142589210066, 6.268067236071052 ] ] ] } },
{ "type": "Feature", "properties": { "region": "Maritime", "prefecture": "Vo", "commune": "Vo 3", "canton": "Dagbati", "population": 26317, "FRI": 0.0875, "classe_fri": "Tres faible", "rwi_min": -0.725, "urban_ratio": 0.0, "infrastructure_documentee": true, "WUI": 0.2222, "priorite": "Surveillance" }, "geometry": { "type": "Polygon", "coordinates": [ [ [ 1.404766030761456, 6.497280550597738 ], [ 1.441948604747755, 6.560525956331431 ], [ 1.498249822221255, 6.5671181795861 ], [ 1.516363652600483, 6.509323864552067 ], [ 1.539766256621496, 6.493113101522389 ], [ 1.539813216592364, 6.4707600406391 ], [ 1.53074555344771, 6.462403549498069 ], [ 1.529914387720519, 6.449801485392443 ], [ 1.538484379211811, 6.425858893463793 ], [ 1.533211865208124, 6.413157332798077 ], [ 1.540335976203296, 6.405095814629274 ], [ 1.522888685234653, 6.39577156413658 ], [ 1.506098605688365, 6.400104154390132 ], [ 1.494485741581504, 6.400517615364776 ], [ 1.490800430963004, 6.395200136459202 ], [ 1.485031930260035, 6.395645958632087 ], [ 1.4711057137787, 6.391137697835838 ], [ 1.467491639738375, 6.393959699721311 ], [ 1.474684520560372, 6.401964165496267 ], [ 1.475112068318697, 6.409879093567621 ], [ 1.483110946386225, 6.419204861754345 ], [ 1.476366478176253, 6.423650737881765 ], [ 1.466483624398155, 6.444828332552921 ], [ 1.469529033698566, 6.447521631292089 ], [ 1.473941341714361, 6.464981883338391 ], [ 1.468652620069327, 6.469732669094062 ], [ 1.404766030761456, 6.497280550597738 ] ] ] } },
{ "type": "Feature", "properties": { "region": "Maritime", "prefecture": "Vo", "commune": "Vo 3", "canton": "Dzrékpo", "population": 16099, "FRI": 0.0908, "classe_fri": "Tres faible", "rwi_min": -0.275, "urban_ratio": 0.0, "infrastructure_documentee": true, "WUI": 0.1815, "priorite": "Surveillance" }, "geometry": { "type": "Polygon", "coordinates": [ [ [ 1.571499973087827, 6.475701951036685 ], [ 1.572672799885849, 6.453465303027052 ], [ 1.586477728756076, 6.424726116291226 ], [ 1.586850753540062, 6.418394265608046 ], [ 1.605276735578197, 6.390479783842366 ], [ 1.59966979335039, 6.398759338431568 ], [ 1.593035829437564, 6.397561142395695 ], [ 1.581254810695774, 6.408497318612282 ], [ 1.57612173755252, 6.40769632496592 ], [ 1.569419222916857, 6.405641333965347 ], [ 1.568326057430638, 6.399482963636054 ], [ 1.57167302641245, 6.393707193573311 ], [ 1.567152356872499, 6.389020274387953 ], [ 1.565742850929025, 6.380176754881147 ], [ 1.559554742106045, 6.376283502527956 ], [ 1.545351855470886, 6.375580329644695 ], [ 1.553932598937544, 6.384027491807831 ], [ 1.551500482259318, 6.393461837723307 ], [ 1.533211865208124, 6.413157332798077 ], [ 1.538484379211811, 6.425858893463793 ], [ 1.529914387720519, 6.449801485392443 ], [ 1.53074555344771, 6.462403549498069 ], [ 1.557198712520891, 6.459202016458982 ], [ 1.564287644687447, 6.461842688907229 ], [ 1.562477690817891, 6.46992507675682 ], [ 1.563888542093809, 6.47414636833424 ], [ 1.557035071514874, 6.48018387343743 ], [ 1.561574496791026, 6.491189668255912 ], [ 1.564229555581591, 6.48877980213421 ], [ 1.578341168442078, 6.488474875726482 ], [ 1.571499973087827, 6.475701951036685 ] ] ] } },
{ "type": "Feature", "properties": { "region": "Maritime", "prefecture": "Vo", "commune": "Vo 3", "canton": "Mome-Hounkpati", "population": 6908, "FRI": 0.0652, "classe_fri": "Tres faible", "rwi_min": -0.296, "urban_ratio": 0.0, "infrastructure_documentee": false, "WUI": 0.2615, "priorite": "Surveillance" }, "geometry": { "type": "Polygon", "coordinates": [ [ [ 1.498249822221255, 6.5671181795861 ], [ 1.523982991634881, 6.569242025916919 ], [ 1.549275670899624, 6.512691727466479 ], [ 1.561574496791026, 6.491189668255912 ], [ 1.557035071514874, 6.48018387343743 ], [ 1.563888542093809, 6.47414636833424 ], [ 1.562477690817891, 6.46992507675682 ], [ 1.564287644687447, 6.461842688907229 ], [ 1.557198712520891, 6.459202016458982 ], [ 1.53074555344771, 6.462403549498069 ], [ 1.539813216592364, 6.4707600406391 ], [ 1.539766256621496, 6.493113101522389 ], [ 1.516363652600483, 6.509323864552067 ], [ 1.498249822221255, 6.5671181795861 ] ] ] } },
{ "type": "Feature", "properties": { "region": "Maritime", "prefecture": "Vo", "commune": "Vo 4", "canton": "Sévagan", "population": 9634, "FRI": 0.1117, "classe_fri": "Faible", "rwi_min": -0.188, "urban_ratio": 0.0, "infrastructure_documentee": false, "WUI": 0.2811, "priorite": "Surveillance" }, "geometry": { "type": "Polygon", "coordinates": [ [ [ 1.380917598810632, 6.328697215753468 ], [ 1.395314539691675, 6.334866482538319 ], [ 1.413533117410534, 6.346707839630683 ], [ 1.428023389766757, 6.347693004984018 ], [ 1.438948624062344, 6.339596546405805 ], [ 1.444185526452908, 6.341370856559076 ], [ 1.449087262693997, 6.336649737716775 ], [ 1.448074477194584, 6.329874658551541 ], [ 1.452647643511323, 6.326710525856759 ], [ 1.477351268105789, 6.292386715593129 ], [ 1.422949863971739, 6.277913891510983 ], [ 1.398669814812354, 6.267489678184789 ], [ 1.391364266048443, 6.273546981350998 ], [ 1.378656386611314, 6.29259835059685 ], [ 1.381388543041691, 6.301368925863363 ], [ 1.386920159175471, 6.306242087563534 ], [ 1.379956879187064, 6.310790353588152 ], [ 1.378199818643624, 6.317222920853777 ], [ 1.380917598810632, 6.328697215753468 ] ] ] } },
{ "type": "Feature", "properties": { "region": "Maritime", "prefecture": "Vo", "commune": "Vo 4", "canton": "Hahotoé", "population": 13188, "FRI": 0.1857, "classe_fri": "Moyen", "rwi_min": -0.475, "urban_ratio": 0.0948, "infrastructure_documentee": false, "WUI": 0.3464, "priorite": "Elevee" }, "geometry": { "type": "Polygon", "coordinates": [ [ [ 1.369415581587111, 6.42232955289322 ], [ 1.387233727065569, 6.422695061314761 ], [ 1.413223392775718, 6.41074417386891 ], [ 1.414172036300693, 6.399409147236878 ], [ 1.408922823695397, 6.39152577650136 ], [ 1.410465921042802, 6.386162377048427 ], [ 1.423159751063155, 6.37995393759396 ], [ 1.438206268511451, 6.368152605121381 ], [ 1.43280592230151, 6.344148839936063 ], [ 1.428023389766757, 6.347693004984018 ], [ 1.413533117410534, 6.346707839630683 ], [ 1.395314539691675, 6.334866482538319 ], [ 1.380917598810632, 6.328697215753468 ], [ 1.380021981796899, 6.331379741472421 ], [ 1.376768153870519, 6.330535023194771 ], [ 1.375141316802481, 6.332549278196358 ], [ 1.378330033999733, 6.334368600564789 ], [ 1.37631268462796, 6.343499078229855 ], [ 1.3785920267165, 6.36400793496962 ], [ 1.384496348283026, 6.378038395358932 ], [ 1.381078568160198, 6.385808890696676 ], [ 1.367658063402848, 6.398743423128671 ], [ 1.37111799395225, 6.409161023271667 ], [ 1.369415581587111, 6.42232955289322 ] ] ] } },
{ "type": "Feature", "properties": { "region": "Maritime", "prefecture": "Vo", "commune": "Vo 4", "canton": "Akoumapé", "population": 16659, "FRI": 0.1039, "classe_fri": "Faible", "rwi_min": -0.471, "urban_ratio": 0.0, "infrastructure_documentee": false, "WUI": 0.304, "priorite": "Moyenne" }, "geometry": { "type": "Polygon", "coordinates": [ [ [ 1.366335582042841, 6.449464528575322 ], [ 1.384183649358838, 6.462264955953658 ], [ 1.404766030761456, 6.497280550597738 ], [ 1.468652620069327, 6.469732669094062 ], [ 1.473941341714361, 6.464981883338391 ], [ 1.469529033698566, 6.447521631292089 ], [ 1.466483624398155, 6.444828332552921 ], [ 1.476366478176253, 6.423650737881765 ], [ 1.483110946386225, 6.419204861754345 ], [ 1.475112068318697, 6.409879093567621 ], [ 1.474684520560372, 6.401964165496267 ], [ 1.467491639738375, 6.393959699721311 ], [ 1.4711057137787, 6.391137697835838 ], [ 1.469233699726516, 6.390531648550125 ], [ 1.469449164223429, 6.38028928939069 ], [ 1.465461955264175, 6.362537316501853 ], [ 1.444185526452908, 6.341370856559076 ], [ 1.438948624062344, 6.339596546405805 ], [ 1.43280592230151, 6.344148839936063 ], [ 1.438206268511451, 6.368152605121381 ], [ 1.423159751063155, 6.37995393759396 ], [ 1.410465921042802, 6.386162377048427 ], [ 1.408922823695397, 6.39152577650136 ], [ 1.414172036300693, 6.399409147236878 ], [ 1.413223392775718, 6.41074417386891 ], [ 1.387233727065569, 6.422695061314761 ], [ 1.369415581587111, 6.42232955289322 ], [ 1.368756503617073, 6.432148659359741 ], [ 1.373920248221974, 6.440983211547453 ], [ 1.372253594608051, 6.445691366319799 ], [ 1.366335582042841, 6.449464528575322 ] ] ] } },
{ "type": "Feature", "properties": { "region": "Maritime", "prefecture": "Yoto", "commune": "Yoto 1", "canton": "Tabligbo", "population": 39263, "FRI": 0.2546, "classe_fri": "Moyen", "rwi_min": -0.371, "urban_ratio": 0.1132, "infrastructure_documentee": false, "WUI": 0.3976, "priorite": "Critique" }, "geometry": { "type": "Polygon", "coordinates": [ [ [ 1.51855831443089, 6.613843780285616 ], [ 1.524320928429589, 6.599745447780066 ], [ 1.536644697169147, 6.581704728082346 ], [ 1.538422789759495, 6.573349183460277 ], [ 1.522045767600557, 6.568691053060203 ], [ 1.441948604747755, 6.560525956331431 ], [ 1.42798582560702, 6.565121186329427 ], [ 1.441449877293518, 6.597948707449032 ], [ 1.448401365903392, 6.621815521406329 ], [ 1.461360399272313, 6.620005454560975 ], [ 1.50191825706986, 6.620858747738194 ], [ 1.51855831443089, 6.613843780285616 ] ] ] } },
{ "type": "Feature", "properties": { "region": "Maritime", "prefecture": "Yoto", "commune": "Yoto 1", "canton": "Amoussimé", "population": 13435, "FRI": 0.0725, "classe_fri": "Tres faible", "rwi_min": -0.536, "urban_ratio": 0.0, "infrastructure_documentee": false, "WUI": 0.2891, "priorite": "Surveillance" }, "geometry": { "type": "Polygon", "coordinates": [ [ [ 1.53866897654014, 6.661698735702529 ], [ 1.552167092685011, 6.663225850668987 ], [ 1.56111036666358, 6.657130917048145 ], [ 1.547937440428194, 6.642304630325451 ], [ 1.550411189608983, 6.637649579316365 ], [ 1.54382224612668, 6.63118029289538 ], [ 1.548230040810015, 6.618906855267029 ], [ 1.527098532161946, 6.608377408308126 ], [ 1.524112897124694, 6.61202971710762 ], [ 1.519578280147876, 6.610991828844718 ], [ 1.51855831443089, 6.613843780285616 ], [ 1.50191825706986, 6.620858747738194 ], [ 1.461360399272313, 6.620005454560975 ], [ 1.448401365903392, 6.621815521406329 ], [ 1.461827152660215, 6.663124296388621 ], [ 1.511975835192301, 6.65315267439375 ], [ 1.533357961477706, 6.658365065125617 ], [ 1.53866897654014, 6.661698735702529 ] ] ] } },
{ "type": "Feature", "properties": { "region": "Maritime", "prefecture": "Yoto", "commune": "Yoto 1", "canton": "Kouvé", "population": 17162, "FRI": 0.2105, "classe_fri": "Moyen", "rwi_min": -0.904, "urban_ratio": 0.0, "infrastructure_documentee": false, "WUI": 0.3959, "priorite": "Critique" }, "geometry": { "type": "Polygon", "coordinates": [ [ [ 1.458133066673763, 6.799750049246431 ], [ 1.475110382375366, 6.775284824294293 ], [ 1.493497474919236, 6.778286438569365 ], [ 1.501376521722788, 6.775511373572652 ], [ 1.50057714683777, 6.768558551658741 ], [ 1.492693805572299, 6.764974544635221 ], [ 1.482142286967721, 6.765472660826452 ], [ 1.469892651203299, 6.74554880829252 ], [ 1.447914183225865, 6.73370265455935 ], [ 1.41481939410473, 6.726067153324477 ], [ 1.406741776720787, 6.715905397965748 ], [ 1.418466126470971, 6.703104989868587 ], [ 1.458416497112903, 6.679485421814497 ], [ 1.461827152660215, 6.663124296388621 ], [ 1.448920901252112, 6.623599206138225 ], [ 1.392067633969351, 6.638090702109823 ], [ 1.358328450522919, 6.655693964873564 ], [ 1.357310347104668, 6.685999931164364 ], [ 1.366409453225861, 6.693366270913288 ], [ 1.354737933832578, 6.718955086907372 ], [ 1.350952165061429, 6.739261092236869 ], [ 1.336402458161861, 6.744568891557639 ], [ 1.306939300162917, 6.748521539726224 ], [ 1.288417297323597, 6.743799639892631 ], [ 1.252943429209548, 6.756307978172706 ], [ 1.304447889663927, 6.80526900296824 ], [ 1.39526557886599, 6.856753406420392 ], [ 1.416072522148397, 6.859272146581615 ], [ 1.436618286263139, 6.858204752344031 ], [ 1.465120164006231, 6.851358233154251 ], [ 1.467123458391573, 6.827289966288062 ], [ 1.458133066673763, 6.799750049246431 ] ] ] } },
{ "type": "Feature", "properties": { "region": "Maritime", "prefecture": "Yoto", "commune": "Yoto 1", "canton": "Kini-Kondji", "population": 6193, "FRI": 0.0715, "classe_fri": "Tres faible", "rwi_min": -0.554, "urban_ratio": 0.0, "infrastructure_documentee": false, "WUI": 0.2841, "priorite": "Surveillance" }, "geometry": { "type": "Polygon", "coordinates": [ [ [ 1.553919741777719, 6.621441866758419 ], [ 1.565489268102682, 6.606987852884348 ], [ 1.596963282144472, 6.603759517705226 ], [ 1.598369534311129, 6.597027310337591 ], [ 1.612199256024252, 6.592031716024715 ], [ 1.637807805647392, 6.59232870286802 ], [ 1.646466281556006, 6.580621885185571 ], [ 1.584422591744229, 6.587595515252135 ], [ 1.538422789759495, 6.573349183460277 ], [ 1.536644697169147, 6.581704728082346 ], [ 1.524320928429589, 6.599745447780066 ], [ 1.519578280147876, 6.610991828844718 ], [ 1.524112897124694, 6.61202971710762 ], [ 1.527098532161946, 6.608377408308126 ], [ 1.553919741777719, 6.621441866758419 ] ] ] } },
{ "type": "Feature", "properties": { "region": "Maritime", "prefecture": "Yoto", "commune": "Yoto 2", "canton": "Tchékpo", "population": 16091, "FRI": 0.0762, "classe_fri": "Tres faible", "rwi_min": -1.01, "urban_ratio": 0.0, "infrastructure_documentee": false, "WUI": 0.3293, "priorite": "Elevee" }, "geometry": { "type": "Polygon", "coordinates": [ [ [ 1.297019555910888, 6.59398648714686 ], [ 1.334368525347433, 6.603629941353045 ], [ 1.357909167093795, 6.594384323903759 ], [ 1.373100784968699, 6.566634141586873 ], [ 1.405685866098251, 6.572459175749788 ], [ 1.441948604747755, 6.560525956331431 ], [ 1.384183649358838, 6.462264955953658 ], [ 1.366335582042841, 6.449464528575322 ], [ 1.355291337435691, 6.459534762874533 ], [ 1.355332089075968, 6.46395881240055 ], [ 1.348089470179935, 6.478774811542927 ], [ 1.346366602001561, 6.492307286178471 ], [ 1.33974870829604, 6.498553902627701 ], [ 1.338722076904338, 6.504639872723307 ], [ 1.330532307411514, 6.515246459013795 ], [ 1.324967667434525, 6.514756216958683 ], [ 1.310056402996682, 6.536728942628789 ], [ 1.305063317172815, 6.539604987187193 ], [ 1.309994722808806, 6.550114731924593 ], [ 1.310397095915532, 6.558106845649437 ], [ 1.305903974366853, 6.560655719032494 ], [ 1.304984923913327, 6.568506262862378 ], [ 1.29625958825442, 6.587919815845928 ], [ 1.297019555910888, 6.59398648714686 ] ] ] } },
{ "type": "Feature", "properties": { "region": "Maritime", "prefecture": "Yoto", "commune": "Yoto 2", "canton": "Ahépé", "population": 12717, "FRI": 0.0759, "classe_fri": "Tres faible", "rwi_min": -0.453, "urban_ratio": 0.0, "infrastructure_documentee": false, "WUI": 0.2841, "priorite": "Surveillance" }, "geometry": { "type": "Polygon", "coordinates": [ [ [ 1.344559601770681, 6.599627577643831 ], [ 1.354830295803733, 6.608674433446925 ], [ 1.377767359662365, 6.61572832048573 ], [ 1.387593641003542, 6.615309818348321 ], [ 1.40918408657029, 6.634570790725152 ], [ 1.448920901252112, 6.623599206138225 ], [ 1.441449877293518, 6.597948707449032 ], [ 1.42798582560702, 6.565121186329427 ], [ 1.405685866098251, 6.572459175749788 ], [ 1.373100784968699, 6.566634141586873 ], [ 1.357909167093795, 6.594384323903759 ], [ 1.344559601770681, 6.599627577643831 ] ] ] } },
{ "type": "Feature", "properties": { "region": "Maritime", "prefecture": "Yoto", "commune": "Yoto 2", "canton": "Zafi", "population": 12273, "FRI": 0.0729, "classe_fri": "Tres faible", "rwi_min": -0.708, "urban_ratio": 0.0, "infrastructure_documentee": false, "WUI": 0.3015, "priorite": "Moyenne" }, "geometry": { "type": "Polygon", "coordinates": [ [ [ 1.252943429209548, 6.756307978172706 ], [ 1.288417297323597, 6.743799639892631 ], [ 1.306939300162917, 6.748521539726224 ], [ 1.336402458161861, 6.744568891557639 ], [ 1.350952165061429, 6.739261092236869 ], [ 1.354737933832578, 6.718955086907372 ], [ 1.366409453225861, 6.693366270913288 ], [ 1.357310347104668, 6.685999931164364 ], [ 1.358328450522919, 6.655693964873564 ], [ 1.392067633969351, 6.638090702109823 ], [ 1.40918408657029, 6.634570790725152 ], [ 1.387593641003542, 6.615309818348321 ], [ 1.377767359662365, 6.61572832048573 ], [ 1.354830295803733, 6.608674433446925 ], [ 1.344559601770681, 6.599627577643831 ], [ 1.334368525347433, 6.603629941353045 ], [ 1.297019555910888, 6.59398648714686 ], [ 1.289749432294546, 6.597898671235341 ], [ 1.288774326401267, 6.609256724417579 ], [ 1.294787323909775, 6.614611277856443 ], [ 1.291852175127755, 6.63268503669068 ], [ 1.298515188290422, 6.642014909883324 ], [ 1.302764094558707, 6.666363043072291 ], [ 1.306219654612749, 6.671741235186661 ], [ 1.303373823552785, 6.673669290510071 ], [ 1.30581150010452, 6.676238142362581 ], [ 1.301847696883067, 6.681108950363686 ], [ 1.302864019484775, 6.684356133418246 ], [ 1.299408457263493, 6.686182710754815 ], [ 1.290058096246949, 6.683341362280756 ], [ 1.276519095935199, 6.692385881847095 ], [ 1.268594294398139, 6.693096729111904 ], [ 1.262619860430411, 6.698221572683394 ], [ 1.258806268621986, 6.694604290216599 ], [ 1.257407865492787, 6.699744688218764 ], [ 1.251369571073562, 6.703361968762502 ], [ 1.246157577613977, 6.699935057484721 ], [ 1.243678678712469, 6.702029290884388 ], [ 1.244309174491308, 6.712347762770039 ], [ 1.241448823073428, 6.713045863196031 ], [ 1.239510173540002, 6.70892081799231 ], [ 1.225999739796434, 6.71935918387107 ], [ 1.235089031402035, 6.724245686048759 ], [ 1.232927957433854, 6.727038055878872 ], [ 1.241762975954097, 6.726213007008569 ], [ 1.243914392335785, 6.733390474235902 ], [ 1.237544068099386, 6.741289037379938 ], [ 1.252943429209548, 6.756307978172706 ] ] ] } },
{ "type": "Feature", "properties": { "region": "Maritime", "prefecture": "Yoto", "commune": "Yoto 3", "canton": "Gboto", "population": 13883, "FRI": 0.0722, "classe_fri": "Tres faible", "rwi_min": -0.691, "urban_ratio": 0.0, "infrastructure_documentee": false, "WUI": 0.3011, "priorite": "Moyenne" }, "geometry": { "type": "Polygon", "coordinates": [ [ [ 1.489319866913693, 6.732208145253845 ], [ 1.493325664549578, 6.717016630625626 ], [ 1.499916085435175, 6.709024626631571 ], [ 1.515685103391762, 6.699033110485488 ], [ 1.529017468293483, 6.696466798170865 ], [ 1.535142190307669, 6.682463462503446 ], [ 1.540374321699608, 6.676300778207599 ], [ 1.536051173785444, 6.66899959354247 ], [ 1.53866897654014, 6.661698735702529 ], [ 1.533357961477706, 6.658365065125617 ], [ 1.511975835192301, 6.65315267439375 ], [ 1.461827152660215, 6.663124296388621 ], [ 1.458416497112903, 6.679485421814497 ], [ 1.418466126470971, 6.703104989868587 ], [ 1.406741776720787, 6.715905397965748 ], [ 1.41481939410473, 6.726067153324477 ], [ 1.447914183225865, 6.73370265455935 ], [ 1.469892651203299, 6.74554880829252 ], [ 1.489319866913693, 6.732208145253845 ] ] ] } },
{ "type": "Feature", "properties": { "region": "Maritime", "prefecture": "Yoto", "commune": "Yoto 3", "canton": "Tométy-Kondji", "population": 5379, "FRI": 0.0697, "classe_fri": "Tres faible", "rwi_min": -0.551, "urban_ratio": 0.0, "infrastructure_documentee": false, "WUI": 0.2822, "priorite": "Surveillance" }, "geometry": { "type": "Polygon", "coordinates": [ [ [ 1.582201681564858, 6.91027177212738 ], [ 1.605777864045515, 6.905436178059489 ], [ 1.603241377308617, 6.89238060417397 ], [ 1.606593985393913, 6.878793510116945 ], [ 1.604398871593194, 6.874180419575721 ], [ 1.598339126287294, 6.871595874479381 ], [ 1.597103738931547, 6.86764898886502 ], [ 1.60091291915729, 6.853080333512009 ], [ 1.543817818984296, 6.852592517397706 ], [ 1.529463220721104, 6.82080126855412 ], [ 1.544380202203206, 6.798329840596296 ], [ 1.561130633363979, 6.779899456973303 ], [ 1.557042065674922, 6.747281534150482 ], [ 1.537937127491349, 6.743825485939865 ], [ 1.536451690940125, 6.756129158695891 ], [ 1.52322856922337, 6.757935454937957 ], [ 1.514501839870519, 6.745890506686522 ], [ 1.489319866913693, 6.732208145253845 ], [ 1.469892651203299, 6.74554880829252 ], [ 1.482142286967721, 6.765472660826452 ], [ 1.492693805572299, 6.764974544635221 ], [ 1.50057714683777, 6.768558551658741 ], [ 1.501376521722788, 6.775511373572652 ], [ 1.493497474919236, 6.778286438569365 ], [ 1.475110382375366, 6.775284824294293 ], [ 1.458133066673763, 6.799750049246431 ], [ 1.467123458391573, 6.827289966288062 ], [ 1.465120164006231, 6.851358233154251 ], [ 1.48055064469007, 6.847640603484759 ], [ 1.50293523413308, 6.871865045289526 ], [ 1.576491277024936, 6.907741718518122 ], [ 1.582201681564858, 6.91027177212738 ] ] ] } },
{ "type": "Feature", "properties": { "region": "Maritime", "prefecture": "Yoto", "commune": "Yoto 3", "canton": "Sendome", "population": 7529, "FRI": 0.0743, "classe_fri": "Tres faible", "rwi_min": -0.622, "urban_ratio": 0.0, "infrastructure_documentee": false, "WUI": 0.2918, "priorite": "Surveillance" }, "geometry": { "type": "Polygon", "coordinates": [ [ [ 1.60091291915729, 6.853080333512009 ], [ 1.600900881438858, 6.837701088636465 ], [ 1.598050481021731, 6.830240250875189 ], [ 1.601746455939581, 6.826363506679919 ], [ 1.610142255121655, 6.827516208101976 ], [ 1.612454585740047, 6.825873625673131 ], [ 1.610641370449573, 6.822222713623495 ], [ 1.602129109720457, 6.818478045188406 ], [ 1.594506505104245, 6.805361264273289 ], [ 1.594132332584811, 6.79964986802999 ], [ 1.597236235780206, 6.796651811095982 ], [ 1.609273695323946, 6.795254294841083 ], [ 1.612803610365003, 6.790744494878381 ], [ 1.614726543373391, 6.786378871542961 ], [ 1.608386851951183, 6.775758446591806 ], [ 1.608780391999924, 6.77059255014796 ], [ 1.586849675466913, 6.747372499015909 ], [ 1.557042065674922, 6.747281534150482 ], [ 1.561130633363979, 6.779899456973303 ], [ 1.544380202203206, 6.798329840596296 ], [ 1.529463220721104, 6.82080126855412 ], [ 1.543817818984296, 6.852592517397706 ], [ 1.60091291915729, 6.853080333512009 ] ] ] } },
{ "type": "Feature", "properties": { "region": "Maritime", "prefecture": "Yoto", "commune": "Yoto 3", "canton": "Essé-Godjin", "population": 11335, "FRI": 0.1138, "classe_fri": "Faible", "rwi_min": -0.803, "urban_ratio": 0.0, "infrastructure_documentee": false, "WUI": 0.3304, "priorite": "Elevee" }, "geometry": { "type": "Polygon", "coordinates": [ [ [ 1.608795219455232, 6.770505161501117 ], [ 1.614318016748681, 6.764354675983141 ], [ 1.625435863413675, 6.762166540178086 ], [ 1.615860147955558, 6.753161532250027 ], [ 1.621389038075182, 6.745099891987279 ], [ 1.622258459231057, 6.735919843795439 ], [ 1.603421030192666, 6.732208262897405 ], [ 1.599200185364733, 6.729102310158266 ], [ 1.599665933175186, 6.722395081432896 ], [ 1.597265573296829, 6.720317359823554 ], [ 1.595395942437843, 6.72132262266476 ], [ 1.597697700747407, 6.727504567052306 ], [ 1.591307187945942, 6.728391423081656 ], [ 1.588580574467934, 6.723324261703954 ], [ 1.590805405596031, 6.717428150144008 ], [ 1.588456256971783, 6.710514447760437 ], [ 1.59299357736985, 6.702671912992193 ], [ 1.581228346484604, 6.690089028602967 ], [ 1.57672298236325, 6.691179628511383 ], [ 1.574559956744618, 6.68860652432877 ], [ 1.579996188430624, 6.682980147163599 ], [ 1.584030876200784, 6.685955425385227 ], [ 1.586377817655513, 6.684970153085989 ], [ 1.589555011320562, 6.679907557314549 ], [ 1.588023043416073, 6.673504631391224 ], [ 1.593813463976381, 6.676205845271476 ], [ 1.59624603432314, 6.67340191040774 ], [ 1.586975005701422, 6.662726017717453 ], [ 1.571806280879934, 6.665027848681737 ], [ 1.565357547448872, 6.669156613820749 ], [ 1.559326025060913, 6.667537260635583 ], [ 1.553667763799235, 6.662203152463044 ], [ 1.53866897654014, 6.661698735702529 ], [ 1.536051173785444, 6.66899959354247 ], [ 1.540374321699608, 6.676300778207599 ], [ 1.535142190307669, 6.682463462503446 ], [ 1.529017468293483, 6.696466798170865 ], [ 1.515685103391762, 6.699033110485488 ], [ 1.499916085435175, 6.709024626631571 ], [ 1.493325664549578, 6.717016630625626 ], [ 1.489319866913693, 6.732208145253845 ], [ 1.514501839870519, 6.745890506686522 ], [ 1.52322856922337, 6.757935454937957 ], [ 1.536451690940125, 6.756129158695891 ], [ 1.537937127491349, 6.743825485939865 ], [ 1.556974439558155, 6.747285021001157 ], [ 1.586849675466913, 6.747372499015909 ], [ 1.608795219455232, 6.770505161501117 ] ] ] } },
{ "type": "Feature", "properties": { "region": "Maritime", "prefecture": "Yoto", "commune": "Yoto 3", "canton": "Tokpli", "population": 14721, "FRI": 0.12, "classe_fri": "Faible", "rwi_min": -0.453, "urban_ratio": 0.0, "infrastructure_documentee": false, "WUI": 0.3099, "priorite": "Moyenne" }, "geometry": { "type": "Polygon", "coordinates": [ [ [ 1.596284717803934, 6.673320010223662 ], [ 1.607157947339761, 6.663260556813544 ], [ 1.607106780716878, 6.659416297225616 ], [ 1.603467732870488, 6.6568763520049 ], [ 1.606668008595639, 6.652284846806507 ], [ 1.614747264029718, 6.650298675474694 ], [ 1.611405536662719, 6.643456685954646 ], [ 1.60133438780535, 6.643787953660409 ], [ 1.602464612338233, 6.634404073784414 ], [ 1.60640357657382, 6.631668475718938 ], [ 1.60297605974258, 6.624534825553498 ], [ 1.611033804552313, 6.625636263622773 ], [ 1.609943239407522, 6.612067168112606 ], [ 1.622957758740343, 6.600980131440906 ], [ 1.628408119530324, 6.603152851269621 ], [ 1.635516457180535, 6.59992342868711 ], [ 1.637807805647392, 6.59232870286802 ], [ 1.612199256024252, 6.592031716024715 ], [ 1.598369534311129, 6.597027310337591 ], [ 1.596963282144472, 6.603759517705226 ], [ 1.565489268102682, 6.606987852884348 ], [ 1.553919741777719, 6.621441866758419 ], [ 1.548230040810015, 6.618906855267029 ], [ 1.544496189376966, 6.625719099137509 ], [ 1.54382224612668, 6.63118029289538 ], [ 1.550411189608983, 6.637649579316365 ], [ 1.547937440428194, 6.642304630325451 ], [ 1.56111036666358, 6.657130917048145 ], [ 1.553667763799235, 6.662203152463044 ], [ 1.559326025060913, 6.667537260635583 ], [ 1.565357547448872, 6.669156613820749 ], [ 1.571806280879934, 6.665027848681737 ], [ 1.586975005701422, 6.662726017717453 ], [ 1.596284717803934, 6.673320010223662 ] ] ] } },
{ "type": "Feature", "properties": { "region": "Maritime", "prefecture": "Zio", "commune": "Zio 1", "canton": "Tsévié", "population": 37729, "FRI": 0.3867, "classe_fri": "Eleve", "rwi_min": -0.505, "urban_ratio": 0.1375, "infrastructure_documentee": false, "WUI": 0.479, "priorite": "Critique" }, "geometry": { "type": "Polygon", "coordinates": [ [ [ 1.144509863551216, 6.556147209628248 ], [ 1.21794299011106, 6.526077544530761 ], [ 1.231371096738946, 6.507003309374773 ], [ 1.259077248655407, 6.411873009052462 ], [ 1.206148556978605, 6.401229806737661 ], [ 1.191492285925724, 6.394736158325029 ], [ 1.170884070209803, 6.404641874548409 ], [ 1.187099257530473, 6.435018248722834 ], [ 1.192913819461208, 6.441644092993821 ], [ 1.182104270043939, 6.512289100663688 ], [ 1.149214349038083, 6.545835574069933 ], [ 1.144509863551216, 6.556147209628248 ] ] ] } },
{ "type": "Feature", "properties": { "region": "Maritime", "prefecture": "Zio", "commune": "Zio 1", "canton": "Davié", "population": 28584, "FRI": 0.246, "classe_fri": "Moyen", "rwi_min": -0.514, "urban_ratio": 0.0916, "infrastructure_documentee": false, "WUI": 0.395, "priorite": "Critique" }, "geometry": { "type": "Polygon", "coordinates": [ [ [ 1.229681083863358, 6.405733234232549 ], [ 1.22594944599942, 6.384251252265192 ], [ 1.226304801210323, 6.361580664872085 ], [ 1.205071447394067, 6.359456103770098 ], [ 1.195209240563774, 6.334564077384012 ], [ 1.189069666311602, 6.308336515332424 ], [ 1.192135717152427, 6.298575805958393 ], [ 1.186185464919619, 6.296443912433619 ], [ 1.18018938624822, 6.298887666684089 ], [ 1.175390383802693, 6.297029703705078 ], [ 1.152584225728671, 6.313622926253216 ], [ 1.148549532713095, 6.327764123905099 ], [ 1.140364816900582, 6.337113095585716 ], [ 1.131488127509322, 6.342911789572239 ], [ 1.120477197363488, 6.356965541730138 ], [ 1.168360329403969, 6.386544265088763 ], [ 1.174654744284332, 6.402829532163903 ], [ 1.191492285925724, 6.394736158325029 ], [ 1.206148556978605, 6.401229806737661 ], [ 1.229681083863358, 6.405733234232549 ] ] ] } },
{ "type": "Feature", "properties": { "region": "Maritime", "prefecture": "Zio", "commune": "Zio 1", "canton": "Gblainvié", "population": 6032, "FRI": 0.0731, "classe_fri": "Tres faible", "rwi_min": -0.826, "urban_ratio": 0.0, "infrastructure_documentee": false, "WUI": 0.3054, "priorite": "Moyenne" }, "geometry": { "type": "Polygon", "coordinates": [ [ [ 1.144509863551216, 6.556147209628248 ], [ 1.149214349038083, 6.545835574069933 ], [ 1.182104270043939, 6.512289100663688 ], [ 1.192913819461208, 6.441644092993821 ], [ 1.187099257530473, 6.435018248722834 ], [ 1.177630809356405, 6.449382473184608 ], [ 1.142684838504707, 6.463052319676903 ], [ 1.11115236715023, 6.452617765738696 ], [ 1.092613895566311, 6.46895221536803 ], [ 1.086966216071307, 6.471078272093489 ], [ 1.077661589931342, 6.467951346797813 ], [ 1.064630759430018, 6.468442522739403 ], [ 1.062117509499489, 6.474886840831176 ], [ 1.058290487200476, 6.473404093263791 ], [ 1.054549185278793, 6.475000933227708 ], [ 1.060405419807846, 6.482449338487251 ], [ 1.060176985351391, 6.486726564051624 ], [ 1.05492205025677, 6.490490531158797 ], [ 1.052126497271328, 6.497287045671306 ], [ 1.041276944077642, 6.505295507911387 ], [ 1.032710173757099, 6.517777304575831 ], [ 1.066339340441414, 6.537189532657157 ], [ 1.144509863551216, 6.556147209628248 ] ] ] } },
{ "type": "Feature", "properties": { "region": "Maritime", "prefecture": "Zio", "commune": "Zio 1", "canton": "Abobo", "population": 32764, "FRI": 0.2638, "classe_fri": "Moyen", "rwi_min": -0.715, "urban_ratio": 0.0809, "infrastructure_documentee": false, "WUI": 0.4235, "priorite": "Critique" }, "geometry": { "type": "Polygon", "coordinates": [ [ [ 1.333271277150975, 6.290837066245546 ], [ 1.371421494186996, 6.279766931218015 ], [ 1.371360983906659, 6.288738681956181 ], [ 1.378656386611314, 6.29259835059685 ], [ 1.391364266048443, 6.273546981350998 ], [ 1.392865112045256, 6.235983482741337 ], [ 1.383863421061119, 6.206886158109128 ], [ 1.35251102738039, 6.198069084108323 ], [ 1.328463700562173, 6.203532362346494 ], [ 1.317881224790139, 6.194641609110621 ], [ 1.30891949435849, 6.194641605808672 ], [ 1.307923777640676, 6.202967944120558 ], [ 1.295227922983345, 6.215768167308644 ], [ 1.301095340980368, 6.233804337009602 ], [ 1.294850669451044, 6.249411087924913 ], [ 1.281690931257354, 6.265875891409749 ], [ 1.279294758572544, 6.280744460858918 ], [ 1.270590081896013, 6.290470213463405 ], [ 1.281942549392129, 6.293541679132948 ], [ 1.297079313882223, 6.291013963708304 ], [ 1.333271277150975, 6.290837066245546 ] ] ] } },
{ "type": "Feature", "properties": { "region": "Maritime", "prefecture": "Zio", "commune": "Zio 1", "canton": "Djagblé", "population": 22871, "FRI": 0.3235, "classe_fri": "Eleve", "rwi_min": 0.013, "urban_ratio": 0.6318, "infrastructure_documentee": false, "WUI": 0.3929, "priorite": "Critique" }, "geometry": { "type": "Polygon", "coordinates": [ [ [ 1.251141041170782, 6.277230191220377 ], [ 1.280735291627271, 6.271805954322648 ], [ 1.281690931257354, 6.265875891409749 ], [ 1.294850669451044, 6.249411087924913 ], [ 1.301095340980368, 6.233804337009602 ], [ 1.295227922983345, 6.215768167308644 ], [ 1.286346635062098, 6.217335574090456 ], [ 1.281367750242418, 6.238586425738327 ], [ 1.268783693083418, 6.251934471123604 ], [ 1.261564499466558, 6.252928635323049 ], [ 1.251398418290829, 6.261580916485391 ], [ 1.249004614410298, 6.267385476793029 ], [ 1.251141041170782, 6.277230191220377 ] ] ] } },
{ "type": "Feature", "properties": { "region": "Maritime", "prefecture": "Zio", "commune": "Zio 1", "canton": "Kpomé", "population": 11852, "FRI": 0.1014, "classe_fri": "Faible", "rwi_min": -0.18, "urban_ratio": 0.0, "infrastructure_documentee": false, "WUI": 0.2766, "priorite": "Surveillance" }, "geometry": { "type": "Polygon", "coordinates": [ [ [ 1.384496348283026, 6.378038395358932 ], [ 1.3785920267165, 6.36400793496962 ], [ 1.37631268462796, 6.343499078229855 ], [ 1.378330033999733, 6.334368600564789 ], [ 1.375141316802481, 6.332549278196358 ], [ 1.376768153870519, 6.330535023194771 ], [ 1.380021981796899, 6.331379741472421 ], [ 1.381648976332773, 6.326506582809028 ], [ 1.377874575451985, 6.320723726357587 ], [ 1.379956879187064, 6.310790353588152 ], [ 1.386920159175471, 6.306242087563534 ], [ 1.381388543041691, 6.301368925863363 ], [ 1.378656386611314, 6.29259835059685 ], [ 1.371360983906659, 6.288738681956181 ], [ 1.371421494186996, 6.279766931218015 ], [ 1.333271277150975, 6.290837066245546 ], [ 1.287149344840969, 6.292672241798241 ], [ 1.292997274247854, 6.315427813388744 ], [ 1.319335895119203, 6.317666746851946 ], [ 1.320564350479627, 6.323477852437234 ], [ 1.31843767261544, 6.355899546143049 ], [ 1.302860921334528, 6.376862073681943 ], [ 1.321387541114987, 6.388568119560189 ], [ 1.374121690653949, 6.392695819520065 ], [ 1.381078568160198, 6.385808890696676 ], [ 1.384496348283026, 6.378038395358932 ] ] ] } },
{ "type": "Feature", "properties": { "region": "Maritime", "prefecture": "Zio", "commune": "Zio 1", "canton": "Dalavé", "population": 24395, "FRI": 0.2119, "classe_fri": "Moyen", "rwi_min": -0.461, "urban_ratio": 0.0172, "infrastructure_documentee": true, "WUI": 0.2689, "priorite": "Surveillance" }, "geometry": { "type": "Polygon", "coordinates": [ [ [ 1.292997274247854, 6.315427813388744 ], [ 1.287149344840969, 6.292672241798241 ], [ 1.281942549392129, 6.293541679132948 ], [ 1.270590081896013, 6.290470213463405 ], [ 1.279294758572544, 6.280744460858918 ], [ 1.280735291627271, 6.271805954322648 ], [ 1.251141041170782, 6.277230191220377 ], [ 1.256755257961897, 6.309831692818799 ], [ 1.249638793453263, 6.339983730689086 ], [ 1.248926022949379, 6.353456921898083 ], [ 1.233261513160967, 6.354298175946027 ], [ 1.226304801210323, 6.361580664872085 ], [ 1.22594944599942, 6.384251252265192 ], [ 1.229681083863358, 6.405733234232549 ], [ 1.259077248655407, 6.411873009052462 ], [ 1.294707133645336, 6.387834030826861 ], [ 1.31843767261544, 6.355899546143049 ], [ 1.319335895119203, 6.317666746851946 ], [ 1.292997274247854, 6.315427813388744 ] ] ] } },
{ "type": "Feature", "properties": { "region": "Maritime", "prefecture": "Zio", "commune": "Zio 1", "canton": "Gbatopé", "population": 17899, "FRI": 0.0916, "classe_fri": "Tres faible", "rwi_min": -0.624, "urban_ratio": 0.0, "infrastructure_documentee": true, "WUI": 0.2099, "priorite": "Surveillance" }, "geometry": { "type": "Polygon", "coordinates": [ [ [ 1.305903974366853, 6.560655719032494 ], [ 1.310397095915532, 6.558106845649437 ], [ 1.309994722808806, 6.550114731924593 ], [ 1.305063317172815, 6.539604987187193 ], [ 1.310056402996682, 6.536728942628789 ], [ 1.324967667434525, 6.514756216958683 ], [ 1.330532307411514, 6.515246459013795 ], [ 1.338722076904338, 6.504639872723307 ], [ 1.33974870829604, 6.498553902627701 ], [ 1.346366602001561, 6.492307286178471 ], [ 1.348089470179935, 6.478774811542927 ], [ 1.355332089075968, 6.46395881240055 ], [ 1.355291337435691, 6.459534762874533 ], [ 1.362733190003119, 6.450795332797044 ], [ 1.372253594608051, 6.445691366319799 ], [ 1.373920248221974, 6.440983211547453 ], [ 1.368065423817864, 6.428942260194112 ], [ 1.37111799395225, 6.409161023271667 ], [ 1.367658063402848, 6.398743423128671 ], [ 1.374121690653949, 6.392695819520065 ], [ 1.321387541114987, 6.388568119560189 ], [ 1.302860921334528, 6.376862073681943 ], [ 1.294707133645336, 6.387834030826861 ], [ 1.259077248655407, 6.411873009052462 ], [ 1.231371096738946, 6.507003309374773 ], [ 1.21794299011106, 6.526077544530761 ], [ 1.305903974366853, 6.560655719032494 ] ] ] } },
{ "type": "Feature", "properties": { "region": "Maritime", "prefecture": "Zio", "commune": "Zio 2", "canton": "Mission-Tové", "population": 25356, "FRI": 0.2021, "classe_fri": "Moyen", "rwi_min": -0.24, "urban_ratio": 0.0295, "infrastructure_documentee": false, "WUI": 0.3475, "priorite": "Elevee" }, "geometry": { "type": "Polygon", "coordinates": [ [ [ 1.121037145215696, 6.281685410301439 ], [ 1.093076366690253, 6.268903841074114 ], [ 1.086711559376301, 6.293504875364726 ], [ 1.098286202111211, 6.298394255834683 ], [ 1.093064766157841, 6.306432329713294 ], [ 1.119771148579771, 6.337708980810932 ], [ 1.116881312689192, 6.344208625618037 ], [ 1.109950870064287, 6.350006940291999 ], [ 1.107206845310744, 6.359806801279347 ], [ 1.113042670136565, 6.362452015683781 ], [ 1.148549532713095, 6.327764123905099 ], [ 1.152584225728671, 6.313622926253216 ], [ 1.165569406602849, 6.304567866918758 ], [ 1.142928496777661, 6.287435772763578 ], [ 1.133506260746011, 6.282821516867498 ], [ 1.121037145215696, 6.281685410301439 ] ] ] } },
{ "type": "Feature", "properties": { "region": "Maritime", "prefecture": "Zio", "commune": "Zio 2", "canton": "Kovié", "population": 15884, "FRI": 0.0915, "classe_fri": "Tres faible", "rwi_min": -0.799, "urban_ratio": 0.0, "infrastructure_documentee": false, "WUI": 0.3215, "priorite": "Moyenne" }, "geometry": { "type": "Polygon", "coordinates": [ [ [ 1.097761592386749, 6.376536242684913 ], [ 1.113042670136565, 6.362452015683781 ], [ 1.107206845310744, 6.359806801279347 ], [ 1.109950870064287, 6.350006940291999 ], [ 1.116881312689192, 6.344208625618037 ], [ 1.119771148579771, 6.337708980810932 ], [ 1.093064766157841, 6.306432329713294 ], [ 1.098286202111211, 6.298394255834683 ], [ 1.086711559376301, 6.293504875364726 ], [ 1.078895372419462, 6.293549707526831 ], [ 1.056879849337371, 6.306811981232959 ], [ 1.047663929575961, 6.316645073414514 ], [ 1.043027564510584, 6.31773713468275 ], [ 1.040848576739249, 6.326713485420165 ], [ 1.026871967158924, 6.324965947127188 ], [ 1.01635867634733, 6.325496931421739 ], [ 1.013904570799346, 6.32756139003695 ], [ 1.016639964321512, 6.331146175352041 ], [ 1.027398741299191, 6.330012435332366 ], [ 1.031802307775891, 6.332710734502061 ], [ 1.03016540508049, 6.342867654328192 ], [ 1.051264309714151, 6.364080461240866 ], [ 1.030737494367227, 6.380720879023482 ], [ 1.029326536691547, 6.391262143688821 ], [ 1.043906335715784, 6.394418943482392 ], [ 1.097761592386749, 6.376536242684913 ] ] ] } },
{ "type": "Feature", "properties": { "region": "Maritime", "prefecture": "Zio", "commune": "Zio 2", "canton": "Wli", "population": 3654, "FRI": 0.0609, "classe_fri": "Tres faible", "rwi_min": -0.667, "urban_ratio": 0.0, "infrastructure_documentee": false, "WUI": 0.2847, "priorite": "Surveillance" }, "geometry": { "type": "Polygon", "coordinates": [ [ [ 1.174654744284332, 6.402829532163903 ], [ 1.168360329403969, 6.386544265088763 ], [ 1.120477197363488, 6.356965541730138 ], [ 1.106140771955602, 6.367292342895947 ], [ 1.094278325974535, 6.382235743862077 ], [ 1.097404976753209, 6.387069674069156 ], [ 1.10334654414981, 6.386959647303308 ], [ 1.102615098990278, 6.391299826785568 ], [ 1.098314967210493, 6.39259026554866 ], [ 1.097343924466202, 6.401772034143121 ], [ 1.101001064411556, 6.411496647794413 ], [ 1.100144316744463, 6.414633299092529 ], [ 1.180331362754578, 6.421806358468865 ], [ 1.170884070209803, 6.404641874548409 ], [ 1.174654744284332, 6.402829532163903 ] ] ] } },
{ "type": "Feature", "properties": { "region": "Maritime", "prefecture": "Zio", "commune": "Zio 2", "canton": "Bolou", "population": 6083, "FRI": 0.0656, "classe_fri": "Tres faible", "rwi_min": -0.604, "urban_ratio": 0.0, "infrastructure_documentee": false, "WUI": 0.2845, "priorite": "Surveillance" }, "geometry": { "type": "Polygon", "coordinates": [ [ [ 1.187099257530473, 6.435018248722834 ], [ 1.180331362754578, 6.421806358468865 ], [ 1.100144316744463, 6.414633299092529 ], [ 1.095746129006238, 6.420906600208505 ], [ 1.077041964023349, 6.423793153522526 ], [ 1.079155022916451, 6.44155826761862 ], [ 1.074927497540723, 6.448823248019643 ], [ 1.080700507939414, 6.458613046625834 ], [ 1.080986090443226, 6.464772291324405 ], [ 1.077661589931342, 6.467951346797813 ], [ 1.086966216071307, 6.471078272093489 ], [ 1.092613895566311, 6.46895221536803 ], [ 1.11115236715023, 6.452617765738696 ], [ 1.142684838504707, 6.463052319676903 ], [ 1.177630809356405, 6.449382473184608 ], [ 1.187099257530473, 6.435018248722834 ] ] ] } },
{ "type": "Feature", "properties": { "region": "Maritime", "prefecture": "Zio", "commune": "Zio 3", "canton": "Gamé", "population": 11963, "FRI": 0.0804, "classe_fri": "Tres faible", "rwi_min": -0.796, "urban_ratio": 0.0, "infrastructure_documentee": false, "WUI": 0.312, "priorite": "Moyenne" }, "geometry": { "type": "Polygon", "coordinates": [ [ [ 1.058009385071712, 6.83040792538314 ], [ 1.114636658250348, 6.82709545159509 ], [ 1.114982923323401, 6.82360362804141 ], [ 1.103956290627292, 6.812519649879097 ], [ 1.109169227621483, 6.810084997490405 ], [ 1.120855640689124, 6.813231386338469 ], [ 1.124088710071841, 6.808760498747475 ], [ 1.13280371171837, 6.805911058665152 ], [ 1.134277223808641, 6.800362400580397 ], [ 1.139726512948342, 6.796437736033027 ], [ 1.147428812787586, 6.795024848921702 ], [ 1.161173594620208, 6.787058025011628 ], [ 1.163429854798699, 6.780726200724527 ], [ 1.168577226575991, 6.779680633232384 ], [ 1.170409287620491, 6.776544001698031 ], [ 1.181925405779115, 6.770357759709446 ], [ 1.185938695337789, 6.773145943232423 ], [ 1.198163074201903, 6.764244307764211 ], [ 1.199122751341755, 6.759800678205535 ], [ 1.203746729383613, 6.758319494082865 ], [ 1.212919117110988, 6.747655023990264 ], [ 1.230125121614191, 6.736559283346449 ], [ 1.235446899422428, 6.73472957672803 ], [ 1.240552992525724, 6.737408570411404 ], [ 1.243914392335785, 6.733390474235902 ], [ 1.241762975954097, 6.726213007008569 ], [ 1.232927957433854, 6.727038055878872 ], [ 1.235089031402035, 6.724245686048759 ], [ 1.225999739796434, 6.71935918387107 ], [ 1.239510173540002, 6.70892081799231 ], [ 1.241448823073428, 6.713045863196031 ], [ 1.244309174491308, 6.712347762770039 ], [ 1.243678678712469, 6.702029290884388 ], [ 1.246157577613977, 6.699935057484721 ], [ 1.251369571073562, 6.703361968762502 ], [ 1.257407865492787, 6.699744688218764 ], [ 1.258806268621986, 6.694604290216599 ], [ 1.262619860430411, 6.698221572683394 ], [ 1.268594294398139, 6.693096729111904 ], [ 1.276519095935199, 6.692385881847095 ], [ 1.290058096246949, 6.683341362280756 ], [ 1.299408457263493, 6.686182710754815 ], [ 1.302864019484775, 6.684356133418246 ], [ 1.301847696883067, 6.681108950363686 ], [ 1.30581150010452, 6.676238142362581 ], [ 1.303373823552785, 6.673669290510071 ], [ 1.306219654612749, 6.671741235186661 ], [ 1.302764094558707, 6.666363043072291 ], [ 1.298515188290422, 6.642014909883324 ], [ 1.291852175127755, 6.63268503669068 ], [ 1.294462234794926, 6.623697720457315 ], [ 1.242835233243948, 6.62180940023272 ], [ 1.198008196413012, 6.6400475751645 ], [ 1.19967450658784, 6.657310639717474 ], [ 1.212477210321075, 6.662707152429284 ], [ 1.262282289557632, 6.667550043536168 ], [ 1.275154065954748, 6.681557941302855 ], [ 1.245352465559012, 6.693849262037213 ], [ 1.21655126859695, 6.681936363933207 ], [ 1.196983925583277, 6.679320590393485 ], [ 1.184391922553447, 6.696368064267569 ], [ 1.113132712978888, 6.700446214082358 ], [ 1.116040589287785, 6.724857412476834 ], [ 1.09876112269368, 6.756831574420167 ], [ 1.072484811834882, 6.767166515803039 ], [ 1.077013876878144, 6.777100797644176 ], [ 1.067608951329198, 6.811509509665318 ], [ 1.058009385071712, 6.83040792538314 ] ] ] } },
{ "type": "Feature", "properties": { "region": "Maritime", "prefecture": "Zio", "commune": "Zio 3", "canton": "Agbélouvé", "population": 26251, "FRI": 0.0903, "classe_fri": "Tres faible", "rwi_min": -0.908, "urban_ratio": 0.0, "infrastructure_documentee": false, "WUI": 0.3376, "priorite": "Elevee" }, "geometry": { "type": "MultiPolygon", "coordinates": [ [ [ [ 1.196983925583277, 6.679320590393485 ], [ 1.21655126859695, 6.681936363933207 ], [ 1.245352465559012, 6.693849262037213 ], [ 1.275154065954748, 6.681557941302855 ], [ 1.262282289557632, 6.667550043536168 ], [ 1.212477210321075, 6.662707152429284 ], [ 1.19967450658784, 6.657310639717474 ], [ 1.198008196413012, 6.6400475751645 ], [ 1.242835233243948, 6.62180940023272 ], [ 1.294462234794926, 6.623697720457315 ], [ 1.294787323909775, 6.614611277856443 ], [ 1.288774326401267, 6.609256724417579 ], [ 1.215251124950824, 6.599071211935307 ], [ 1.146260445611371, 6.623872344815381 ], [ 1.11727774979616, 6.627416798232399 ], [ 1.09006775990501, 6.64784166668252 ], [ 1.092999100130694, 6.665989695089683 ], [ 1.047768646991529, 6.68564526503661 ], [ 1.033462503893738, 6.689698270624195 ], [ 1.013385903658671, 6.68459432962 ], [ 0.974213308318018, 6.690240584070565 ], [ 0.970364484759683, 6.705815927391049 ], [ 0.974883430239703, 6.717576967129014 ], [ 0.894956130059535, 6.72484583669287 ], [ 0.893627595554804, 6.739182296913597 ], [ 0.896741987401102, 6.749999921703952 ], [ 0.886787484798305, 6.77356537849221 ], [ 0.889381197384922, 6.818499748055583 ], [ 0.883888930025338, 6.835673449271028 ], [ 1.058009385071712, 6.83040792538314 ], [ 1.067608951329198, 6.811509509665318 ], [ 1.077013876878144, 6.777100797644176 ], [ 1.072484811834882, 6.767166515803039 ], [ 1.09876112269368, 6.756831574420167 ], [ 1.116040589287785, 6.724857412476834 ], [ 1.113132712978888, 6.700446214082358 ], [ 1.184391922553447, 6.696368064267569 ], [ 1.196983925583277, 6.679320590393485 ] ] ], [ [ [ 0.883888298943588, 6.835675246359454 ], [ 0.88383858979504, 6.83581684905393 ], [ 0.883877257515349, 6.835816403406158 ], [ 0.883888298943588, 6.835675246359454 ] ] ] ] } },
{ "type": "Feature", "properties": { "region": "Maritime", "prefecture": "Zio", "commune": "Zio 4", "canton": "Gapé-Centre", "population": 19731, "FRI": 0.0863, "classe_fri": "Tres faible", "rwi_min": -0.849, "urban_ratio": 0.0, "infrastructure_documentee": false, "WUI": 0.3256, "priorite": "Elevee" }, "geometry": { "type": "Polygon", "coordinates": [ [ [ 0.974213308318018, 6.690240584070565 ], [ 1.013385903658671, 6.68459432962 ], [ 1.033462503893738, 6.689698270624195 ], [ 1.047768646991529, 6.68564526503661 ], [ 1.092999100130694, 6.665989695089683 ], [ 1.09006775990501, 6.64784166668252 ], [ 1.11727774979616, 6.627416798232399 ], [ 1.146260445611371, 6.623872344815381 ], [ 1.215251124950824, 6.599071211935307 ], [ 1.288774326401267, 6.609256724417579 ], [ 1.289749432294546, 6.597898671235341 ], [ 1.297062464827506, 6.594329019238893 ], [ 1.29625958825442, 6.587919815845928 ], [ 1.304984923913327, 6.568506262862378 ], [ 1.305903974366853, 6.560655719032494 ], [ 1.21794299011106, 6.526077544530761 ], [ 1.144509863551216, 6.556147209628248 ], [ 1.066339340441414, 6.537189532657157 ], [ 1.032710173757099, 6.517777304575831 ], [ 1.025377311470437, 6.520265072002895 ], [ 1.018467123396761, 6.528375874318772 ], [ 1.015552434879142, 6.523807560243037 ], [ 1.011854853055685, 6.524814584362963 ], [ 1.003670553483774, 6.545629734912045 ], [ 0.997612663453979, 6.55090454972476 ], [ 0.990416033699238, 6.549803687206268 ], [ 0.989429845302456, 6.545161822629962 ], [ 0.976259330168977, 6.54889212619943 ], [ 0.977450376606938, 6.559930266742713 ], [ 0.98289299268265, 6.568530825123639 ], [ 0.98250006470287, 6.571528498758027 ], [ 0.973745457900797, 6.574077891422104 ], [ 0.972623191686851, 6.576795397842217 ], [ 0.977932463488516, 6.582126169123303 ], [ 0.975226315692848, 6.587244795435096 ], [ 0.980834270905091, 6.591088220687421 ], [ 1.026200718988005, 6.590769092640563 ], [ 1.020926013409743, 6.604795991336911 ], [ 1.006386779214061, 6.60795634427991 ], [ 1.001650839237221, 6.617592373012944 ], [ 1.006492370668716, 6.625005321386639 ], [ 1.025046428964854, 6.629559120508634 ], [ 1.014838092751469, 6.637172864714566 ], [ 1.001887245888867, 6.656039420952546 ], [ 0.975017774615108, 6.685025064791098 ], [ 0.932063092623117, 6.685489130359931 ], [ 0.92736027457302, 6.687221975498909 ], [ 0.894734356629317, 6.710923104014381 ], [ 0.894956130059535, 6.72484583669287 ], [ 0.974883430239703, 6.717576967129014 ], [ 0.970364484759683, 6.705815927391049 ], [ 0.974213308318018, 6.690240584070565 ] ] ] } },
{ "type": "Feature", "properties": { "region": "Maritime", "prefecture": "Zio", "commune": "Zio 4", "canton": "Gapé-Kpodji", "population": 1964, "FRI": 0.0563, "classe_fri": "Tres faible", "rwi_min": -0.777, "urban_ratio": 0.0, "infrastructure_documentee": false, "WUI": 0.2892, "priorite": "Surveillance" }, "geometry": { "type": "Polygon", "coordinates": [ [ [ 0.941692790304231, 6.685097878086011 ], [ 0.975017774615108, 6.685025064791098 ], [ 1.001887245888867, 6.656039420952546 ], [ 1.014838092751469, 6.637172864714566 ], [ 1.025046428964854, 6.629559120508634 ], [ 1.006492370668716, 6.625005321386639 ], [ 1.001650839237221, 6.617592373012944 ], [ 1.006386779214061, 6.60795634427991 ], [ 1.020926013409743, 6.604795991336911 ], [ 1.026200718988005, 6.590769092640563 ], [ 0.980834270905091, 6.591088220687421 ], [ 0.980160834593607, 6.600585478616201 ], [ 0.987847512208678, 6.606623129581138 ], [ 0.993544325040369, 6.607507836546599 ], [ 0.995246500944605, 6.61116966922677 ], [ 0.984455317975516, 6.615211771666059 ], [ 0.987422652171273, 6.619790654798051 ], [ 0.982275535419745, 6.625928331463478 ], [ 0.982259375165813, 6.633689426807249 ], [ 0.968021947129157, 6.637187155697513 ], [ 0.971082082064833, 6.643513096249428 ], [ 0.964716126796475, 6.656463427628747 ], [ 0.965982416884153, 6.659725370959896 ], [ 0.958395374951885, 6.665915824277448 ], [ 0.951559979583118, 6.679157347056444 ], [ 0.941692790304231, 6.685097878086011 ] ] ] } },
{ "type": "Feature", "properties": { "region": "Plateaux", "prefecture": "Agou", "commune": "Agou 1", "canton": "Kati", "population": 2833, "FRI": 0.06, "classe_fri": "Tres faible", "rwi_min": -0.691, "urban_ratio": 0.0, "infrastructure_documentee": false, "WUI": 0.2854, "priorite": "Surveillance" }, "geometry": { "type": "Polygon", "coordinates": [ [ [ 0.88040393063267, 6.866144547294668 ], [ 0.86485380107373, 6.861629470724348 ], [ 0.837145027197185, 6.875848898032735 ], [ 0.829855984718975, 6.882090645006421 ], [ 0.848855249779948, 6.893097944747725 ], [ 0.887283445566537, 6.899281160194585 ], [ 0.883993795428372, 6.880037295282954 ], [ 0.885154323423664, 6.870716759142092 ], [ 0.88040393063267, 6.866144547294668 ] ] ] } },
{ "type": "Feature", "properties": { "region": "Plateaux", "prefecture": "Agou", "commune": "Agou 1", "canton": "Agou-Nyogbo-Agbétiko", "population": 3358, "FRI": 0.0614, "classe_fri": "Tres faible", "rwi_min": -0.853, "urban_ratio": 0.0, "infrastructure_documentee": false, "WUI": 0.2989, "priorite": "Surveillance" }, "geometry": { "type": "Polygon", "coordinates": [ [ [ 0.7774212919703, 7.005050772249125 ], [ 0.781828652945154, 6.996452263790099 ], [ 0.797938358351561, 6.991983104900335 ], [ 0.798107650110719, 6.982086374016552 ], [ 0.795702020437682, 6.978649451737891 ], [ 0.801420504232796, 6.972510855880598 ], [ 0.802187397847663, 6.954433480081804 ], [ 0.795823750489094, 6.934194179420117 ], [ 0.780842983618721, 6.921104515526926 ], [ 0.777606869544623, 6.910927575014972 ], [ 0.766797659019363, 6.90071525223104 ], [ 0.750613002211812, 6.896246396889016 ], [ 0.750270762286651, 6.890211302907399 ], [ 0.742242302794673, 6.885727722094024 ], [ 0.725932845890352, 6.886625436422271 ], [ 0.736917203569118, 6.948893144326007 ], [ 0.735685602764878, 6.956817933358066 ], [ 0.731651696932684, 6.963264741007374 ], [ 0.735662341057563, 6.967329748915392 ], [ 0.741242054974482, 6.993244162008776 ], [ 0.747034269479798, 6.999136060668637 ], [ 0.758210487529742, 7.00042141737129 ], [ 0.770817520525039, 7.005255559973219 ], [ 0.7774212919703, 7.005050772249125 ] ] ] } },
{ "type": "Feature", "properties": { "region": "Plateaux", "prefecture": "Agou", "commune": "Agou 1", "canton": "Agou-Akplolo", "population": 1580, "FRI": 0.0544, "classe_fri": "Tres faible", "rwi_min": -0.555, "urban_ratio": 0.0, "infrastructure_documentee": false, "WUI": 0.271, "priorite": "Surveillance" }, "geometry": { "type": "Polygon", "coordinates": [ [ [ 0.780690501192516, 6.885643167969991 ], [ 0.776286141209995, 6.876148905606737 ], [ 0.749687659334892, 6.879094250962186 ], [ 0.745357185779932, 6.887467285089853 ], [ 0.750270762286651, 6.890211302907399 ], [ 0.750613002211812, 6.896246396889016 ], [ 0.766797659019363, 6.90071525223104 ], [ 0.777606869544623, 6.910927575014972 ], [ 0.780842983618721, 6.921104515526926 ], [ 0.795823750489094, 6.934194179420117 ], [ 0.802187397847663, 6.954433480081804 ], [ 0.808572057386129, 6.946516094441282 ], [ 0.807962953920891, 6.933568130742931 ], [ 0.81938750324795, 6.92377571495877 ], [ 0.820047629931079, 6.914505457796903 ], [ 0.817587409567103, 6.907929079258564 ], [ 0.803047064044167, 6.905047208034839 ], [ 0.789441338326109, 6.888647613253063 ], [ 0.780690501192516, 6.885643167969991 ] ] ] } },
{ "type": "Feature", "properties": { "region": "Plateaux", "prefecture": "Agou", "commune": "Agou 1", "canton": "Agou-Iboé", "population": 1853, "FRI": 0.0554, "classe_fri": "Tres faible", "rwi_min": -0.711, "urban_ratio": 0.0, "infrastructure_documentee": false, "WUI": 0.2836, "priorite": "Surveillance" }, "geometry": { "type": "Polygon", "coordinates": [ [ [ 0.810663471917465, 6.880338700485684 ], [ 0.813602820177038, 6.874530118654991 ], [ 0.814765689820276, 6.86342063791419 ], [ 0.805216919424584, 6.855437936809287 ], [ 0.802824350628666, 6.845953024463146 ], [ 0.779982005653787, 6.838544226087042 ], [ 0.759229529828745, 6.854431588300777 ], [ 0.757691252150881, 6.877596990633928 ], [ 0.776286141209995, 6.876148905606737 ], [ 0.780690501192516, 6.885643167969991 ], [ 0.789441338326109, 6.888647613253063 ], [ 0.803047064044167, 6.905047208034839 ], [ 0.817587409567103, 6.907929079258564 ], [ 0.818766698162917, 6.897740607626055 ], [ 0.817009614043092, 6.893989125153088 ], [ 0.821124456081735, 6.888458125274438 ], [ 0.810663471917465, 6.880338700485684 ] ] ] } },
{ "type": "Feature", "properties": { "region": "Plateaux", "prefecture": "Agou", "commune": "Agou 1", "canton": "Agou-Nyogbo-Dzidjole", "population": 1580, "FRI": 0.0112, "classe_fri": "Tres faible", "rwi_min": 0.0, "urban_ratio": 0.0, "infrastructure_documentee": false, "WUI": 0.2051, "priorite": "Surveillance" }, "geometry": { "type": "Polygon", "coordinates": [ [ [ 0.742242302794673, 6.885727722094024 ], [ 0.718289430058812, 6.862992201152413 ], [ 0.712991851674597, 6.864469596765813 ], [ 0.725932845890352, 6.886625436422271 ], [ 0.742242302794673, 6.885727722094024 ] ] ] } },
{ "type": "Feature", "properties": { "region": "Plateaux", "prefecture": "Agou", "commune": "Agou 1", "canton": "Agou-Kébo", "population": 2988, "FRI": 0.0408, "classe_fri": "Tres faible", "rwi_min": -0.539, "urban_ratio": 0.0, "infrastructure_documentee": false, "WUI": 0.2634, "priorite": "Surveillance" }, "geometry": { "type": "Polygon", "coordinates": [ [ [ 0.765504371103913, 6.849628035136921 ], [ 0.750202171996798, 6.833167403732431 ], [ 0.741973163050533, 6.83491510930097 ], [ 0.739772892819878, 6.838318447247487 ], [ 0.73864928033554, 6.857644002093401 ], [ 0.73531545019929, 6.861359478098917 ], [ 0.718289430058812, 6.862992201152413 ], [ 0.745357185779932, 6.887467285089853 ], [ 0.749687659334892, 6.879094250962186 ], [ 0.757691252150881, 6.877596990633928 ], [ 0.759229529828745, 6.854431588300777 ], [ 0.765504371103913, 6.849628035136921 ] ] ] } },
{ "type": "Feature", "properties": { "region": "Plateaux", "prefecture": "Agou", "commune": "Agou 1", "canton": "Agou-Tavié", "population": 9871, "FRI": 0.051, "classe_fri": "Tres faible", "rwi_min": 0.612, "urban_ratio": 0.0, "infrastructure_documentee": false, "WUI": 0.1871, "priorite": "Surveillance" }, "geometry": { "type": "Polygon", "coordinates": [ [ [ 0.741973163050533, 6.83491510930097 ], [ 0.727689476267724, 6.829995381325496 ], [ 0.708505497423086, 6.830539603136748 ], [ 0.695619128365298, 6.834606159082856 ], [ 0.699930655784243, 6.866343600104933 ], [ 0.73531545019929, 6.861359478098917 ], [ 0.73864928033554, 6.857644002093401 ], [ 0.739772892819878, 6.838318447247487 ], [ 0.741973163050533, 6.83491510930097 ] ] ] } },
{ "type": "Feature", "properties": { "region": "Plateaux", "prefecture": "Agou", "commune": "Agou 1", "canton": "Agou-Atigbé", "population": 2204, "FRI": 0.0548, "classe_fri": "Tres faible", "rwi_min": -0.644, "urban_ratio": 0.0, "infrastructure_documentee": false, "WUI": 0.2784, "priorite": "Surveillance" }, "geometry": { "type": "Polygon", "coordinates": [ [ [ 0.727689476267724, 6.829995381325496 ], [ 0.755859375008046, 6.81016124084208 ], [ 0.763265481891736, 6.78876059333963 ], [ 0.775153039077985, 6.777065660969019 ], [ 0.78252157159793, 6.763523692305547 ], [ 0.777613700199446, 6.760008146549928 ], [ 0.770147156787107, 6.760291551182359 ], [ 0.728200157314333, 6.797449143199513 ], [ 0.705817875278944, 6.811156697195285 ], [ 0.69396495233266, 6.82344464011354 ], [ 0.692865754631532, 6.829075716857141 ], [ 0.700808322915767, 6.832968658314631 ], [ 0.708505497423086, 6.830539603136748 ], [ 0.727689476267724, 6.829995381325496 ] ] ] } },
{ "type": "Feature", "properties": { "region": "Plateaux", "prefecture": "Agou", "commune": "Agou 1", "canton": "Gadja", "population": 16786, "FRI": 0.0828, "classe_fri": "Tres faible", "rwi_min": -0.749, "urban_ratio": 0.0, "infrastructure_documentee": false, "WUI": 0.3137, "priorite": "Moyenne" }, "geometry": { "type": "Polygon", "coordinates": [ [ [ 0.826342933654377, 6.886221725966631 ], [ 0.823835455454265, 6.881297793744191 ], [ 0.829855984718975, 6.882090645006421 ], [ 0.837145027197185, 6.875848898032735 ], [ 0.86485380107373, 6.861629470724348 ], [ 0.88040393063267, 6.866144547294668 ], [ 0.885154323423664, 6.870716759142092 ], [ 0.888043794400229, 6.85664286288309 ], [ 0.88383858979504, 6.83581684905393 ], [ 0.889381197384922, 6.818499748055583 ], [ 0.886787484798305, 6.77356537849221 ], [ 0.892791771090631, 6.76116125989805 ], [ 0.884621911698812, 6.758447228793123 ], [ 0.866619517552566, 6.758439240919301 ], [ 0.854422640613933, 6.754715882667371 ], [ 0.836240478077534, 6.735678211208701 ], [ 0.800454377899912, 6.723036330758218 ], [ 0.789399643114635, 6.701251165624182 ], [ 0.771220312172069, 6.711700199863446 ], [ 0.760993186813496, 6.725414337711882 ], [ 0.770147156787107, 6.760291551182359 ], [ 0.777613700199446, 6.760008146549928 ], [ 0.78252157159793, 6.763523692305547 ], [ 0.775153039077985, 6.777065660969019 ], [ 0.763265481891736, 6.78876059333963 ], [ 0.755859375008046, 6.81016124084208 ], [ 0.727689476267724, 6.829995381325496 ], [ 0.741973163050533, 6.83491510930097 ], [ 0.750202171996798, 6.833167403732431 ], [ 0.765504371103913, 6.849628035136921 ], [ 0.779982005653787, 6.838544226087042 ], [ 0.802824350628666, 6.845953024463146 ], [ 0.805216919424584, 6.855437936809287 ], [ 0.814765689820276, 6.86342063791419 ], [ 0.810663471917465, 6.880338700485684 ], [ 0.821124456081735, 6.888458125274438 ], [ 0.826342933654377, 6.886221725966631 ] ] ] } },
{ "type": "Feature", "properties": { "region": "Plateaux", "prefecture": "Agou", "commune": "Agou 1", "canton": "Assahoun-Fiagbé", "population": 2547, "FRI": 0.0572, "classe_fri": "Tres faible", "rwi_min": -0.542, "urban_ratio": 0.0, "infrastructure_documentee": false, "WUI": 0.2723, "priorite": "Surveillance" }, "geometry": { "type": "Polygon", "coordinates": [ [ [ 0.765403315214186, 6.740877491103912 ], [ 0.751068432582928, 6.742304995454515 ], [ 0.747862744277221, 6.748614800454662 ], [ 0.700746588159246, 6.770543431234143 ], [ 0.692628375950863, 6.785429349937314 ], [ 0.67822690531158, 6.796580249372642 ], [ 0.691804680868436, 6.813792339999453 ], [ 0.69396495233266, 6.82344464011354 ], [ 0.705817875278944, 6.811156697195285 ], [ 0.728200157314333, 6.797449143199513 ], [ 0.770147156787107, 6.760291551182359 ], [ 0.765403315214186, 6.740877491103912 ] ] ] } },
{ "type": "Feature", "properties": { "region": "Plateaux", "prefecture": "Agou", "commune": "Agou 1", "canton": "Klonou", "population": 1836, "FRI": 0.0519, "classe_fri": "Tres faible", "rwi_min": -0.432, "urban_ratio": 0.0, "infrastructure_documentee": false, "WUI": 0.2604, "priorite": "Surveillance" }, "geometry": { "type": "Polygon", "coordinates": [ [ [ 0.689489478933651, 6.868396916397795 ], [ 0.701788465727789, 6.866477233948266 ], [ 0.699930655784243, 6.866343600104933 ], [ 0.694735953645655, 6.836586557650795 ], [ 0.700808322915767, 6.832968658314631 ], [ 0.692865754631532, 6.829075716857141 ], [ 0.691804680868436, 6.813792339999453 ], [ 0.67822690531158, 6.796580249372642 ], [ 0.68619257423202, 6.789045524693313 ], [ 0.668833302006362, 6.779676233155481 ], [ 0.676454379359161, 6.806279908337982 ], [ 0.665824722224426, 6.822149538981621 ], [ 0.648607670938477, 6.839366589834314 ], [ 0.647063877886285, 6.852953272933776 ], [ 0.651193972229841, 6.860807823373434 ], [ 0.659761325584095, 6.867812153033841 ], [ 0.689489478933651, 6.868396916397795 ] ] ] } },
{ "type": "Feature", "properties": { "region": "Plateaux", "prefecture": "Agou", "commune": "Agou 2", "canton": "Amoussou-Kopé", "population": 10312, "FRI": 0.0779, "classe_fri": "Tres faible", "rwi_min": -0.881, "urban_ratio": 0.0, "infrastructure_documentee": false, "WUI": 0.3158, "priorite": "Moyenne" }, "geometry": { "type": "MultiPolygon", "coordinates": [ [ [ [ 0.894721893486781, 6.709335402037854 ], [ 0.877447957869283, 6.657566675186498 ], [ 0.842449893258044, 6.624609461935746 ], [ 0.839895810785736, 6.617671264646136 ], [ 0.820654025354905, 6.619898223262026 ], [ 0.823413558504505, 6.648640586914524 ], [ 0.818614335442764, 6.655707892628308 ], [ 0.822539230465347, 6.676175097092983 ], [ 0.804011811837787, 6.685262071870943 ], [ 0.789399643114635, 6.701251165624182 ], [ 0.800454377899912, 6.723036330758218 ], [ 0.836240478077534, 6.735678211208701 ], [ 0.854422640613933, 6.754715882667371 ], [ 0.866619517552566, 6.758439240919301 ], [ 0.884621911698812, 6.758447228793123 ], [ 0.892791771090631, 6.76116125989805 ], [ 0.896741987401102, 6.749999921703952 ], [ 0.893627595554804, 6.739182296913597 ], [ 0.894721893486781, 6.709335402037854 ] ] ], [ [ [ 0.894808930519807, 6.710891792997294 ], [ 0.894808310838957, 6.710880704468283 ], [ 0.894734356629317, 6.710923104014381 ], [ 0.894808930519807, 6.710891792997294 ] ] ] ] } },
{ "type": "Feature", "properties": { "region": "Plateaux", "prefecture": "Agou", "commune": "Agou 2", "canton": "Agotimé-Sud (Adzakpa)", "population": 5663, "FRI": 0.0739, "classe_fri": "Tres faible", "rwi_min": -1.293, "urban_ratio": 0.0, "infrastructure_documentee": false, "WUI": 0.3411, "priorite": "Elevee" }, "geometry": { "type": "Polygon", "coordinates": [ [ [ 0.820301113622046, 6.661421220621389 ], [ 0.818614335442764, 6.655707892628308 ], [ 0.823413558504505, 6.648640586914524 ], [ 0.820654025354905, 6.619898223262026 ], [ 0.839895810785736, 6.617671264646136 ], [ 0.833087312179834, 6.598182543494567 ], [ 0.829224687490078, 6.59334166120979 ], [ 0.819884053920865, 6.588152458982977 ], [ 0.813817883667704, 6.577807355744515 ], [ 0.779037670800934, 6.560071538795557 ], [ 0.74932732014961, 6.537986771099687 ], [ 0.724416761111756, 6.530701060718513 ], [ 0.715690094430342, 6.523044098503919 ], [ 0.712593724208042, 6.529431196517145 ], [ 0.716846578729379, 6.53760717980688 ], [ 0.724286817103166, 6.54215340544966 ], [ 0.734693480153136, 6.554545285755606 ], [ 0.74567414443575, 6.561639672259363 ], [ 0.739379202791215, 6.583691192306254 ], [ 0.726729492312028, 6.593189767478396 ], [ 0.706632990960783, 6.587210681059919 ], [ 0.691092944024061, 6.591419305498019 ], [ 0.684499635992957, 6.597464167882322 ], [ 0.689620938871207, 6.596305128438527 ], [ 0.694517454148216, 6.598722536861954 ], [ 0.710069854630796, 6.617499239704721 ], [ 0.734963845730493, 6.627937018995159 ], [ 0.742492820183631, 6.635739689685996 ], [ 0.77271429190867, 6.644053810904034 ], [ 0.795449007643041, 6.658057339125079 ], [ 0.802405056729598, 6.65711725062037 ], [ 0.820301113622046, 6.661421220621389 ] ] ] } },
{ "type": "Feature", "properties": { "region": "Plateaux", "prefecture": "Agou", "commune": "Agou 2", "canton": "Agotimé-Nord", "population": 10548, "FRI": 0.1034, "classe_fri": "Faible", "rwi_min": -0.86, "urban_ratio": 0.0, "infrastructure_documentee": false, "WUI": 0.3284, "priorite": "Elevee" }, "geometry": { "type": "Polygon", "coordinates": [ [ [ 0.765403315214186, 6.740877491103912 ], [ 0.760993186813496, 6.725414337711882 ], [ 0.771220312172069, 6.711700199863446 ], [ 0.789399643114635, 6.701251165624182 ], [ 0.804011811837787, 6.685262071870943 ], [ 0.822539230465347, 6.676175097092983 ], [ 0.820301113622046, 6.661421220621389 ], [ 0.802405056729598, 6.65711725062037 ], [ 0.795449007643041, 6.658057339125079 ], [ 0.77271429190867, 6.644053810904034 ], [ 0.742492820183631, 6.635739689685996 ], [ 0.734963845730493, 6.627937018995159 ], [ 0.710069854630796, 6.617499239704721 ], [ 0.694517454148216, 6.598722536861954 ], [ 0.686587330531788, 6.60165510425682 ], [ 0.673347597117212, 6.614249511216384 ], [ 0.669991718141858, 6.608533620715856 ], [ 0.665629097423313, 6.608612289708104 ], [ 0.665344699053639, 6.604898235653749 ], [ 0.659279341409223, 6.607781945607872 ], [ 0.649483108566671, 6.622235092873346 ], [ 0.637670171160685, 6.630329769373221 ], [ 0.638368517148987, 6.638990519948071 ], [ 0.636185059394883, 6.641700932233533 ], [ 0.646536709633191, 6.675534182904684 ], [ 0.644290107008249, 6.681005771013011 ], [ 0.647315029720532, 6.690025571317326 ], [ 0.640691661380411, 6.699038724636121 ], [ 0.647866634489122, 6.711662955560739 ], [ 0.643477475551801, 6.720695548563214 ], [ 0.650208944942197, 6.737773419511396 ], [ 0.643642843781824, 6.743297994752933 ], [ 0.628216277345772, 6.748174939005643 ], [ 0.629598679518323, 6.750177415834565 ], [ 0.635891148377912, 6.755140813380761 ], [ 0.648951580670107, 6.757158347316973 ], [ 0.667417005465723, 6.771166984413382 ], [ 0.668833302006362, 6.779676233155481 ], [ 0.68619257423202, 6.789045524693313 ], [ 0.692628375950863, 6.785429349937314 ], [ 0.700746588159246, 6.770543431234143 ], [ 0.747862744277221, 6.748614800454662 ], [ 0.751068432582928, 6.742304995454515 ], [ 0.765403315214186, 6.740877491103912 ] ] ] } },
{ "type": "Feature", "properties": { "region": "Plateaux", "prefecture": "Akébou", "commune": "Akébou 1", "canton": "Djon", "population": 12660, "FRI": 0.0697, "classe_fri": "Tres faible", "rwi_min": -0.681, "urban_ratio": 0.0, "infrastructure_documentee": false, "WUI": 0.298, "priorite": "Surveillance" }, "geometry": { "type": "Polygon", "coordinates": [ [ [ 0.890878959673298, 7.754427096275782 ], [ 0.890294396040536, 7.734945317637973 ], [ 0.877518628274292, 7.692626170602514 ], [ 0.830466823102628, 7.704696199239738 ], [ 0.787455399586773, 7.706811515057073 ], [ 0.740213343824587, 7.703285988604136 ], [ 0.711539061325469, 7.698115215964705 ], [ 0.655174105800047, 7.678847040015358 ], [ 0.651560434437913, 7.688028698595968 ], [ 0.644269688323386, 7.695161595285539 ], [ 0.635230733791957, 7.715685576190761 ], [ 0.627486388587129, 7.72149865392357 ], [ 0.668086946539218, 7.722176934352993 ], [ 0.774087777846285, 7.73680786969638 ], [ 0.785868912332003, 7.772033755783565 ], [ 0.798980520249706, 7.775744654389803 ], [ 0.811693394224699, 7.789602629341588 ], [ 0.829985936383484, 7.770097994393068 ], [ 0.890878959673298, 7.754427096275782 ] ] ] } },
{ "type": "Feature", "properties": { "region": "Plateaux", "prefecture": "Akébou", "commune": "Akébou 1", "canton": "Veh", "population": 4900, "FRI": 0.0377, "classe_fri": "Tres faible", "rwi_min": -0.809, "urban_ratio": 0.0, "infrastructure_documentee": false, "WUI": 0.2838, "priorite": "Surveillance" }, "geometry": { "type": "Polygon", "coordinates": [ [ [ 0.659037132326202, 7.652827307437494 ], [ 0.660745994604857, 7.659056563929211 ], [ 0.655174105800047, 7.678847040015358 ], [ 0.711539061325469, 7.698115215964705 ], [ 0.740213343824587, 7.703285988604136 ], [ 0.755860935938952, 7.691972994187493 ], [ 0.758735935616666, 7.677972994364995 ], [ 0.75423593630362, 7.655347994912885 ], [ 0.726860935810057, 7.651972994977339 ], [ 0.694985936223389, 7.644222994787891 ], [ 0.659037132326202, 7.652827307437494 ] ] ] } },
{ "type": "Feature", "properties": { "region": "Plateaux", "prefecture": "Akébou", "commune": "Akébou 1", "canton": "Kougnohou", "population": 12149, "FRI": 0.0685, "classe_fri": "Tres faible", "rwi_min": -0.511, "urban_ratio": 0.0, "infrastructure_documentee": false, "WUI": 0.284, "priorite": "Surveillance" }, "geometry": { "type": "Polygon", "coordinates": [ [ [ 0.877518628274292, 7.692626170602514 ], [ 0.860133514812568, 7.667727601808806 ], [ 0.860325379834301, 7.665264799478614 ], [ 0.867758902349849, 7.663264048240646 ], [ 0.865884268334798, 7.657132764973372 ], [ 0.85602723989256, 7.651334927419732 ], [ 0.844541120297427, 7.637312187047061 ], [ 0.828205440932984, 7.630085568073099 ], [ 0.811993686829579, 7.630769711609671 ], [ 0.791877632170775, 7.636195433828115 ], [ 0.771242703651458, 7.636140932513642 ], [ 0.746752652852947, 7.626137794144476 ], [ 0.710175838029734, 7.626743027319058 ], [ 0.694351501206618, 7.630610287152667 ], [ 0.675717435367317, 7.630009977450383 ], [ 0.659979212312123, 7.639643832617738 ], [ 0.659039335364859, 7.643483789221509 ], [ 0.659037132326202, 7.652827307437494 ], [ 0.694985936223389, 7.644222994787891 ], [ 0.726860935810057, 7.651972994977339 ], [ 0.75423593630362, 7.655347994912885 ], [ 0.758735935616666, 7.677972994364995 ], [ 0.755860935938952, 7.691972994187493 ], [ 0.740213343824587, 7.703285988604136 ], [ 0.787455399586773, 7.706811515057073 ], [ 0.830466823102628, 7.704696199239738 ], [ 0.877518628274292, 7.692626170602514 ] ] ] } },
{ "type": "Feature", "properties": { "region": "Plateaux", "prefecture": "Akébou", "commune": "Akébou 1", "canton": "Gbendè", "population": 3114, "FRI": 0.0564, "classe_fri": "Tres faible", "rwi_min": -0.791, "urban_ratio": 0.0, "infrastructure_documentee": false, "WUI": 0.2912, "priorite": "Surveillance" }, "geometry": { "type": "Polygon", "coordinates": [ [ [ 0.785868912332003, 7.772033755783565 ], [ 0.774087777846285, 7.73680786969638 ], [ 0.668086946539218, 7.722176934352993 ], [ 0.622194637110059, 7.719916587314301 ], [ 0.619233698511373, 7.727250923274186 ], [ 0.617689116534956, 7.734395420534294 ], [ 0.634190478232733, 7.749235351326901 ], [ 0.682490191181033, 7.76192724688488 ], [ 0.694165514414562, 7.76973596675692 ], [ 0.701216567513996, 7.778432265182194 ], [ 0.710378316108891, 7.782159898086247 ], [ 0.725149062260848, 7.781905230012009 ], [ 0.751237958414263, 7.774149072157693 ], [ 0.785868912332003, 7.772033755783565 ] ] ] } },
{ "type": "Feature", "properties": { "region": "Plateaux", "prefecture": "Akébou", "commune": "Akébou 1", "canton": "Yalla", "population": 3312, "FRI": 0.036, "classe_fri": "Tres faible", "rwi_min": -0.535, "urban_ratio": 0.0, "infrastructure_documentee": false, "WUI": 0.2607, "priorite": "Surveillance" }, "geometry": { "type": "Polygon", "coordinates": [ [ [ 0.677557427884319, 7.902752172158848 ], [ 0.70497712884821, 7.850117971356844 ], [ 0.698396146185979, 7.832020268244771 ], [ 0.699336286030249, 7.811807249474704 ], [ 0.710378316108891, 7.782159898086247 ], [ 0.701216567513996, 7.778432265182194 ], [ 0.694165514414562, 7.76973596675692 ], [ 0.682490191181033, 7.76192724688488 ], [ 0.634190478232733, 7.749235351326901 ], [ 0.617689116534956, 7.734395420534294 ], [ 0.611581963422511, 7.755348515027236 ], [ 0.619723149824955, 7.757902591382276 ], [ 0.619015751835642, 7.763897246486728 ], [ 0.63105652807365, 7.768101929364642 ], [ 0.629825980808767, 7.783881682057505 ], [ 0.626740021824343, 7.789087414100545 ], [ 0.628879936030248, 7.793395610958934 ], [ 0.617378143542132, 7.796397024879015 ], [ 0.621294411665071, 7.799245098316538 ], [ 0.616983550846777, 7.803727515910152 ], [ 0.619400625660939, 7.838382886416527 ], [ 0.620508876039707, 7.84219924149876 ], [ 0.624032988929627, 7.843386221048306 ], [ 0.627358218673045, 7.86332486068043 ], [ 0.626721294695678, 7.870255361167418 ], [ 0.622171300842527, 7.872639567258983 ], [ 0.62135622712372, 7.883539514009409 ], [ 0.624186389404522, 7.885929728471001 ], [ 0.622304322107914, 7.887153871895271 ], [ 0.619726210566566, 7.90421107617383 ], [ 0.656842445345197, 7.90603004833296 ], [ 0.662891949648742, 7.903434771531404 ], [ 0.677557427884319, 7.902752172158848 ] ] ] } },
{ "type": "Feature", "properties": { "region": "Plateaux", "prefecture": "Akébou", "commune": "Akébou 2", "canton": "Sérégbénè", "population": 8325, "FRI": 0.0646, "classe_fri": "Tres faible", "rwi_min": -0.639, "urban_ratio": 0.0, "infrastructure_documentee": false, "WUI": 0.2884, "priorite": "Surveillance" }, "geometry": { "type": "Polygon", "coordinates": [ [ [ 0.811693394224699, 7.789602629341588 ], [ 0.798980520249706, 7.775744654389803 ], [ 0.785868912332003, 7.772033755783565 ], [ 0.751237958414263, 7.774149072157693 ], [ 0.725149062260848, 7.781905230012009 ], [ 0.710378316108891, 7.782159898086247 ], [ 0.699336286030249, 7.811807249474704 ], [ 0.698396146185979, 7.832020268244771 ], [ 0.70497712884821, 7.850117971356844 ], [ 0.677557427884319, 7.902752172158848 ], [ 0.696370387490553, 7.926917658330073 ], [ 0.702210678536876, 7.931463870720854 ], [ 0.713312564562561, 7.934937936027211 ], [ 0.714422779444358, 7.938485957775962 ], [ 0.746027176652052, 7.957655389034125 ], [ 0.769704685959902, 7.885722994847344 ], [ 0.773204686212388, 7.863222994267915 ], [ 0.811693394224699, 7.789602629341588 ] ] ] } },
{ "type": "Feature", "properties": { "region": "Plateaux", "prefecture": "Akébou", "commune": "Akébou 2", "canton": "Kpalavé", "population": 7665, "FRI": 0.0658, "classe_fri": "Tres faible", "rwi_min": -0.765, "urban_ratio": 0.0, "infrastructure_documentee": false, "WUI": 0.2981, "priorite": "Surveillance" }, "geometry": { "type": "Polygon", "coordinates": [ [ [ 0.746027176652052, 7.957655389034125 ], [ 0.761512616543739, 7.963841516496941 ], [ 0.805621367131372, 7.970241396495415 ], [ 0.816120690778112, 7.968202546040621 ], [ 0.825307452739377, 7.962449988983572 ], [ 0.825932716207038, 7.948360018175441 ], [ 0.832682716263162, 7.918610018025514 ], [ 0.852682716799243, 7.892110017958148 ], [ 0.857182717079288, 7.861610017610646 ], [ 0.869932716725978, 7.839360018114964 ], [ 0.896078501505547, 7.829258604948995 ], [ 0.899457915091131, 7.823022561024314 ], [ 0.892679657100521, 7.800027995981481 ], [ 0.890878959673298, 7.754427096275782 ], [ 0.829985936383484, 7.770097994393068 ], [ 0.811693394224699, 7.789602629341588 ], [ 0.773204686212388, 7.863222994267915 ], [ 0.769704685959902, 7.885722994847344 ], [ 0.746027176652052, 7.957655389034125 ] ] ] } },
{ "type": "Feature", "properties": { "region": "Plateaux", "prefecture": "Akébou", "commune": "Akébou 2", "canton": "Kamina-Akébou", "population": 11451, "FRI": 0.1162, "classe_fri": "Faible", "rwi_min": -0.776, "urban_ratio": 0.0, "infrastructure_documentee": false, "WUI": 0.3297, "priorite": "Elevee" }, "geometry": { "type": "Polygon", "coordinates": [ [ [ 1.080103671829832, 7.860365538646438 ], [ 1.065335955380692, 7.863249426129499 ], [ 1.05906870473233, 7.867629750620146 ], [ 1.045191167155652, 7.86888129582191 ], [ 1.041520379043724, 7.877284352995288 ], [ 1.035969260217291, 7.873440388122908 ], [ 1.027244242848324, 7.872903577520818 ], [ 1.023931520667131, 7.87487025097978 ], [ 1.020976863235056, 7.872188448142655 ], [ 1.012381863056879, 7.874691483075829 ], [ 0.991042055420525, 7.86746083905631 ], [ 0.988356110323184, 7.868891152564543 ], [ 0.987371267793166, 7.865136628188524 ], [ 0.970628686091549, 7.858163829722667 ], [ 0.969912425937506, 7.862454770587446 ], [ 0.963197496281496, 7.860219944784563 ], [ 0.940398878349413, 7.860571738306883 ], [ 0.938787389473514, 7.865220271606327 ], [ 0.932609623607756, 7.866292993350202 ], [ 0.922850552395896, 7.858515682281319 ], [ 0.911300894897486, 7.855923265089759 ], [ 0.896078501505547, 7.829258604948995 ], [ 0.869932716725978, 7.839360018114964 ], [ 0.857182717079288, 7.861610017610646 ], [ 0.852682716799243, 7.892110017958148 ], [ 0.832682716263162, 7.918610018025514 ], [ 0.825932716207038, 7.948360018175441 ], [ 0.825307452739377, 7.962449988983572 ], [ 0.83400485724032, 7.974616477604777 ], [ 0.84501452025804, 7.972504807731568 ], [ 0.853445620748877, 7.963859779309232 ], [ 0.868348708160381, 7.965179766044756 ], [ 0.882262579278104, 7.963225344057601 ], [ 0.887658501309291, 7.969650888542775 ], [ 0.898004084017129, 7.9719266533448 ], [ 0.90201466789494, 7.975067313310147 ], [ 0.9056753082147, 7.971660685907231 ], [ 0.915251316717712, 7.977257119091814 ], [ 0.927735566838429, 7.972227425265011 ], [ 0.931920550741225, 7.975131905942858 ], [ 0.939581357154783, 7.9742817914794 ], [ 0.943340700407864, 7.979311482232111 ], [ 0.94844802462405, 7.979807382202911 ], [ 0.9525864765035, 7.983161332886734 ], [ 0.96081486358376, 7.983373860529465 ], [ 0.964716147021194, 7.986490870507955 ], [ 0.973157173334865, 7.979123364018254 ], [ 1.016966936733199, 7.970883127923086 ], [ 1.025295060861723, 7.961503041921118 ], [ 1.038063011988875, 7.956544193189014 ], [ 1.040739237338082, 7.952978103114523 ], [ 1.039862397049422, 7.945837687251442 ], [ 1.046135215387252, 7.94327793551151 ], [ 1.04521577042891, 7.938874687799101 ], [ 1.049855213918058, 7.918076480718469 ], [ 1.048555688324487, 7.902183863375896 ], [ 1.074033388255648, 7.881648740442617 ], [ 1.080103671829832, 7.860365538646438 ] ] ] } },
{ "type": "Feature", "properties": { "region": "Plateaux", "prefecture": "Haho", "commune": "Haho 2", "canton": "Djemegni", "population": 36577, "FRI": 0.0869, "classe_fri": "Tres faible", "rwi_min": -0.813, "urban_ratio": 0.0, "infrastructure_documentee": false, "WUI": 0.3369, "priorite": "Elevee" }, "geometry": { "type": "Polygon", "coordinates": [ [ [ 1.413460275844173, 6.938565617444744 ], [ 1.388233553575518, 6.929807377606751 ], [ 1.369070226702399, 6.917530871977721 ], [ 1.336881826309949, 6.889833876258162 ], [ 1.314424802860976, 6.88204877436233 ], [ 1.265767918757456, 6.905478935667978 ], [ 1.214116765305512, 6.904880081580314 ], [ 1.186195199249447, 6.9165951622133 ], [ 1.192183738361484, 6.926027112240135 ], [ 1.197723137940004, 6.945040725371003 ], [ 1.195290372799938, 6.962818356644 ], [ 1.209101363216148, 6.979474827747206 ], [ 1.217784745403684, 6.996691879009635 ], [ 1.261800511694997, 7.027083717264516 ], [ 1.283958107947321, 7.03636595373883 ], [ 1.323707039050522, 7.043177917738905 ], [ 1.344068073473902, 7.018924332077417 ], [ 1.357093147038879, 6.998787868373118 ], [ 1.35484744537411, 6.98359194874624 ], [ 1.360461700564468, 6.974683996401352 ], [ 1.379437885538775, 6.963642626486944 ], [ 1.413460275844173, 6.938565617444744 ] ] ] } },
{ "type": "Feature", "properties": { "region": "Plateaux", "prefecture": "Amou", "commune": "Amou 1", "canton": "Adiva", "population": 2337, "FRI": 0.0572, "classe_fri": "Tres faible", "rwi_min": -0.708, "urban_ratio": 0.0, "infrastructure_documentee": false, "WUI": 0.2847, "priorite": "Surveillance" }, "geometry": { "type": "Polygon", "coordinates": [ [ [ 1.026508691689253, 7.499769290224044 ], [ 1.011932114007017, 7.499032973129371 ], [ 1.007189734624084, 7.501329283486239 ], [ 1.006415978067506, 7.509665887158331 ], [ 0.995184025910941, 7.515855941151082 ], [ 0.971006847279962, 7.518701262132336 ], [ 0.982997680735919, 7.537155433589873 ], [ 0.994308126787498, 7.539068422117225 ], [ 0.999956229529564, 7.545632740572292 ], [ 1.026733330979808, 7.532029951718615 ], [ 1.028580362658805, 7.508655011710898 ], [ 1.026508691689253, 7.499769290224044 ] ] ] } },
{ "type": "Feature", "properties": { "region": "Plateaux", "prefecture": "Amou", "commune": "Amou 1", "canton": "Imlè-Adiva", "population": 10041, "FRI": 0.0711, "classe_fri": "Tres faible", "rwi_min": -0.714, "urban_ratio": 0.0, "infrastructure_documentee": false, "WUI": 0.2991, "priorite": "Moyenne" }, "geometry": { "type": "Polygon", "coordinates": [ [ [ 1.026508691689253, 7.499769290224044 ], [ 1.029853317569737, 7.492930279690199 ], [ 1.045028931920285, 7.482222485358344 ], [ 1.025204537829363, 7.416833805517101 ], [ 0.994899595354011, 7.411332198178473 ], [ 0.956614751211956, 7.396067174963308 ], [ 0.93435052689793, 7.398363484623201 ], [ 0.916404364269105, 7.412440864419559 ], [ 0.914083093853057, 7.419629313639251 ], [ 0.924865767917457, 7.446236559490598 ], [ 0.944034965643368, 7.463908163871926 ], [ 0.954817638929507, 7.478983939076361 ], [ 0.950225019388714, 7.489067736326238 ], [ 0.939350242450961, 7.50207237502987 ], [ 0.951864530451305, 7.505133973346704 ], [ 0.971006847279962, 7.518701262132336 ], [ 0.995184025910941, 7.515855941151082 ], [ 1.006415978067506, 7.509665887158331 ], [ 1.007189734624084, 7.501329283486239 ], [ 1.011932114007017, 7.499032973129371 ], [ 1.026508691689253, 7.499769290224044 ] ] ] } },
{ "type": "Feature", "properties": { "region": "Plateaux", "prefecture": "Amou", "commune": "Amou 1", "canton": "Amlamé (Ouma)", "population": 18900, "FRI": 0.0751, "classe_fri": "Tres faible", "rwi_min": -0.468, "urban_ratio": 0.0, "infrastructure_documentee": false, "WUI": 0.2898, "priorite": "Surveillance" }, "geometry": { "type": "Polygon", "coordinates": [ [ [ 0.916404364269105, 7.412440864419559 ], [ 0.934874684574861, 7.396067175255781 ], [ 0.929183829504451, 7.391075195942681 ], [ 0.925789283801691, 7.392273271327585 ], [ 0.919798909763731, 7.388179848640088 ], [ 0.911412385428955, 7.390476159101398 ], [ 0.905821369383347, 7.386382736104659 ], [ 0.904623294274054, 7.389178244494436 ], [ 0.895338214244969, 7.391574394568249 ], [ 0.885454096616315, 7.399661399321041 ], [ 0.879788200730241, 7.394563341707423 ], [ 0.85759885623517, 7.397864286826861 ], [ 0.843721155868788, 7.394669421117535 ], [ 0.831941877575673, 7.395094194427728 ], [ 0.843213356181086, 7.40337304357204 ], [ 0.852526696477402, 7.416809163971105 ], [ 0.859927905231207, 7.43256443705132 ], [ 0.857192119162181, 7.438793780193203 ], [ 0.858484611037296, 7.440906044274679 ], [ 0.874884739647675, 7.453554580380706 ], [ 0.88214300864083, 7.467029973101437 ], [ 0.891062941490866, 7.476412406376494 ], [ 0.911738116895259, 7.489385936661806 ], [ 0.939350242450961, 7.50207237502987 ], [ 0.950225019388714, 7.489067736326238 ], [ 0.954817638929507, 7.478983939076361 ], [ 0.944034965643368, 7.463908163871926 ], [ 0.924865767917457, 7.446236559490598 ], [ 0.914083093853057, 7.419629313639251 ], [ 0.916404364269105, 7.412440864419559 ] ] ] } },
{ "type": "Feature", "properties": { "region": "Plateaux", "prefecture": "Amou", "commune": "Amou 2", "canton": "Kpatégan", "population": 17721, "FRI": 0.0794, "classe_fri": "Tres faible", "rwi_min": -1.047, "urban_ratio": 0.0, "infrastructure_documentee": false, "WUI": 0.3352, "priorite": "Elevee" }, "geometry": { "type": "Polygon", "coordinates": [ [ [ 1.136740596515865, 7.357568435980715 ], [ 1.11649305345026, 7.341807676627976 ], [ 1.078158632310035, 7.331636421198359 ], [ 1.073071636212795, 7.321456269281041 ], [ 1.065578800948646, 7.285720782098128 ], [ 1.032255707510084, 7.306130440307011 ], [ 1.024667900001458, 7.327845548000728 ], [ 1.009592124751737, 7.334934157539166 ], [ 0.993717632609403, 7.333536403472356 ], [ 0.962274407638371, 7.335657993849402 ], [ 0.954287241970496, 7.356873903194363 ], [ 0.959354100286926, 7.377590614571131 ], [ 0.956614751211956, 7.396067174963308 ], [ 0.994899595354011, 7.411332198178473 ], [ 1.025204537829363, 7.416833805517101 ], [ 1.035263373922888, 7.446136720478774 ], [ 1.061583581174582, 7.448445510544175 ], [ 1.064978127095696, 7.444551767342159 ], [ 1.073414570978974, 7.44230537618921 ], [ 1.078905747261883, 7.422986419534063 ], [ 1.077008795235501, 7.410905831575102 ], [ 1.083298688169112, 7.397527329058313 ], [ 1.09098633542382, 7.395830055907845 ], [ 1.093881682943993, 7.398725403737703 ], [ 1.101968687912865, 7.3987254038429 ], [ 1.109456656035781, 7.392934707905045 ], [ 1.117743340333918, 7.378358130576704 ], [ 1.12742777924409, 7.372667275388438 ], [ 1.136740596515865, 7.357568435980715 ] ] ] } },
{ "type": "Feature", "properties": { "region": "Plateaux", "prefecture": "Amou", "commune": "Amou 2", "canton": "Ekpégnon", "population": 7245, "FRI": 0.0663, "classe_fri": "Tres faible", "rwi_min": -0.514, "urban_ratio": 0.0, "infrastructure_documentee": false, "WUI": 0.279, "priorite": "Surveillance" }, "geometry": { "type": "Polygon", "coordinates": [ [ [ 1.065578800948646, 7.285720782098128 ], [ 1.06255499002075, 7.275471241084163 ], [ 1.061042956031554, 7.245048613272154 ], [ 1.035525408880503, 7.195715058782802 ], [ 1.03586469573401, 7.199381138998129 ], [ 1.026728082410608, 7.218419842662809 ], [ 1.015418432429505, 7.230507738969777 ], [ 1.008073626449712, 7.251580130884162 ], [ 0.99779135875061, 7.25440216426063 ], [ 0.995667235044677, 7.272703158722909 ], [ 0.989396621178212, 7.290637352077405 ], [ 0.97652960676929, 7.300047635346581 ], [ 0.964685214573651, 7.298545537581718 ], [ 0.954769209909641, 7.300239019113901 ], [ 0.947276124382045, 7.297906610207914 ], [ 0.938281710375723, 7.310872820738179 ], [ 0.941077217846954, 7.325249719069578 ], [ 0.957925146352838, 7.330166817845994 ], [ 0.962274407638371, 7.335657993849402 ], [ 0.993717632609403, 7.333536403472356 ], [ 1.009592124751737, 7.334934157539166 ], [ 1.024667900001458, 7.327845548000728 ], [ 1.032255707510084, 7.306130440307011 ], [ 1.065578800948646, 7.285720782098128 ] ] ] } },
{ "type": "Feature", "properties": { "region": "Plateaux", "prefecture": "Amou", "commune": "Amou 2", "canton": "Amou-Oblo", "population": 22608, "FRI": 0.1025, "classe_fri": "Faible", "rwi_min": -0.582, "urban_ratio": 0.0, "infrastructure_documentee": false, "WUI": 0.3165, "priorite": "Moyenne" }, "geometry": { "type": "Polygon", "coordinates": [ [ [ 0.93435052689793, 7.398363484623201 ], [ 0.956614751211956, 7.396067174963308 ], [ 0.959354100286926, 7.377590614571131 ], [ 0.954287241970496, 7.356873903194363 ], [ 0.962274407638371, 7.335657993849402 ], [ 0.957925146352838, 7.330166817845994 ], [ 0.941077217846954, 7.325249719069578 ], [ 0.891082553088367, 7.339951095834079 ], [ 0.873560707473212, 7.330316576964405 ], [ 0.826733589151584, 7.344711065656356 ], [ 0.837949764178388, 7.373558820659473 ], [ 0.836486489904158, 7.388763752635543 ], [ 0.831941877575673, 7.395094194427728 ], [ 0.843721155868788, 7.394669421117535 ], [ 0.85759885623517, 7.397864286826861 ], [ 0.879788200730241, 7.394563341707423 ], [ 0.885454096616315, 7.399661399321041 ], [ 0.895338214244969, 7.391574394568249 ], [ 0.904623294274054, 7.389178244494436 ], [ 0.905821369383347, 7.386382736104659 ], [ 0.911412385428955, 7.390476159101398 ], [ 0.919798909763731, 7.388179848640088 ], [ 0.925789283801691, 7.392273271327585 ], [ 0.929183829504451, 7.391075195942681 ], [ 0.934874684574861, 7.396067175255781 ], [ 0.93435052689793, 7.398363484623201 ] ] ] } },
{ "type": "Feature", "properties": { "region": "Plateaux", "prefecture": "Amou", "commune": "Amou 2", "canton": "Sodo", "population": 8533, "FRI": 0.0675, "classe_fri": "Tres faible", "rwi_min": -0.579, "urban_ratio": 0.0, "infrastructure_documentee": false, "WUI": 0.2856, "priorite": "Surveillance" }, "geometry": { "type": "Polygon", "coordinates": [ [ [ 0.941077217846954, 7.325249719069578 ], [ 0.938281710375723, 7.310872820738179 ], [ 0.947276124382045, 7.297906610207914 ], [ 0.923312998445134, 7.288457010675808 ], [ 0.906772441904398, 7.296611954131532 ], [ 0.895137503115678, 7.297273209618017 ], [ 0.879263921635172, 7.303851803203228 ], [ 0.873396951317536, 7.299606783954379 ], [ 0.82660159524929, 7.295403048873567 ], [ 0.80689096783394, 7.287249138186406 ], [ 0.784403201708842, 7.288974861507752 ], [ 0.787555455885905, 7.313289269651563 ], [ 0.791227620793407, 7.321482931808569 ], [ 0.798981717044842, 7.32576686632833 ], [ 0.818065305915812, 7.327750047912078 ], [ 0.82161241629402, 7.338542280288027 ], [ 0.825671194390365, 7.3406771846487 ], [ 0.826733589151584, 7.344711065656356 ], [ 0.867770012907199, 7.331265052773238 ], [ 0.873560707473212, 7.330316576964405 ], [ 0.891082553088367, 7.339951095834079 ], [ 0.941077217846954, 7.325249719069578 ] ] ] } },
{ "type": "Feature", "properties": { "region": "Plateaux", "prefecture": "Amou", "commune": "Amou 3", "canton": "Gamé", "population": 5519, "FRI": 0.0652, "classe_fri": "Tres faible", "rwi_min": -0.726, "urban_ratio": 0.0, "infrastructure_documentee": false, "WUI": 0.2931, "priorite": "Surveillance" }, "geometry": { "type": "Polygon", "coordinates": [ [ [ 1.080103671829832, 7.860365538646438 ], [ 1.086645719552684, 7.855233926877159 ], [ 1.08652528555222, 7.846214361337669 ], [ 1.082069862011422, 7.839359444594407 ], [ 1.082310730883943, 7.835751640560777 ], [ 1.087368197979474, 7.833466687681248 ], [ 1.101453848821591, 7.770793775182073 ], [ 1.106625800414005, 7.716370495158036 ], [ 1.116094407114237, 7.70162212927471 ], [ 1.12658606100321, 7.677665346548343 ], [ 1.080320359954394, 7.673768908571728 ], [ 1.046835190864766, 7.677762552603919 ], [ 0.991538581898962, 7.700342001210112 ], [ 0.97057195092395, 7.718159797210453 ], [ 0.950526930273238, 7.755715410404561 ], [ 0.920881804637719, 7.784899732026078 ], [ 0.892681748503547, 7.800041150133815 ], [ 0.899880859693529, 7.819852159408094 ], [ 0.896078501505547, 7.829258604948995 ], [ 0.911300894897486, 7.855923265089759 ], [ 0.922850552395896, 7.858515682281319 ], [ 0.932609623607756, 7.866292993350202 ], [ 0.938787389473514, 7.865220271606327 ], [ 0.940398878349413, 7.860571738306883 ], [ 0.963197496281496, 7.860219944784563 ], [ 0.969912425937506, 7.862454770587446 ], [ 0.970628686091549, 7.858163829722667 ], [ 0.987371267793166, 7.865136628188524 ], [ 0.988356110323184, 7.868891152564543 ], [ 0.991042055420525, 7.86746083905631 ], [ 1.012381863056879, 7.874691483075829 ], [ 1.020976863235056, 7.872188448142655 ], [ 1.023931520667131, 7.87487025097978 ], [ 1.027244242848324, 7.872903577520818 ], [ 1.035969260217291, 7.873440388122908 ], [ 1.041520379043724, 7.877284352995288 ], [ 1.045191167155652, 7.86888129582191 ], [ 1.05906870473233, 7.867629750620146 ], [ 1.065335955380692, 7.863249426129499 ], [ 1.080103671829832, 7.860365538646438 ] ] ] } },
{ "type": "Feature", "properties": { "region": "Plateaux", "prefecture": "Amou", "commune": "Amou 3", "canton": "Otadi", "population": 7677, "FRI": 0.0659, "classe_fri": "Tres faible", "rwi_min": -0.693, "urban_ratio": 0.0, "infrastructure_documentee": false, "WUI": 0.2927, "priorite": "Surveillance" }, "geometry": { "type": "Polygon", "coordinates": [ [ [ 1.046835190864766, 7.677762552603919 ], [ 1.080320359954394, 7.673768908571728 ], [ 1.12658606100321, 7.677665346548343 ], [ 1.136593644574957, 7.666390173669024 ], [ 1.146466680322508, 7.646689526428162 ], [ 1.103663016803102, 7.634576477139053 ], [ 1.020334099236484, 7.632003648979865 ], [ 1.004820328260127, 7.628931615323994 ], [ 0.998484259026703, 7.615376265736458 ], [ 0.990880975201539, 7.620713924597794 ], [ 0.968171924542294, 7.624688368161046 ], [ 0.964178281429157, 7.627606800229376 ], [ 0.953291761494658, 7.627664400546973 ], [ 0.950181326472944, 7.630467631973159 ], [ 0.94566927684021, 7.627990804563098 ], [ 0.940504420540692, 7.632502854577932 ], [ 0.93594437016827, 7.630333230018556 ], [ 0.929992304410319, 7.633674067435621 ], [ 0.918222575194077, 7.633424464302997 ], [ 0.897019023009945, 7.639835679098018 ], [ 0.892827647253094, 7.64348718970684 ], [ 0.868405878650286, 7.649560240904777 ], [ 0.865626305110317, 7.65433617635944 ], [ 0.868663844376765, 7.661456935895901 ], [ 0.860325379834301, 7.665264799478614 ], [ 0.860133514812568, 7.667727601808806 ], [ 0.877518628274292, 7.692626170602514 ], [ 0.890294396040536, 7.734945317637973 ], [ 0.892681748503547, 7.800041150133815 ], [ 0.920881804637719, 7.784899732026078 ], [ 0.950526930273238, 7.755715410404561 ], [ 0.97057195092395, 7.718159797210453 ], [ 0.991538581898962, 7.700342001210112 ], [ 1.046835190864766, 7.677762552603919 ] ] ] } },
{ "type": "Feature", "properties": { "region": "Plateaux", "prefecture": "Amou", "commune": "Amou 3", "canton": "Hihéatro", "population": 9315, "FRI": 0.1006, "classe_fri": "Faible", "rwi_min": -0.647, "urban_ratio": 0.0, "infrastructure_documentee": false, "WUI": 0.3096, "priorite": "Moyenne" }, "geometry": { "type": "Polygon", "coordinates": [ [ [ 1.146466680322508, 7.646689526428162 ], [ 1.15013267964752, 7.63762602956239 ], [ 1.151376653428308, 7.625444679192603 ], [ 1.148957350290242, 7.596942488590097 ], [ 1.141732991756906, 7.562727404772913 ], [ 1.119268455800487, 7.557008428703171 ], [ 1.114817433222899, 7.549546747410586 ], [ 1.111717607650782, 7.53787793208771 ], [ 1.117198153842163, 7.52013134140519 ], [ 1.099173180265198, 7.519181847203677 ], [ 1.087801841835314, 7.526134283179231 ], [ 1.084921810593327, 7.545603297194678 ], [ 1.086381026660624, 7.547600119620363 ], [ 1.084192201892021, 7.550403350652715 ], [ 1.067430436071215, 7.550149273862989 ], [ 1.050220589823533, 7.557524922509595 ], [ 1.003858102055174, 7.558411641789125 ], [ 1.005390158385387, 7.568466816035037 ], [ 1.009560980915434, 7.576362036260698 ], [ 1.020898705400129, 7.576440036877121 ], [ 1.043065349656388, 7.590446591601856 ], [ 1.044370963429729, 7.597665870356628 ], [ 1.037996494017419, 7.607419578178684 ], [ 1.037382086471632, 7.617019683846261 ], [ 1.044140561681369, 7.624238963491802 ], [ 1.045292265123919, 7.633001975025875 ], [ 1.103663016803102, 7.634576477139053 ], [ 1.146466680322508, 7.646689526428162 ] ] ] } },
{ "type": "Feature", "properties": { "region": "Plateaux", "prefecture": "Amou", "commune": "Amou 3", "canton": "Okpahoé", "population": 2465, "FRI": 0.055, "classe_fri": "Tres faible", "rwi_min": -0.602, "urban_ratio": 0.0, "infrastructure_documentee": false, "WUI": 0.2756, "priorite": "Surveillance" }, "geometry": { "type": "Polygon", "coordinates": [ [ [ 1.045292265123919, 7.633001975025875 ], [ 1.044140561681369, 7.624238963491802 ], [ 1.037382086471632, 7.617019683846261 ], [ 1.037996494017419, 7.607419578178684 ], [ 1.044370963429729, 7.597665870356628 ], [ 1.043065349656388, 7.590446591601856 ], [ 1.020898705400129, 7.576440036877121 ], [ 1.009560980915434, 7.576362036260698 ], [ 1.007205553035621, 7.573112708192813 ], [ 0.995886717378134, 7.572766148576645 ], [ 0.979021594829245, 7.580532570762044 ], [ 0.96071883555783, 7.583955381928432 ], [ 0.935460772425103, 7.597974302350688 ], [ 0.923796114172542, 7.597647685620464 ], [ 0.909023958789163, 7.618819892018612 ], [ 0.902738749295298, 7.624110421401936 ], [ 0.902212984058022, 7.638007556977513 ], [ 0.919758592165999, 7.633117261169849 ], [ 0.929992304410319, 7.633674067435621 ], [ 0.935041960648257, 7.63039083098919 ], [ 0.940504420540692, 7.632502854577932 ], [ 0.94566927684021, 7.627990804563098 ], [ 0.950181326472944, 7.630467631973159 ], [ 0.953291761494658, 7.627664400546973 ], [ 0.964178281429157, 7.627606800229376 ], [ 0.968171924542294, 7.624688368161046 ], [ 0.990880975201539, 7.620713924597794 ], [ 0.998484259026703, 7.615376265736458 ], [ 1.004820328260127, 7.628931615323994 ], [ 1.020334099236484, 7.632003648979865 ], [ 1.045292265123919, 7.633001975025875 ] ] ] } },
{ "type": "Feature", "properties": { "region": "Plateaux", "prefecture": "Amou", "commune": "Amou 3", "canton": "Evou", "population": 5188, "FRI": 0.0654, "classe_fri": "Tres faible", "rwi_min": -0.879, "urban_ratio": 0.0, "infrastructure_documentee": false, "WUI": 0.3046, "priorite": "Moyenne" }, "geometry": { "type": "Polygon", "coordinates": [ [ [ 1.060921545733134, 7.552822577254786 ], [ 1.06589540256918, 7.534181182887171 ], [ 1.059330950919844, 7.520390841627904 ], [ 1.052866338391032, 7.518855808187488 ], [ 1.050195630340566, 7.514787345353169 ], [ 1.053789854410139, 7.503879872075347 ], [ 1.051318825396485, 7.494594791954865 ], [ 1.059405830599742, 7.484411155569592 ], [ 1.058157835738136, 7.479419177240604 ], [ 1.054463771698152, 7.478969899154443 ], [ 1.045028931920285, 7.482222485358344 ], [ 1.027956365185835, 7.495176670018667 ], [ 1.026733330979808, 7.532029951718615 ], [ 0.999956229529564, 7.545632740572292 ], [ 1.003858102055174, 7.558411641789125 ], [ 1.050220589823533, 7.557524922509595 ], [ 1.060921545733134, 7.552822577254786 ] ] ] } },
{ "type": "Feature", "properties": { "region": "Plateaux", "prefecture": "Amou", "commune": "Amou 3", "canton": "Témédja", "population": 3195, "FRI": 0.0606, "classe_fri": "Tres faible", "rwi_min": -0.687, "urban_ratio": 0.0, "infrastructure_documentee": false, "WUI": 0.2857, "priorite": "Surveillance" }, "geometry": { "type": "Polygon", "coordinates": [ [ [ 1.060921545733134, 7.552822577254786 ], [ 1.085075412073262, 7.550057746423648 ], [ 1.087801841835314, 7.526134283179231 ], [ 1.099173180265198, 7.519181847203677 ], [ 1.117198153842163, 7.52013134140519 ], [ 1.120539239186829, 7.513828441876577 ], [ 1.112152324416683, 7.503007836164205 ], [ 1.102954603871834, 7.46890014247482 ], [ 1.078593748371772, 7.467103030183831 ], [ 1.069570747077435, 7.459927060966354 ], [ 1.061583581174582, 7.448445510544175 ], [ 1.035263373922888, 7.446136720478774 ], [ 1.045028931920285, 7.482222485358344 ], [ 1.054463771698152, 7.478969899154443 ], [ 1.058607114207074, 7.480717091364186 ], [ 1.059056392497685, 7.485559310688485 ], [ 1.051318825396485, 7.494594791954865 ], [ 1.053789854410139, 7.503879872075347 ], [ 1.050195630340566, 7.514787345353169 ], [ 1.052866338391032, 7.518855808187488 ], [ 1.059330950919844, 7.520390841627904 ], [ 1.064797167357028, 7.53067431789479 ], [ 1.06589540256918, 7.534181182887171 ], [ 1.060921545733134, 7.552822577254786 ] ] ] } },
{ "type": "Feature", "properties": { "region": "Plateaux", "prefecture": "Amou", "commune": "Amou 3", "canton": "Avédjè", "population": 4411, "FRI": 0.078, "classe_fri": "Tres faible", "rwi_min": -0.742, "urban_ratio": 0.0, "infrastructure_documentee": false, "WUI": 0.3004, "priorite": "Moyenne" }, "geometry": { "type": "Polygon", "coordinates": [ [ [ 1.120539239000038, 7.513828442000037 ], [ 1.125864514744751, 7.506049269580375 ], [ 1.141461029580079, 7.501543708856923 ], [ 1.154648491418327, 7.418484500887161 ], [ 1.154365928024298, 7.398353713373113 ], [ 1.150859215088945, 7.385848619608744 ], [ 1.136740596515865, 7.357568435980715 ], [ 1.12742777924409, 7.372667275388438 ], [ 1.117743340333918, 7.378358130576704 ], [ 1.109456656035781, 7.392934707905045 ], [ 1.101968687912865, 7.3987254038429 ], [ 1.093881682943993, 7.398725403737703 ], [ 1.09098633542382, 7.395830055907845 ], [ 1.083298688169112, 7.397527329058313 ], [ 1.077008795235501, 7.410905831575102 ], [ 1.078905747261883, 7.422986419534063 ], [ 1.073414570978974, 7.44230537618921 ], [ 1.064978127095696, 7.444551767342159 ], [ 1.061583581174582, 7.448445510544175 ], [ 1.069570747077435, 7.459927060966354 ], [ 1.078593748371772, 7.467103030183831 ], [ 1.102954603871834, 7.46890014247482 ], [ 1.112152324416683, 7.503007836164205 ], [ 1.120539239000038, 7.513828442000037 ] ] ] } },
{ "type": "Feature", "properties": { "region": "Plateaux", "prefecture": "Anié", "commune": "Anié 1", "canton": "Pallakoko", "population": 17826, "FRI": 0.0771, "classe_fri": "Tres faible", "rwi_min": -0.983, "urban_ratio": 0.0, "infrastructure_documentee": false, "WUI": 0.3292, "priorite": "Elevee" }, "geometry": { "type": "Polygon", "coordinates": [ [ [ 1.152029400218927, 7.973623142226779 ], [ 1.15090754945865, 7.93944727483363 ], [ 1.153132483828439, 7.905638874960229 ], [ 1.161887158901311, 7.895418456422059 ], [ 1.181579865727347, 7.883414358018701 ], [ 1.186511719672263, 7.877918789722167 ], [ 1.170485086652308, 7.865922883821503 ], [ 1.160248002164636, 7.834375949344796 ], [ 1.167142365115421, 7.79906845427588 ], [ 1.160221887860403, 7.786585478656551 ], [ 1.120762105679599, 7.779221046071853 ], [ 1.09930597166495, 7.779989517208236 ], [ 1.087368197979474, 7.833466687681248 ], [ 1.082310730883943, 7.835751640560777 ], [ 1.082069862011422, 7.839359444594407 ], [ 1.08652528555222, 7.846214361337669 ], [ 1.086645719552684, 7.855233926877159 ], [ 1.080103671829832, 7.860365538646438 ], [ 1.074033388255648, 7.881648740442617 ], [ 1.048555688324487, 7.902183863375896 ], [ 1.049855213918058, 7.918076480718469 ], [ 1.04521577042891, 7.938874687799101 ], [ 1.046135215387252, 7.94327793551151 ], [ 1.039862397049422, 7.945837687251442 ], [ 1.040739237338082, 7.952978103114523 ], [ 1.038063011988875, 7.956544193189014 ], [ 1.045564744459301, 7.957359036606816 ], [ 1.04899367489499, 7.954928812807001 ], [ 1.082643978880226, 7.96479978302938 ], [ 1.107420220465478, 7.964026580223972 ], [ 1.119062207042733, 7.968904402699335 ], [ 1.132080629758622, 7.968327190834592 ], [ 1.152029400218927, 7.973623142226779 ] ] ] } },
{ "type": "Feature", "properties": { "region": "Plateaux", "prefecture": "Anié", "commune": "Anié 1", "canton": "Anié", "population": 95579, "FRI": 0.2821, "classe_fri": "Moyen", "rwi_min": -0.816, "urban_ratio": 0.0331, "infrastructure_documentee": false, "WUI": 0.4924, "priorite": "Critique" }, "geometry": { "type": "Polygon", "coordinates": [ [ [ 1.289276126875219, 7.662239121917638 ], [ 1.27897625219094, 7.673159369864305 ], [ 1.265924240791011, 7.680907324324505 ], [ 1.241670419361817, 7.682795453222121 ], [ 1.204569257373055, 7.67772592127313 ], [ 1.193287572823428, 7.679371167088051 ], [ 1.189291975446428, 7.689007606220213 ], [ 1.1926012868573, 7.705859874056483 ], [ 1.189667827580532, 7.722251998941373 ], [ 1.182406138336391, 7.73444378755811 ], [ 1.173540498029425, 7.739587799143482 ], [ 1.157068122395325, 7.739662806168603 ], [ 1.151475387086882, 7.736604089745011 ], [ 1.146210649664077, 7.712499682419281 ], [ 1.143480852639687, 7.709507461744661 ], [ 1.113209808545587, 7.707048872159414 ], [ 1.106625800414005, 7.716370495158036 ], [ 1.103133456120565, 7.762313611973958 ], [ 1.09930597166495, 7.779989517208236 ], [ 1.120762105679599, 7.779221046071853 ], [ 1.160221887860403, 7.786585478656551 ], [ 1.167142365115421, 7.79906845427588 ], [ 1.160248002164636, 7.834375949344796 ], [ 1.170485086652308, 7.865922883821503 ], [ 1.186511719672263, 7.877918789722167 ], [ 1.265663638324347, 7.858635300516927 ], [ 1.276403234738047, 7.853439974619936 ], [ 1.218215982719228, 7.81839443006852 ], [ 1.220566334017226, 7.800296726613078 ], [ 1.232788159137451, 7.781728953424365 ], [ 1.233023194767343, 7.760105724643744 ], [ 1.262050029255972, 7.74905907417992 ], [ 1.331855454691592, 7.751879495996194 ], [ 1.381259344176012, 7.763108083592041 ], [ 1.387048485155132, 7.742193394757831 ], [ 1.353368511260497, 7.720331695310793 ], [ 1.315762895363615, 7.689307061534433 ], [ 1.289276126875219, 7.662239121917638 ] ] ] } },
{ "type": "Feature", "properties": { "region": "Plateaux", "prefecture": "Anié", "commune": "Anié 1", "canton": "Kolo-Kopé", "population": 19722, "FRI": 0.1981, "classe_fri": "Moyen", "rwi_min": -0.848, "urban_ratio": 0.0, "infrastructure_documentee": false, "WUI": 0.3869, "priorite": "Critique" }, "geometry": { "type": "Polygon", "coordinates": [ [ [ 1.276403234738047, 7.853439974619936 ], [ 1.312286024145645, 7.836081522524835 ], [ 1.321373773752753, 7.82699330377464 ], [ 1.338257383584991, 7.820637919652873 ], [ 1.350238407341612, 7.812405243455825 ], [ 1.35338071130573, 7.808060008092247 ], [ 1.350723518805076, 7.7982685965617 ], [ 1.369654252814061, 7.796939278474922 ], [ 1.383491134139635, 7.786746631401705 ], [ 1.387318357265501, 7.788216710777109 ], [ 1.39905993614841, 7.783083357695711 ], [ 1.381259344176012, 7.763108083592041 ], [ 1.331855454691592, 7.751879495996194 ], [ 1.262050029255972, 7.74905907417992 ], [ 1.233023194767343, 7.760105724643744 ], [ 1.232788159137451, 7.781728953424365 ], [ 1.220566334017226, 7.800296726613078 ], [ 1.218215982719228, 7.81839443006852 ], [ 1.276403234738047, 7.853439974619936 ] ] ] } },
{ "type": "Feature", "properties": { "region": "Plateaux", "prefecture": "Anié", "commune": "Anié 2", "canton": "Adogbénou", "population": 26944, "FRI": 0.0828, "classe_fri": "Tres faible", "rwi_min": -0.942, "urban_ratio": 0.0, "infrastructure_documentee": false, "WUI": 0.3367, "priorite": "Elevee" }, "geometry": { "type": "Polygon", "coordinates": [ [ [ 1.525570896776848, 7.680375727491669 ], [ 1.496426543951686, 7.682882769055704 ], [ 1.422155452003029, 7.708266559592931 ], [ 1.387048485155132, 7.742193394757831 ], [ 1.381259344176012, 7.763108083592041 ], [ 1.39905993614841, 7.783083357695711 ], [ 1.402265564390599, 7.780682212555128 ], [ 1.414802397363275, 7.779865935295253 ], [ 1.419795895243542, 7.775371446496319 ], [ 1.463571596727846, 7.77841075482956 ], [ 1.470489837805705, 7.782556275081443 ], [ 1.473324573899631, 7.791177696853302 ], [ 1.475941462598399, 7.845313508621297 ], [ 1.480307124492686, 7.87613112356034 ], [ 1.487314843061749, 7.889182043384995 ], [ 1.493212239673035, 7.894295130201593 ], [ 1.537445833890417, 7.909805009242295 ], [ 1.62951100214363, 7.917162608081541 ], [ 1.630082526414617, 7.875396901458915 ], [ 1.626602183954103, 7.86250326464646 ], [ 1.624493944155587, 7.837140961929562 ], [ 1.634300621959776, 7.811534368914752 ], [ 1.632085579478614, 7.79384040839267 ], [ 1.631149437500308, 7.693530206873671 ], [ 1.525570896776848, 7.680375727491669 ] ] ] } },
{ "type": "Feature", "properties": { "region": "Plateaux", "prefecture": "Anié", "commune": "Anié 2", "canton": "Atchinédji", "population": 10756, "FRI": 0.0789, "classe_fri": "Tres faible", "rwi_min": -0.85, "urban_ratio": 0.0, "infrastructure_documentee": false, "WUI": 0.3143, "priorite": "Moyenne" }, "geometry": { "type": "Polygon", "coordinates": [ [ [ 1.511280530132103, 7.681605006232695 ], [ 1.475038349556189, 7.649977853956558 ], [ 1.465636945271652, 7.631801806382075 ], [ 1.464383424739641, 7.612372237683712 ], [ 1.475665109497602, 7.574139861243951 ], [ 1.460622863782233, 7.544055368477125 ], [ 1.441820055303606, 7.518984956908483 ], [ 1.447845107528864, 7.481500816528745 ], [ 1.438750901542644, 7.44566721218899 ], [ 1.430512801115137, 7.437289100518369 ], [ 1.407006313722949, 7.462218058514417 ], [ 1.403381356835797, 7.481828703220081 ], [ 1.38319964799004, 7.487837645387105 ], [ 1.376649952497483, 7.496102090224808 ], [ 1.376721951089422, 7.503001052091983 ], [ 1.384279274354839, 7.508390908743769 ], [ 1.383268528447594, 7.514830164126458 ], [ 1.379021852324181, 7.520938635196679 ], [ 1.374055548527834, 7.52316641973074 ], [ 1.361963801329459, 7.522950811177269 ], [ 1.338327309416175, 7.530376829260716 ], [ 1.336239903807655, 7.541190721499253 ], [ 1.340414574413545, 7.543849715790015 ], [ 1.344804992958853, 7.542125005556053 ], [ 1.348331778843328, 7.544927678904554 ], [ 1.350562401402924, 7.554165271048645 ], [ 1.348259252906374, 7.559411330518826 ], [ 1.330409315820163, 7.557471007905433 ], [ 1.316302166650161, 7.567244559345804 ], [ 1.306694476104358, 7.570944840748711 ], [ 1.307203533271759, 7.583623295864984 ], [ 1.317132506455224, 7.593580017571622 ], [ 1.315980866337186, 7.598610531117067 ], [ 1.306140594332341, 7.603318199900401 ], [ 1.301524849607834, 7.598348175205618 ], [ 1.297814174368591, 7.597851125931363 ], [ 1.284653279410582, 7.60404672554054 ], [ 1.283742765258311, 7.613883645042548 ], [ 1.294623301028331, 7.622095604594781 ], [ 1.298717159574224, 7.635508507889481 ], [ 1.29866004886019, 7.639694013051302 ], [ 1.292333224686073, 7.646992018283885 ], [ 1.289276126875219, 7.662239121917638 ], [ 1.315762895363615, 7.689307061534433 ], [ 1.353368511260497, 7.720331695310793 ], [ 1.387048485155132, 7.742193394757831 ], [ 1.422155452003029, 7.708266559592931 ], [ 1.496426543951686, 7.682882769055704 ], [ 1.511280530132103, 7.681605006232695 ] ] ] } },
{ "type": "Feature", "properties": { "region": "Plateaux", "prefecture": "Anié", "commune": "Anié 2", "canton": "Glitto", "population": 34872, "FRI": 0.1044, "classe_fri": "Faible", "rwi_min": -0.918, "urban_ratio": 0.0, "infrastructure_documentee": false, "WUI": 0.3531, "priorite": "Elevee" }, "geometry": { "type": "Polygon", "coordinates": [ [ [ 1.631150407998001, 7.693598175797544 ], [ 1.630486055347541, 7.641099149119741 ], [ 1.640093999890691, 7.63624074148882 ], [ 1.639838382814031, 7.630798000060885 ], [ 1.645055273711289, 7.622688045375003 ], [ 1.642807694034012, 7.615947347933949 ], [ 1.648287843847369, 7.610571036185016 ], [ 1.64544769369128, 7.596553826106072 ], [ 1.646485563773726, 7.583270487429917 ], [ 1.642942504504962, 7.57843798910784 ], [ 1.645251775479486, 7.564786167010114 ], [ 1.635902931802906, 7.482242023119594 ], [ 1.59185518059633, 7.484386490074552 ], [ 1.539391588898887, 7.505734203226334 ], [ 1.516937300757771, 7.503617244734692 ], [ 1.502890118743073, 7.491972189290259 ], [ 1.490494176583121, 7.492723243763733 ], [ 1.485790371004371, 7.489763710352775 ], [ 1.47189845254419, 7.488146734828423 ], [ 1.466485765323475, 7.489883834900048 ], [ 1.448678692326091, 7.48701514327672 ], [ 1.446907270640988, 7.484726189397408 ], [ 1.441820055303606, 7.518984956908483 ], [ 1.460622863782233, 7.544055368477125 ], [ 1.475665109497602, 7.574139861243951 ], [ 1.464383424739641, 7.612372237683712 ], [ 1.465636945271652, 7.631801806382075 ], [ 1.475038349556189, 7.649977853956558 ], [ 1.511280530132103, 7.681605006232695 ], [ 1.525570896776848, 7.680375727491669 ], [ 1.631150407998001, 7.693598175797544 ] ] ] } },
{ "type": "Feature", "properties": { "region": "Plateaux", "prefecture": "Danyi", "commune": "Danyi 1", "canton": "Danyi-Atigba", "population": 15155, "FRI": 0.0959, "classe_fri": "Tres faible", "rwi_min": -0.51, "urban_ratio": 0.0, "infrastructure_documentee": false, "WUI": 0.3014, "priorite": "Moyenne" }, "geometry": { "type": "Polygon", "coordinates": [ [ [ 0.695843694698074, 7.275481221338602 ], [ 0.688497961342775, 7.268383097086262 ], [ 0.686352017249478, 7.253774166560035 ], [ 0.704272503119442, 7.248453367003518 ], [ 0.707406304387771, 7.236962762021167 ], [ 0.731432114674563, 7.234037880250504 ], [ 0.75818393201259, 7.23588668933924 ], [ 0.741604200283564, 7.208070795796158 ], [ 0.730180450124133, 7.200573090765629 ], [ 0.700246939043375, 7.142414393997235 ], [ 0.676148463253226, 7.151475541240679 ], [ 0.672826375689489, 7.159605369189306 ], [ 0.674023152113273, 7.174915859043104 ], [ 0.672042280164887, 7.182467933526786 ], [ 0.66271567509121, 7.185439241342163 ], [ 0.670897088691681, 7.206645920121086 ], [ 0.66206570158445, 7.222245286900854 ], [ 0.674858832720501, 7.246098286810406 ], [ 0.674136640132162, 7.27341781312033 ], [ 0.682225199937397, 7.2826618825164 ], [ 0.676447657468738, 7.321825371652333 ], [ 0.676241316376097, 7.329913932310221 ], [ 0.679550507638064, 7.333063209322572 ], [ 0.678799942361114, 7.341427751075021 ], [ 0.668376411257228, 7.360595652801028 ], [ 0.703209709489184, 7.363876998849238 ], [ 0.724149868563926, 7.369511994869629 ], [ 0.726928593433063, 7.363726228604248 ], [ 0.726276709837769, 7.359321209321705 ], [ 0.720960728487607, 7.349596067506441 ], [ 0.710535162561059, 7.303048356865109 ], [ 0.695843694698074, 7.275481221338602 ] ] ] } },
{ "type": "Feature", "properties": { "region": "Plateaux", "prefecture": "Danyi", "commune": "Danyi 1", "canton": "Yikpa", "population": 1162, "FRI": 0.0323, "classe_fri": "Tres faible", "rwi_min": -0.452, "urban_ratio": 0.0, "infrastructure_documentee": false, "WUI": 0.2506, "priorite": "Surveillance" }, "geometry": { "type": "Polygon", "coordinates": [ [ [ 0.617360842965126, 7.162993867156326 ], [ 0.623459884775744, 7.158985259432168 ], [ 0.620724039201407, 7.14564567891927 ], [ 0.623449014483324, 7.132781061221822 ], [ 0.695661718918834, 7.129172659262492 ], [ 0.701380890767723, 7.120430916873329 ], [ 0.682345979002593, 7.116286722355048 ], [ 0.63477820842383, 7.113778611599862 ], [ 0.612266974336645, 7.104923043641289 ], [ 0.602948696877336, 7.107612592742172 ], [ 0.596649134466906, 7.114319771092254 ], [ 0.592559953317136, 7.113585388664214 ], [ 0.590045814386353, 7.109601181841446 ], [ 0.588440873402097, 7.109165605101744 ], [ 0.591874788372968, 7.117914304759635 ], [ 0.596117351634114, 7.121047475641546 ], [ 0.596913836940259, 7.134056907290161 ], [ 0.603177490254605, 7.136480864996331 ], [ 0.60566481294757, 7.142001994401414 ], [ 0.605455710922198, 7.154103398247869 ], [ 0.61149144207684, 7.155654299052967 ], [ 0.617360842965126, 7.162993867156326 ] ] ] } },
{ "type": "Feature", "properties": { "region": "Plateaux", "prefecture": "Danyi", "commune": "Danyi 1", "canton": "Danyi-Kakpa", "population": 3275, "FRI": 0.0578, "classe_fri": "Tres faible", "rwi_min": -0.77, "urban_ratio": 0.0, "infrastructure_documentee": false, "WUI": 0.2905, "priorite": "Surveillance" }, "geometry": { "type": "Polygon", "coordinates": [ [ [ 0.634342465344954, 7.208505774575607 ], [ 0.66271567509121, 7.185439241342163 ], [ 0.672042280164887, 7.182467933526786 ], [ 0.674023152113273, 7.174915859043104 ], [ 0.672826375689489, 7.159605369189306 ], [ 0.676148463253226, 7.151475541240679 ], [ 0.700246939043375, 7.142414393997235 ], [ 0.695661718918834, 7.129172659262492 ], [ 0.623449014483324, 7.132781061221822 ], [ 0.620724039201407, 7.14564567891927 ], [ 0.623459884775744, 7.158985259432168 ], [ 0.617106836317917, 7.163367342617748 ], [ 0.618323832082492, 7.16878854872537 ], [ 0.615497053666777, 7.174676051981853 ], [ 0.618745569379842, 7.184225158988065 ], [ 0.627510899739031, 7.187312445604057 ], [ 0.634342465344954, 7.208505774575607 ] ] ] } },
{ "type": "Feature", "properties": { "region": "Plateaux", "prefecture": "Danyi", "commune": "Danyi 2", "canton": "Danyi-Kpeto-Evita", "population": 6527, "FRI": 0.0806, "classe_fri": "Tres faible", "rwi_min": -0.583, "urban_ratio": 0.0, "infrastructure_documentee": false, "WUI": 0.2915, "priorite": "Surveillance" }, "geometry": { "type": "Polygon", "coordinates": [ [ [ 0.831941877575673, 7.395094194427728 ], [ 0.836486489904158, 7.388763752635543 ], [ 0.837949764178388, 7.373558820659473 ], [ 0.829821605506449, 7.348687798520101 ], [ 0.825671194390365, 7.3406771846487 ], [ 0.82161241629402, 7.338542280288027 ], [ 0.818065305915812, 7.327750047912078 ], [ 0.798981717044842, 7.32576686632833 ], [ 0.791227620793407, 7.321482931808569 ], [ 0.787555455885905, 7.313289269651563 ], [ 0.784407860164966, 7.288983731970253 ], [ 0.77405462788144, 7.265930376774835 ], [ 0.767411388256161, 7.259136884972641 ], [ 0.75818393201259, 7.23588668933924 ], [ 0.731432114674563, 7.234037880250504 ], [ 0.707406304387771, 7.236962762021167 ], [ 0.704272503119442, 7.248453367003518 ], [ 0.686352017249478, 7.253774166560035 ], [ 0.688497961342775, 7.268383097086262 ], [ 0.695843694698074, 7.275481221338602 ], [ 0.726731412936119, 7.270494436850604 ], [ 0.737804177739451, 7.275090678622609 ], [ 0.752010744178522, 7.292848885824296 ], [ 0.775827633824716, 7.334841824456602 ], [ 0.78357020039054, 7.391867374250578 ], [ 0.786984028918553, 7.390875554623248 ], [ 0.790211642949695, 7.393045173004055 ], [ 0.794991018772339, 7.387218191244833 ], [ 0.806411865798323, 7.389325822156456 ], [ 0.806846340830661, 7.394656880146612 ], [ 0.831941877575673, 7.395094194427728 ] ] ] } },
{ "type": "Feature", "properties": { "region": "Plateaux", "prefecture": "Danyi", "commune": "Danyi 2", "canton": "Danyi-Elavagnon", "population": 7346, "FRI": 0.0644, "classe_fri": "Tres faible", "rwi_min": -0.756, "urban_ratio": 0.0, "infrastructure_documentee": false, "WUI": 0.2964, "priorite": "Surveillance" }, "geometry": { "type": "Polygon", "coordinates": [ [ [ 0.78357020039054, 7.391867374250578 ], [ 0.775827633824716, 7.334841824456602 ], [ 0.752010744178522, 7.292848885824296 ], [ 0.737804177739451, 7.275090678622609 ], [ 0.726731412936119, 7.270494436850604 ], [ 0.695843694698074, 7.275481221338602 ], [ 0.710535162561059, 7.303048356865109 ], [ 0.720960728487607, 7.349596067506441 ], [ 0.726276709837769, 7.359321209321705 ], [ 0.726186039480468, 7.366933113213294 ], [ 0.724149868563926, 7.369511994869629 ], [ 0.703209709489184, 7.363876998849238 ], [ 0.668376411257228, 7.360595652801028 ], [ 0.666688683581559, 7.366652638483423 ], [ 0.668716562308099, 7.368185138397926 ], [ 0.669436124632812, 7.378934724179892 ], [ 0.679782143824366, 7.383134024721105 ], [ 0.687895998757882, 7.37935619557012 ], [ 0.697613423710695, 7.381985871679245 ], [ 0.711593971438233, 7.377665663278978 ], [ 0.727394772642511, 7.378321058435128 ], [ 0.748152503913407, 7.389997785337328 ], [ 0.759200920384249, 7.388943965078108 ], [ 0.76311132326907, 7.392725295085926 ], [ 0.767207940302811, 7.393097231468487 ], [ 0.768697602271676, 7.387704175704841 ], [ 0.78357020039054, 7.391867374250578 ] ] ] } },
{ "type": "Feature", "properties": { "region": "Plateaux", "prefecture": "Danyi", "commune": "Danyi 2", "canton": "Ahlon", "population": 3053, "FRI": 0.0567, "classe_fri": "Tres faible", "rwi_min": -0.435, "urban_ratio": 0.0, "infrastructure_documentee": false, "WUI": 0.2643, "priorite": "Surveillance" }, "geometry": { "type": "Polygon", "coordinates": [ [ [ 0.649854401177573, 7.377122506740379 ], [ 0.669436124632812, 7.378934724179892 ], [ 0.666547168292045, 7.363959201234306 ], [ 0.678799942361114, 7.341427751075021 ], [ 0.679550507638064, 7.333063209322572 ], [ 0.676241316376097, 7.329913932310221 ], [ 0.676447657468738, 7.321825371652333 ], [ 0.682225199937397, 7.2826618825164 ], [ 0.674136640132162, 7.27341781312033 ], [ 0.674858832720501, 7.246098286810406 ], [ 0.66206570158445, 7.222245286900854 ], [ 0.670897088691681, 7.206645920121086 ], [ 0.66271567509121, 7.185439241342163 ], [ 0.634261237952543, 7.208582427811743 ], [ 0.643464419409444, 7.254523109414006 ], [ 0.645447962188715, 7.292107296392695 ], [ 0.647180361432049, 7.294651504578181 ], [ 0.651795564287414, 7.292529793464904 ], [ 0.650915655661562, 7.304628546905018 ], [ 0.658450225008648, 7.315434897615563 ], [ 0.648214684956898, 7.357081446821173 ], [ 0.64140740403278, 7.370570880121975 ], [ 0.644277587780882, 7.376910447677328 ], [ 0.649005148843122, 7.378928571415835 ], [ 0.649854401177573, 7.377122506740379 ] ] ] } },
{ "type": "Feature", "properties": { "region": "Plateaux", "prefecture": "Est-Mono", "commune": "Est-Mono 1", "canton": "Elavagnon", "population": 53404, "FRI": 0.1978, "classe_fri": "Moyen", "rwi_min": -0.858, "urban_ratio": 0.0, "infrastructure_documentee": false, "WUI": 0.415, "priorite": "Critique" }, "geometry": { "type": "Polygon", "coordinates": [ [ [ 1.631252519787724, 8.041450089964711 ], [ 1.63324858352803, 7.981207045384371 ], [ 1.631058566134282, 7.974291287455853 ], [ 1.62951100214363, 7.917162608081541 ], [ 1.54800935271844, 7.911423053736829 ], [ 1.505071913918535, 7.899925994280143 ], [ 1.451639299198445, 7.941499726034132 ], [ 1.411108801579488, 7.93794808464593 ], [ 1.388336511422422, 7.90807251211267 ], [ 1.355118217485064, 7.890523224513233 ], [ 1.303932795245418, 7.888225102754531 ], [ 1.291606510159767, 7.871929336453607 ], [ 1.265663638324347, 7.858635300516927 ], [ 1.186511719672263, 7.877918789722167 ], [ 1.200049672120639, 7.90246934628534 ], [ 1.219479240752794, 7.911870750464989 ], [ 1.228371401941733, 7.935413433352572 ], [ 1.229833842962452, 7.949411079379583 ], [ 1.26444929047113, 7.986585798740696 ], [ 1.280849517667404, 8.009149168269655 ], [ 1.2963383105085, 8.010077347482286 ], [ 1.344530972355239, 8.005610583796555 ], [ 1.389275855291981, 8.020459559619502 ], [ 1.398040630823567, 8.025614683260232 ], [ 1.434915027114627, 8.022324191221342 ], [ 1.437389020405184, 8.025759816906092 ], [ 1.46422425330038, 8.011231146626995 ], [ 1.487127398507258, 8.005381436504276 ], [ 1.552115314786072, 8.0278274250963 ], [ 1.577603839495802, 8.039527001610288 ], [ 1.631252519787724, 8.041450089964711 ] ] ] } },
{ "type": "Feature", "properties": { "region": "Plateaux", "prefecture": "Est-Mono", "commune": "Est-Mono 1", "canton": "Gbadjahè", "population": 13929, "FRI": 0.1519, "classe_fri": "Faible", "rwi_min": -0.794, "urban_ratio": 0.0, "infrastructure_documentee": false, "WUI": 0.3527, "priorite": "Elevee" }, "geometry": { "type": "Polygon", "coordinates": [ [ [ 1.475941462598399, 7.845313508621297 ], [ 1.473324573899631, 7.791177696853302 ], [ 1.4676596314804, 7.779981032747004 ], [ 1.419795895243542, 7.775371446496319 ], [ 1.414802397363275, 7.779865935295253 ], [ 1.402265564390599, 7.780682212555128 ], [ 1.387318357265501, 7.788216710777109 ], [ 1.383491134139635, 7.786746631401705 ], [ 1.369654252814061, 7.796939278474922 ], [ 1.350723518805076, 7.7982685965617 ], [ 1.35338071130573, 7.808060008092247 ], [ 1.350238407341612, 7.812405243455825 ], [ 1.338257383584991, 7.820637919652873 ], [ 1.321373773752753, 7.82699330377464 ], [ 1.312286024145645, 7.836081522524835 ], [ 1.265663638324347, 7.858635300516927 ], [ 1.291606510159767, 7.871929336453607 ], [ 1.303932795245418, 7.888225102754531 ], [ 1.355118217485064, 7.890523224513233 ], [ 1.388336511422422, 7.90807251211267 ], [ 1.411108801579488, 7.93794808464593 ], [ 1.451639299198445, 7.941499726034132 ], [ 1.505071913918535, 7.899925994280143 ], [ 1.487314843061749, 7.889182043384995 ], [ 1.481214394753716, 7.878914195791665 ], [ 1.475941462598399, 7.845313508621297 ] ] ] } },
{ "type": "Feature", "properties": { "region": "Plateaux", "prefecture": "Est-Mono", "commune": "Est-Mono 2", "canton": "Morétan", "population": 59393, "FRI": 0.1019, "classe_fri": "Faible", "rwi_min": -1.052, "urban_ratio": 0.0, "infrastructure_documentee": false, "WUI": 0.3819, "priorite": "Elevee" }, "geometry": { "type": "Polygon", "coordinates": [ [ [ 1.336607851747445, 8.367154718218639 ], [ 1.481650473051615, 8.367446301643259 ], [ 1.498740114785202, 8.318886260523847 ], [ 1.488933927676819, 8.292764720237344 ], [ 1.453417512727076, 8.263933748035027 ], [ 1.445687468648801, 8.232595733860954 ], [ 1.426257900199176, 8.179738951115484 ], [ 1.469713279159671, 8.159682622042013 ], [ 1.475549984204518, 8.116286002420379 ], [ 1.455428367999859, 8.050809139913921 ], [ 1.434915027114627, 8.022324191221342 ], [ 1.398040630823567, 8.025614683260232 ], [ 1.373596980554865, 8.032717965635488 ], [ 1.349362249290142, 8.044835331137289 ], [ 1.312644543680279, 8.053296595058976 ], [ 1.3017806988219, 8.05883297703755 ], [ 1.294768817913945, 8.079431192557252 ], [ 1.284322813760268, 8.090295037392965 ], [ 1.259507983607911, 8.09266266091922 ], [ 1.261592061579103, 8.101085150626506 ], [ 1.267837907416741, 8.10683368713388 ], [ 1.259795890277478, 8.11303074646696 ], [ 1.265755610484103, 8.123447577492245 ], [ 1.266454607981699, 8.131621143333701 ], [ 1.261360539784959, 8.141796067641542 ], [ 1.262863163198255, 8.148147264027937 ], [ 1.270830861795943, 8.156561149021622 ], [ 1.269132667403255, 8.161413419120974 ], [ 1.271679759957846, 8.171327473676365 ], [ 1.270832389673319, 8.175534952205824 ], [ 1.264170977225024, 8.182383428527691 ], [ 1.26557664779088, 8.191211750521388 ], [ 1.26359770334181, 8.197009094777862 ], [ 1.269139941300123, 8.2078498785029 ], [ 1.267688733231364, 8.210287423696894 ], [ 1.261751903903122, 8.211077965851564 ], [ 1.262147767316824, 8.218258777631331 ], [ 1.255617204868673, 8.217731707924544 ], [ 1.25495388949965, 8.219469591702689 ], [ 1.256734961167813, 8.228165581561662 ], [ 1.2483523326343, 8.241966555440982 ], [ 1.255014765530797, 8.24064900330632 ], [ 1.261157773010996, 8.248419228744723 ], [ 1.24926479704867, 8.268018339550425 ], [ 1.251734380448427, 8.273439636655732 ], [ 1.251106621570145, 8.27979338066411 ], [ 1.233287559095198, 8.309225851833121 ], [ 1.235345161454655, 8.312811246625365 ], [ 1.234119320303053, 8.320069408329895 ], [ 1.239550154510144, 8.326995068892382 ], [ 1.237579905693929, 8.339747799318141 ], [ 1.243491277516785, 8.347072723987655 ], [ 1.237838139284476, 8.357903027685261 ], [ 1.251540698748913, 8.371350919260971 ], [ 1.336607851747445, 8.367154718218639 ] ] ] } },
{ "type": "Feature", "properties": { "region": "Plateaux", "prefecture": "Est-Mono", "commune": "Est-Mono 2", "canton": "Badin-Copé", "population": 22368, "FRI": 0.0876, "classe_fri": "Tres faible", "rwi_min": -0.884, "urban_ratio": 0.0, "infrastructure_documentee": false, "WUI": 0.3311, "priorite": "Elevee" }, "geometry": { "type": "Polygon", "coordinates": [ [ [ 1.477952565255322, 8.037366437479173 ], [ 1.466146123268001, 8.010740338172967 ], [ 1.437389020405184, 8.025759816906092 ], [ 1.455428367999859, 8.050809139913921 ], [ 1.475549984204518, 8.116286002420379 ], [ 1.469713279159671, 8.159682622042013 ], [ 1.426257900199176, 8.179738951115484 ], [ 1.445687468648801, 8.232595733860954 ], [ 1.453417512727076, 8.263933748035027 ], [ 1.488933927676819, 8.292764720237344 ], [ 1.498740114785202, 8.318886260523847 ], [ 1.481650473051615, 8.367446301643259 ], [ 1.573218339422606, 8.367553201386047 ], [ 1.598499458333659, 8.338002449058406 ], [ 1.601424339499242, 8.324213723010088 ], [ 1.602051099978858, 8.303321713826133 ], [ 1.584919652324936, 8.254225491976037 ], [ 1.571757686701929, 8.206591711662512 ], [ 1.549403236534321, 8.17504477770092 ], [ 1.564654402915125, 8.157286570054731 ], [ 1.559431401261047, 8.143288924042592 ], [ 1.536659110878833, 8.127828837639647 ], [ 1.524959585816294, 8.087716180237628 ], [ 1.499262414716742, 8.066406330831704 ], [ 1.477952565255322, 8.037366437479173 ] ] ] } },
{ "type": "Feature", "properties": { "region": "Plateaux", "prefecture": "Est-Mono", "commune": "Est-Mono 2", "canton": "Kamina", "population": 15178, "FRI": 0.0829, "classe_fri": "Tres faible", "rwi_min": -0.892, "urban_ratio": 0.0, "infrastructure_documentee": false, "WUI": 0.3233, "priorite": "Moyenne" }, "geometry": { "type": "MultiPolygon", "coordinates": [ [ [ [ 1.631064744804098, 8.036657565831511 ], [ 1.631207505859753, 8.040301205427065 ], [ 1.6312561312895, 8.036664413867664 ], [ 1.631064744804098, 8.036657565831511 ] ] ], [ [ [ 1.5745887430826, 8.367552220916417 ], [ 1.619854340583569, 8.367532667430284 ], [ 1.619596321082746, 8.361453535523754 ], [ 1.624583118115847, 8.356670576863177 ], [ 1.611480516686919, 8.333464609265004 ], [ 1.623006689197583, 8.319258723613283 ], [ 1.632175499798156, 8.231244169065718 ], [ 1.635775602800663, 8.139121525067543 ], [ 1.63142978331844, 8.084127540070025 ], [ 1.631188286890676, 8.041447791547878 ], [ 1.577603839495802, 8.039527001610288 ], [ 1.552115314786072, 8.0278274250963 ], [ 1.487127398507258, 8.005381436504276 ], [ 1.466146123268001, 8.010740338172967 ], [ 1.477952565255322, 8.037366437479173 ], [ 1.499262414716742, 8.066406330831704 ], [ 1.524959585816294, 8.087716180237628 ], [ 1.536659110878833, 8.127828837639647 ], [ 1.559431401261047, 8.143288924042592 ], [ 1.564654402915125, 8.157286570054731 ], [ 1.549403236534321, 8.17504477770092 ], [ 1.571757686701929, 8.206591711662512 ], [ 1.584919652324936, 8.254225491976037 ], [ 1.602051099978858, 8.303321713826133 ], [ 1.601424339499242, 8.324213723010088 ], [ 1.598499458333659, 8.338002449058406 ], [ 1.5745887430826, 8.367552220916417 ] ] ] ] } },
{ "type": "Feature", "properties": { "region": "Plateaux", "prefecture": "Est-Mono", "commune": "Est-Mono 3", "canton": "Kpéssi", "population": 10165, "FRI": 0.0773, "classe_fri": "Tres faible", "rwi_min": -0.725, "urban_ratio": 0.0, "infrastructure_documentee": false, "WUI": 0.3034, "priorite": "Moyenne" }, "geometry": { "type": "Polygon", "coordinates": [ [ [ 1.373596980554865, 8.032717965635488 ], [ 1.398040630823567, 8.025614683260232 ], [ 1.389275855291981, 8.020459559619502 ], [ 1.344530972355239, 8.005610583796555 ], [ 1.2963383105085, 8.010077347482286 ], [ 1.280849517667404, 8.009149168269655 ], [ 1.26444929047113, 7.986585798740696 ], [ 1.221320348409335, 7.994929544151705 ], [ 1.209667502859273, 8.002356509869381 ], [ 1.230699367838959, 8.013688555353291 ], [ 1.233096555120495, 8.031245937018856 ], [ 1.244125915474118, 8.031359246979727 ], [ 1.248781391157567, 8.04201424386871 ], [ 1.261196850222426, 8.058323438485971 ], [ 1.261325135637749, 8.067712350397532 ], [ 1.265980612361737, 8.075073968553488 ], [ 1.265917425253531, 8.082143568758395 ], [ 1.265076961000065, 8.087761638570381 ], [ 1.259507983607911, 8.09266266091922 ], [ 1.284322813760268, 8.090295037392965 ], [ 1.294768817913945, 8.079431192557252 ], [ 1.3017806988219, 8.05883297703755 ], [ 1.312644543680279, 8.053296595058976 ], [ 1.349362249290142, 8.044835331137289 ], [ 1.373596980554865, 8.032717965635488 ] ] ] } },
{ "type": "Feature", "properties": { "region": "Plateaux", "prefecture": "Est-Mono", "commune": "Est-Mono 3", "canton": "Nyamassila", "population": 16482, "FRI": 0.11, "classe_fri": "Faible", "rwi_min": -0.809, "urban_ratio": 0.0, "infrastructure_documentee": false, "WUI": 0.3329, "priorite": "Elevee" }, "geometry": { "type": "Polygon", "coordinates": [ [ [ 1.221320348409335, 7.994929544151705 ], [ 1.26444929047113, 7.986585798740696 ], [ 1.229833842962452, 7.949411079379583 ], [ 1.228371401941733, 7.935413433352572 ], [ 1.219479240752794, 7.911870750464989 ], [ 1.200049672120639, 7.90246934628534 ], [ 1.186511719672263, 7.877918789722167 ], [ 1.181579865727347, 7.883414358018701 ], [ 1.161887158901311, 7.895418456422059 ], [ 1.153132483828439, 7.905638874960229 ], [ 1.15090754945865, 7.93944727483363 ], [ 1.152029400218927, 7.973623142226779 ], [ 1.17588772878655, 7.980010862217896 ], [ 1.186432608453902, 7.988868090903551 ], [ 1.189994099135229, 7.995075152493325 ], [ 1.196697935929814, 7.994796200859705 ], [ 1.209667502859273, 8.002356509869381 ], [ 1.221320348409335, 7.994929544151705 ] ] ] } },
{ "type": "Feature", "properties": { "region": "Plateaux", "prefecture": "Haho", "commune": "Haho 1", "canton": "Notsé", "population": 73733, "FRI": 0.2328, "classe_fri": "Moyen", "rwi_min": -0.906, "urban_ratio": 0.026, "infrastructure_documentee": false, "WUI": 0.4544, "priorite": "Critique" }, "geometry": { "type": "Polygon", "coordinates": [ [ [ 1.195290372799938, 6.962818356644 ], [ 1.197723137940004, 6.945040725371003 ], [ 1.192183738361484, 6.926027112240135 ], [ 1.186195199249447, 6.9165951622133 ], [ 1.146820551913051, 6.920936853227166 ], [ 1.128854932476065, 6.910157482224456 ], [ 1.115979572497505, 6.898479830564215 ], [ 1.098912234691838, 6.859853749521813 ], [ 1.10885057596613, 6.828895520772392 ], [ 0.883888439804507, 6.835673449828183 ], [ 0.888043794400229, 6.85664286288309 ], [ 0.883993795428372, 6.880037295282954 ], [ 0.887285252281212, 6.89929619718073 ], [ 0.922768851249942, 6.904673523801456 ], [ 0.941930308746871, 6.910073445242502 ], [ 0.968055907293473, 6.910646294357096 ], [ 0.983233296567863, 6.919551429858142 ], [ 0.995597204276607, 6.920156061290293 ], [ 1.012843409435342, 6.933146165864597 ], [ 1.040394888792616, 6.933146165689267 ], [ 1.043159575765452, 6.936764146247522 ], [ 1.035166987561404, 6.941975154998161 ], [ 1.026878752126474, 6.952370612693354 ], [ 1.015721143579347, 6.951704335982348 ], [ 1.007823885607168, 6.946025703413323 ], [ 0.994082672805259, 6.954543652687189 ], [ 0.992029368401209, 6.964639003639849 ], [ 0.994556505356414, 6.97284147812708 ], [ 0.989701696636272, 6.985454255777228 ], [ 0.991785360659487, 6.991498924895057 ], [ 0.986128355020184, 7.000582351392506 ], [ 1.04688679744752, 6.992125618258211 ], [ 1.066536692893372, 6.982431669698214 ], [ 1.069867818313821, 6.977378839299045 ], [ 1.107371047448942, 6.977154269190866 ], [ 1.155054793208429, 6.969518881378495 ], [ 1.171298706999339, 6.964428622312983 ], [ 1.195290372799938, 6.962818356644 ] ] ] } },
{ "type": "Feature", "properties": { "region": "Plateaux", "prefecture": "Haho", "commune": "Haho 1", "canton": "Dalia", "population": 28191, "FRI": 0.1183, "classe_fri": "Faible", "rwi_min": -0.937, "urban_ratio": 0.0, "infrastructure_documentee": false, "WUI": 0.3567, "priorite": "Elevee" }, "geometry": { "type": "Polygon", "coordinates": [ [ [ 1.413460275844173, 6.938565617444744 ], [ 1.461247323948914, 6.852290747215348 ], [ 1.465120164006231, 6.851358233154251 ], [ 1.436618286263139, 6.858204752344031 ], [ 1.416072522148397, 6.859272146581615 ], [ 1.39526557886599, 6.856753406420392 ], [ 1.304447889663927, 6.80526900296824 ], [ 1.237544068099386, 6.741289037379938 ], [ 1.240552992525724, 6.737408570411404 ], [ 1.238122846212159, 6.735328147116734 ], [ 1.230125121614191, 6.736559283346449 ], [ 1.212919117110988, 6.747655023990264 ], [ 1.203746729383613, 6.758319494082865 ], [ 1.199122751341755, 6.759800678205535 ], [ 1.198163074201903, 6.764244307764211 ], [ 1.185938695337789, 6.773145943232423 ], [ 1.181925405779115, 6.770357759709446 ], [ 1.170409287620491, 6.776544001698031 ], [ 1.168577226575991, 6.779680633232384 ], [ 1.163429854798699, 6.780726200724527 ], [ 1.161173594620208, 6.787058025011628 ], [ 1.147428812787586, 6.795024848921702 ], [ 1.139726512948342, 6.796437736033027 ], [ 1.134277223808641, 6.800362400580397 ], [ 1.13280371171837, 6.805911058665152 ], [ 1.124088710071841, 6.808760498747475 ], [ 1.120855640689124, 6.813231386338469 ], [ 1.149889677778276, 6.828451345193115 ], [ 1.1666575885921, 6.843123267350006 ], [ 1.18821633163013, 6.849111806679497 ], [ 1.24727830323843, 6.849635803913513 ], [ 1.254913690480848, 6.861313456005271 ], [ 1.255325402589919, 6.876846230669741 ], [ 1.265767918757456, 6.905478935667978 ], [ 1.314424802860976, 6.88204877436233 ], [ 1.336881826309949, 6.889833876258162 ], [ 1.369070226702399, 6.917530871977721 ], [ 1.388233553575518, 6.929807377606751 ], [ 1.413460275844173, 6.938565617444744 ] ] ] } },
{ "type": "Feature", "properties": { "region": "Plateaux", "prefecture": "Haho", "commune": "Haho 1", "canton": "Atchavé", "population": 20226, "FRI": 0.1022, "classe_fri": "Faible", "rwi_min": -0.788, "urban_ratio": 0.0, "infrastructure_documentee": false, "WUI": 0.3301, "priorite": "Elevee" }, "geometry": { "type": "Polygon", "coordinates": [ [ [ 1.186195199249447, 6.9165951622133 ], [ 1.214116765305512, 6.904880081580314 ], [ 1.265767918757456, 6.905478935667978 ], [ 1.255325402589919, 6.876846230669741 ], [ 1.254913690480848, 6.861313456005271 ], [ 1.24727830323843, 6.849635803913513 ], [ 1.18821633163013, 6.849111806679497 ], [ 1.1666575885921, 6.843123267350006 ], [ 1.149889677778276, 6.828451345193115 ], [ 1.117743049815968, 6.811728933640666 ], [ 1.109169227621483, 6.810084997490405 ], [ 1.103956290627292, 6.812519649879097 ], [ 1.114982923323401, 6.82360362804141 ], [ 1.114636658250348, 6.82709545159509 ], [ 1.10885057596613, 6.828895520772392 ], [ 1.098912234691838, 6.859853749521813 ], [ 1.115979572497505, 6.898479830564215 ], [ 1.128854932476065, 6.910157482224456 ], [ 1.146820551913051, 6.920936853227166 ], [ 1.186195199249447, 6.9165951622133 ] ] ] } },
{ "type": "Feature", "properties": { "region": "Plateaux", "prefecture": "Haho", "commune": "Haho 2", "canton": "Asrama", "population": 48746, "FRI": 0.1198, "classe_fri": "Faible", "rwi_min": -0.787, "urban_ratio": 0.0, "infrastructure_documentee": false, "WUI": 0.3629, "priorite": "Elevee" }, "geometry": { "type": "Polygon", "coordinates": [ [ [ 1.396767222455025, 7.163248136502157 ], [ 1.400959199797648, 7.159954439243993 ], [ 1.408370017690985, 7.158681875109239 ], [ 1.421919088260879, 7.163248136207349 ], [ 1.425661925851516, 7.16160128808791 ], [ 1.442718314977396, 7.162976678274121 ], [ 1.441214718569256, 7.149661836776191 ], [ 1.443391537065503, 7.140665989962854 ], [ 1.441365535755669, 7.128857020833314 ], [ 1.443617448153435, 7.126832951573785 ], [ 1.455927753298325, 7.126383174610063 ], [ 1.461557479549823, 7.122185113669337 ], [ 1.466367471218659, 7.112262942004717 ], [ 1.460962937571468, 7.103941784584181 ], [ 1.461638496746688, 7.101243020564701 ], [ 1.470721131643016, 7.100568344186168 ], [ 1.485433459368805, 7.107914952748789 ], [ 1.499584800315722, 7.107444515172987 ], [ 1.504313757449777, 7.103621287828402 ], [ 1.507841717563592, 7.091701792352205 ], [ 1.527603139071148, 7.083039466111557 ], [ 1.542390543613257, 7.080640584179384 ], [ 1.562461526028861, 7.066062240826225 ], [ 1.57267006442388, 7.06508770575965 ], [ 1.577098791153263, 7.060889644929471 ], [ 1.576648422004119, 7.057965994416872 ], [ 1.563217685920443, 7.04893346799813 ], [ 1.560349532715464, 7.042683790373204 ], [ 1.550065926810026, 7.039910057878423 ], [ 1.533921018590777, 7.019553743591716 ], [ 1.53579757811501, 7.014306177079289 ], [ 1.548783469044527, 7.015880459158243 ], [ 1.5532121958145, 7.013406596066925 ], [ 1.558671852916062, 6.997515453151436 ], [ 1.560005132642683, 6.97210449775821 ], [ 1.576416246620591, 6.942828184108698 ], [ 1.580272835492508, 6.940034731681199 ], [ 1.57797927103634, 6.922605186480458 ], [ 1.582442663421506, 6.910375303283686 ], [ 1.50293523413308, 6.871865045289526 ], [ 1.48055064469007, 6.847640603484759 ], [ 1.461247323948914, 6.852290747215348 ], [ 1.413460275844173, 6.938565617444744 ], [ 1.379437885538775, 6.963642626486944 ], [ 1.360461700564468, 6.974683996401352 ], [ 1.35484744537411, 6.98359194874624 ], [ 1.357093147038879, 6.998787868373118 ], [ 1.344068073473902, 7.018924332077417 ], [ 1.323707039050522, 7.043177917738905 ], [ 1.324755033881145, 7.064287519533925 ], [ 1.318616780727328, 7.110548988153702 ], [ 1.332839561784594, 7.126568331712034 ], [ 1.337031539447054, 7.127167185751063 ], [ 1.342570939060609, 7.123274634625027 ], [ 1.351254321495197, 7.125819764104961 ], [ 1.36787251909632, 7.137796842673009 ], [ 1.369219939876374, 7.142288248096657 ], [ 1.372813063595929, 7.14423452359903 ], [ 1.378801603317368, 7.140341972521843 ], [ 1.383442721696442, 7.142737388440791 ], [ 1.387185559214456, 7.149474495385696 ], [ 1.383143294954503, 7.152618478785877 ], [ 1.382544440669335, 7.158008164219008 ], [ 1.387035845351932, 7.158008163792179 ], [ 1.396767222455025, 7.163248136502157 ] ] ] } },
{ "type": "Feature", "properties": { "region": "Plateaux", "prefecture": "Haho", "commune": "Haho 3", "canton": "Kpédomé", "population": 50776, "FRI": 0.1658, "classe_fri": "Faible", "rwi_min": -0.927, "urban_ratio": 0.0028, "infrastructure_documentee": false, "WUI": 0.4005, "priorite": "Critique" }, "geometry": { "type": "Polygon", "coordinates": [ [ [ 1.111039027710354, 7.113992398180079 ], [ 1.128630362292225, 7.105159302035307 ], [ 1.214640762581174, 7.119382083789184 ], [ 1.246230308614974, 7.119382083552545 ], [ 1.272130742126757, 7.122526067530033 ], [ 1.310607108696396, 7.113692971288073 ], [ 1.318616780727328, 7.110548988153702 ], [ 1.324755033881145, 7.064287519533925 ], [ 1.323707039050522, 7.043177917738905 ], [ 1.283958107947321, 7.03636595373883 ], [ 1.261800511694997, 7.027083717264516 ], [ 1.217784745403684, 6.996691879009635 ], [ 1.209101363216148, 6.979474827747206 ], [ 1.195290372799938, 6.962818356644 ], [ 1.171298706999339, 6.964428622312983 ], [ 1.155054793208429, 6.969518881378495 ], [ 1.107371047448942, 6.977154269190866 ], [ 1.069867818313821, 6.977378839299045 ], [ 1.066536692893372, 6.982431669698214 ], [ 1.04688679744752, 6.992125618258211 ], [ 0.986128355020184, 7.000582351392506 ], [ 0.983316541835233, 7.00859310653254 ], [ 0.984732488373571, 7.016819724558825 ], [ 0.981672016629554, 7.022634499044039 ], [ 0.967408896430526, 7.032343310732672 ], [ 0.967855155926821, 7.046399511948673 ], [ 0.960465236308744, 7.05623990739495 ], [ 0.963662189170102, 7.074435314178563 ], [ 1.025552624585973, 7.119831224104525 ], [ 1.045576804380605, 7.141558394440646 ], [ 1.061390246374921, 7.150819826030042 ], [ 1.083641459247742, 7.14767793340519 ], [ 1.103553353225768, 7.131059736505726 ], [ 1.111039027710354, 7.113992398180079 ] ] ] } },
{ "type": "Feature", "properties": { "region": "Plateaux", "prefecture": "Haho", "commune": "Haho 4", "canton": "Kpegnon (Haito)", "population": 15232, "FRI": 0.1006, "classe_fri": "Faible", "rwi_min": -0.917, "urban_ratio": 0.0, "infrastructure_documentee": false, "WUI": 0.335, "priorite": "Elevee" }, "geometry": { "type": "Polygon", "coordinates": [ [ [ 0.97652960676929, 7.300047635346581 ], [ 0.989396621178212, 7.290637352077405 ], [ 0.995667235044677, 7.272703158722909 ], [ 0.99779135875061, 7.25440216426063 ], [ 1.008073626449712, 7.251580130884162 ], [ 1.015418432429505, 7.230507738969777 ], [ 1.023615089197691, 7.223542021974219 ], [ 1.030417108230624, 7.212027343008662 ], [ 1.03586469573401, 7.199381138998129 ], [ 1.035732031246229, 7.193545258385048 ], [ 1.040983622905697, 7.187965147558341 ], [ 1.053041965194468, 7.183951932573672 ], [ 1.064722946025496, 7.175115133691972 ], [ 1.045576804380605, 7.141558394440646 ], [ 1.025552624585973, 7.119831224104525 ], [ 0.963662189170102, 7.074435314178563 ], [ 0.960809240396438, 7.085289106953556 ], [ 0.952385961563358, 7.09218868465642 ], [ 0.940531633058285, 7.113101136185016 ], [ 0.937516729174013, 7.124117023421876 ], [ 0.939229552808082, 7.143517263339012 ], [ 0.931799187216241, 7.15545019625517 ], [ 0.928069066927995, 7.169893633285547 ], [ 0.930680823599725, 7.176876627158591 ], [ 0.929232007508604, 7.182881390095861 ], [ 0.933870823556118, 7.210340160367854 ], [ 0.931336929595185, 7.236381204374398 ], [ 0.9318727248726, 7.263668118151935 ], [ 0.948555476746309, 7.282092928365476 ], [ 0.95782250567446, 7.299127461967911 ], [ 0.97652960676929, 7.300047635346581 ] ] ] } },
{ "type": "Feature", "properties": { "region": "Plateaux", "prefecture": "Haho", "commune": "Haho 4", "canton": "Wahala", "population": 45121, "FRI": 0.1654, "classe_fri": "Faible", "rwi_min": -1.078, "urban_ratio": 0.0, "infrastructure_documentee": true, "WUI": 0.3071, "priorite": "Moyenne" }, "geometry": { "type": "Polygon", "coordinates": [ [ [ 1.470942775403756, 7.285423662811557 ], [ 1.456134071269042, 7.256182696411061 ], [ 1.452929983286806, 7.236524729560593 ], [ 1.453830727262675, 7.233900952451548 ], [ 1.468392946657225, 7.224755177230874 ], [ 1.475393005018751, 7.204354683424567 ], [ 1.483499801322186, 7.198057605214013 ], [ 1.48229880705682, 7.190411133442954 ], [ 1.47606859929322, 7.187487478963881 ], [ 1.460455498920491, 7.187787329562065 ], [ 1.453774917247844, 7.19033615384344 ], [ 1.447169380548818, 7.187712360190147 ], [ 1.440542597735449, 7.178234687195398 ], [ 1.442718314977396, 7.162976678274121 ], [ 1.425661925851516, 7.16160128808791 ], [ 1.421919088260879, 7.163248136207349 ], [ 1.408370017690985, 7.158681875109239 ], [ 1.400959199797648, 7.159954439243993 ], [ 1.396767222455025, 7.163248136502157 ], [ 1.387035845351932, 7.158008163792179 ], [ 1.382544440669335, 7.158008164219008 ], [ 1.383143294954503, 7.152618478785877 ], [ 1.387185559214456, 7.149474495385696 ], [ 1.383442721696442, 7.142737388440791 ], [ 1.378801603317368, 7.140341972521843 ], [ 1.372813063595929, 7.14423452359903 ], [ 1.369219939876374, 7.142288248096657 ], [ 1.36787251909632, 7.137796842673009 ], [ 1.351254321495197, 7.125819764104961 ], [ 1.342570939060609, 7.123274634625027 ], [ 1.337031539447054, 7.127167185751063 ], [ 1.332839561784594, 7.126568331712034 ], [ 1.318616780727328, 7.110548988153702 ], [ 1.272130742126757, 7.122526067530033 ], [ 1.246230308614974, 7.119382083552545 ], [ 1.214640762581174, 7.119382083789184 ], [ 1.128630362292225, 7.105159302035307 ], [ 1.111039027710354, 7.113992398180079 ], [ 1.103553353225768, 7.131059736505726 ], [ 1.083641459247742, 7.14767793340519 ], [ 1.061390246374921, 7.150819826030042 ], [ 1.045576804380605, 7.141558394440646 ], [ 1.064722946025496, 7.175115133691972 ], [ 1.077584183607178, 7.182301793195603 ], [ 1.108853377769937, 7.218227880120007 ], [ 1.136659885409059, 7.234365227129364 ], [ 1.168365104731043, 7.239501520568772 ], [ 1.247862873957354, 7.231337345279829 ], [ 1.266600929231852, 7.22203329814241 ], [ 1.279278278746504, 7.219622298290728 ], [ 1.330722842200679, 7.220029529333652 ], [ 1.344160737574877, 7.225824967749767 ], [ 1.356949701584963, 7.255374543121881 ], [ 1.360789231420464, 7.257983579125021 ], [ 1.383559245368552, 7.26240784685868 ], [ 1.408550171717097, 7.274639337710227 ], [ 1.420209519340499, 7.283808954224609 ], [ 1.452439208319405, 7.28845530914083 ], [ 1.472891178581193, 7.298641217562862 ], [ 1.470942775403756, 7.285423662811557 ] ] ] } },
{ "type": "Feature", "properties": { "region": "Plateaux", "prefecture": "Kloto", "commune": "Kloto 1", "canton": "Tové", "population": 11399, "FRI": 0.0722, "classe_fri": "Tres faible", "rwi_min": -0.594, "urban_ratio": 0.0002, "infrastructure_documentee": false, "WUI": 0.2917, "priorite": "Surveillance" }, "geometry": { "type": "Polygon", "coordinates": [ [ [ 0.681022148600617, 6.910614511519103 ], [ 0.72883582748323, 6.90966421720384 ], [ 0.728923965215203, 6.896809799975046 ], [ 0.725462700881324, 6.884385067760523 ], [ 0.712991851674597, 6.864469596765813 ], [ 0.689489478933651, 6.868396916397795 ], [ 0.659761325584095, 6.867812153033841 ], [ 0.651193972229841, 6.860807823373434 ], [ 0.647063877886285, 6.852953272933776 ], [ 0.648607670938477, 6.839366589834314 ], [ 0.639559012223904, 6.836861499609542 ], [ 0.6297999136168, 6.835792180156457 ], [ 0.620248273938063, 6.846519700121028 ], [ 0.606290543683169, 6.850254940079251 ], [ 0.614956328414163, 6.860528510819241 ], [ 0.628459367187721, 6.86933484044066 ], [ 0.620148393476038, 6.884489066111867 ], [ 0.632036938462716, 6.883021344891101 ], [ 0.643888791425593, 6.886470491093199 ], [ 0.660547431447277, 6.887057578888779 ], [ 0.681022148600617, 6.910614511519103 ] ] ] } },
{ "type": "Feature", "properties": { "region": "Plateaux", "prefecture": "Kloto", "commune": "Kloto 1", "canton": "Agome-Kpalime", "population": 91933, "FRI": 0.4089, "classe_fri": "Eleve", "rwi_min": 0.596, "urban_ratio": 0.4555, "infrastructure_documentee": false, "WUI": 0.4517, "priorite": "Critique" }, "geometry": { "type": "Polygon", "coordinates": [ [ [ 0.643888791425593, 6.886470491093199 ], [ 0.632036938462716, 6.883021344891101 ], [ 0.620148393476038, 6.884489066111867 ], [ 0.610498124170089, 6.914724131800229 ], [ 0.604553850999521, 6.916852328305377 ], [ 0.614424279328618, 6.942069620651643 ], [ 0.613519847050102, 6.950778105533057 ], [ 0.646237146006252, 6.944638134053832 ], [ 0.649392747241204, 6.922475537417229 ], [ 0.662602241716988, 6.914623225907572 ], [ 0.681022148600617, 6.910614511519103 ], [ 0.660547431447277, 6.887057578888779 ], [ 0.643888791425593, 6.886470491093199 ] ] ] } },
{ "type": "Feature", "properties": { "region": "Plateaux", "prefecture": "Kloto", "commune": "Kloto 1", "canton": "Yokélé", "population": 7784, "FRI": 0.0889, "classe_fri": "Tres faible", "rwi_min": -0.725, "urban_ratio": 0.0056, "infrastructure_documentee": false, "WUI": 0.3079, "priorite": "Moyenne" }, "geometry": { "type": "Polygon", "coordinates": [ [ [ 0.735685602764878, 6.956817933358066 ], [ 0.736917203569118, 6.948893144326007 ], [ 0.72883582748323, 6.90966421720384 ], [ 0.693938098987825, 6.909146790047073 ], [ 0.662602241716988, 6.914623225907572 ], [ 0.649392747241204, 6.922475537417229 ], [ 0.646237146006252, 6.944638134053832 ], [ 0.650273380441641, 6.951389653607001 ], [ 0.64177840285512, 6.958925162981513 ], [ 0.66887675162825, 6.957664162953794 ], [ 0.689150018008658, 6.953938105854736 ], [ 0.724503402027921, 6.963975366158128 ], [ 0.731651696932684, 6.963264741007374 ], [ 0.735685602764878, 6.956817933358066 ] ] ] } },
{ "type": "Feature", "properties": { "region": "Plateaux", "prefecture": "Kloto", "commune": "Kloto 1", "canton": "Tomé", "population": 5752, "FRI": 0.0631, "classe_fri": "Tres faible", "rwi_min": -0.634, "urban_ratio": 0.0, "infrastructure_documentee": false, "WUI": 0.2851, "priorite": "Surveillance" }, "geometry": { "type": "Polygon", "coordinates": [ [ [ 0.629626892557032, 6.836007488226747 ], [ 0.648607670938477, 6.839366589834314 ], [ 0.665824722224426, 6.822149538981621 ], [ 0.676454379359161, 6.806279908337982 ], [ 0.672861255810428, 6.790709706007036 ], [ 0.668498600555771, 6.782850688880782 ], [ 0.668990286099481, 6.774603364199914 ], [ 0.667417005465723, 6.771166984413382 ], [ 0.648951580670107, 6.757158347316973 ], [ 0.635891148377912, 6.755140813380761 ], [ 0.627490629402075, 6.747799887040203 ], [ 0.624705480735582, 6.748041746790218 ], [ 0.618734336209052, 6.755138743899092 ], [ 0.61626914985122, 6.751676408840535 ], [ 0.613663102511899, 6.753044727845442 ], [ 0.610885100333938, 6.750008039654257 ], [ 0.605925551773591, 6.750007870408402 ], [ 0.60047315114851, 6.757131651518367 ], [ 0.580282411571982, 6.763023613112529 ], [ 0.586064860504978, 6.774896218795265 ], [ 0.59242768408433, 6.801657504833638 ], [ 0.619170255484856, 6.811800593876274 ], [ 0.630997621602047, 6.820671117554012 ], [ 0.629626892557032, 6.836007488226747 ] ] ] } },
{ "type": "Feature", "properties": { "region": "Plateaux", "prefecture": "Kloto", "commune": "Kloto 1", "canton": "Kpadapé", "population": 7638, "FRI": 0.0853, "classe_fri": "Tres faible", "rwi_min": -0.733, "urban_ratio": 0.0, "infrastructure_documentee": false, "WUI": 0.3064, "priorite": "Moyenne" }, "geometry": { "type": "Polygon", "coordinates": [ [ [ 0.590926636349897, 6.852153363032605 ], [ 0.598536192514371, 6.853776991078864 ], [ 0.620248273938063, 6.846519700121028 ], [ 0.629816072582071, 6.835588192168179 ], [ 0.630997621602047, 6.820671117554012 ], [ 0.619170255484856, 6.811800593876274 ], [ 0.59242768408433, 6.801657504833638 ], [ 0.586064860504978, 6.774896218795265 ], [ 0.580282411571982, 6.763023613112529 ], [ 0.5742908175856, 6.772244619870758 ], [ 0.577802591205037, 6.774598819040047 ], [ 0.57009815683664, 6.780439217923274 ], [ 0.570514507088569, 6.784488776145461 ], [ 0.566408166293267, 6.78782311408647 ], [ 0.570448182097496, 6.795602401547962 ], [ 0.567770613345817, 6.802132721055184 ], [ 0.57339085386963, 6.800077507639741 ], [ 0.579785841843622, 6.802091823879405 ], [ 0.580261388722058, 6.804302036213044 ], [ 0.578357401850814, 6.807898503223649 ], [ 0.566964754587143, 6.811468922930514 ], [ 0.565775812011853, 6.821619442272143 ], [ 0.590926636349897, 6.852153363032605 ] ] ] } },
{ "type": "Feature", "properties": { "region": "Plateaux", "prefecture": "Kloto", "commune": "Kloto 1", "canton": "Womé", "population": 5973, "FRI": 0.0688, "classe_fri": "Tres faible", "rwi_min": -1.264, "urban_ratio": 0.0, "infrastructure_documentee": false, "WUI": 0.3363, "priorite": "Elevee" }, "geometry": { "type": "Polygon", "coordinates": [ [ [ 0.552972128668611, 6.881616139450444 ], [ 0.591006378952513, 6.852053392037868 ], [ 0.565775812011853, 6.821619442272143 ], [ 0.547649101001835, 6.834152355524723 ], [ 0.539675052102129, 6.826002086032704 ], [ 0.53166869215855, 6.828987101387344 ], [ 0.534616753369446, 6.834215127476668 ], [ 0.530848261632819, 6.833092365473866 ], [ 0.530654954198729, 6.857637355322209 ], [ 0.534643408588539, 6.856480741020193 ], [ 0.54202836630163, 6.860330630683515 ], [ 0.542950593605382, 6.865873949567373 ], [ 0.536917561911785, 6.874508728129573 ], [ 0.53430369069254, 6.874975157364061 ], [ 0.534919112370648, 6.877477730824753 ], [ 0.552972128668611, 6.881616139450444 ] ] ] } },
{ "type": "Feature", "properties": { "region": "Plateaux", "prefecture": "Kloto", "commune": "Kloto 1", "canton": "Gbalabé", "population": 3105, "FRI": 0.053, "classe_fri": "Tres faible", "rwi_min": -0.258, "urban_ratio": 0.0, "infrastructure_documentee": false, "WUI": 0.2489, "priorite": "Surveillance" }, "geometry": { "type": "Polygon", "coordinates": [ [ [ 0.558407631044066, 6.889925329156926 ], [ 0.578244940667232, 6.892378069963239 ], [ 0.601434942349847, 6.891424051624283 ], [ 0.620148393476038, 6.884489066111867 ], [ 0.628459367187721, 6.86933484044066 ], [ 0.614956328414163, 6.860528510819241 ], [ 0.606290543683169, 6.850254940079251 ], [ 0.598536192514371, 6.853776991078864 ], [ 0.591024119979075, 6.852073522343167 ], [ 0.552919623993258, 6.881559166707773 ], [ 0.558407631044066, 6.889925329156926 ] ] ] } },
{ "type": "Feature", "properties": { "region": "Plateaux", "prefecture": "Kloto", "commune": "Kloto 1", "canton": "Hanyigba", "population": 5003, "FRI": 0.0592, "classe_fri": "Tres faible", "rwi_min": -0.388, "urban_ratio": 0.0, "infrastructure_documentee": false, "WUI": 0.2637, "priorite": "Surveillance" }, "geometry": { "type": "Polygon", "coordinates": [ [ [ 0.596701540943591, 6.920081315892633 ], [ 0.610498124170089, 6.914724131800229 ], [ 0.620148393476038, 6.884489066111867 ], [ 0.594243106845575, 6.892378070257294 ], [ 0.558353471518584, 6.889915226202319 ], [ 0.557831328966263, 6.895907762566218 ], [ 0.56202402726125, 6.905198353607223 ], [ 0.561760206003533, 6.916545494830421 ], [ 0.565774335290237, 6.918813466951657 ], [ 0.596701540943591, 6.920081315892633 ] ] ] } },
{ "type": "Feature", "properties": { "region": "Plateaux", "prefecture": "Kloto", "commune": "Kloto 2", "canton": "Lavié", "population": 3666, "FRI": 0.076, "classe_fri": "Tres faible", "rwi_min": -0.592, "urban_ratio": 0.0, "infrastructure_documentee": false, "WUI": 0.2873, "priorite": "Surveillance" }, "geometry": { "type": "Polygon", "coordinates": [ [ [ 0.693248442524667, 7.086480339582101 ], [ 0.684541270993202, 7.081943379396527 ], [ 0.690790930168103, 7.061150267044396 ], [ 0.697163579119091, 7.053931471924022 ], [ 0.708687673431359, 7.031738236650805 ], [ 0.71780190780798, 7.023354433746823 ], [ 0.728400290408044, 7.018084900423347 ], [ 0.717177436336082, 7.012724627919156 ], [ 0.697934573814166, 7.010619282761416 ], [ 0.660754164851975, 7.015608951967378 ], [ 0.649848472551397, 7.013629927324622 ], [ 0.642100799586288, 7.019777537196029 ], [ 0.634137328743239, 7.04084678695467 ], [ 0.635358428909031, 7.045057478694801 ], [ 0.632874120974544, 7.050784019394066 ], [ 0.637590096062713, 7.057815875054911 ], [ 0.637379561587219, 7.071921692948179 ], [ 0.639442800569653, 7.075963957033531 ], [ 0.649295819636641, 7.082995812840628 ], [ 0.653170976886138, 7.114631747994849 ], [ 0.682345979002593, 7.116286722355048 ], [ 0.701380890767723, 7.120430916873329 ], [ 0.702968971520079, 7.113448134383457 ], [ 0.701394296704306, 7.104496249637538 ], [ 0.693248442524667, 7.086480339582101 ] ] ] } },
{ "type": "Feature", "properties": { "region": "Plateaux", "prefecture": "Kloto", "commune": "Kloto 2", "canton": "Lavié-Apédomé", "population": 3057, "FRI": 0.0786, "classe_fri": "Tres faible", "rwi_min": -0.63, "urban_ratio": 0.0, "infrastructure_documentee": false, "WUI": 0.2912, "priorite": "Surveillance" }, "geometry": { "type": "Polygon", "coordinates": [ [ [ 0.728400290408044, 7.018084900423347 ], [ 0.754115745946237, 7.000421418196934 ], [ 0.747034269479798, 6.999136060668637 ], [ 0.741242054974482, 6.993244162008776 ], [ 0.733980542999113, 6.965161481849258 ], [ 0.689150018008658, 6.953938105854736 ], [ 0.678581181407567, 6.954527602580623 ], [ 0.676812691206809, 6.96229632992657 ], [ 0.678812769928423, 6.987370999435644 ], [ 0.677260076765007, 6.99348176627587 ], [ 0.667575485477664, 7.003671640316618 ], [ 0.649848472551397, 7.013629927324622 ], [ 0.660754164851975, 7.015608951967378 ], [ 0.697934573814166, 7.010619282761416 ], [ 0.717177436336082, 7.012724627919156 ], [ 0.728400290408044, 7.018084900423347 ] ] ] } },
{ "type": "Feature", "properties": { "region": "Plateaux", "prefecture": "Kloto", "commune": "Kloto 2", "canton": "Kpimé", "population": 5920, "FRI": 0.1544, "classe_fri": "Faible", "rwi_min": -0.424, "urban_ratio": 0.0, "infrastructure_documentee": false, "WUI": 0.3194, "priorite": "Moyenne" }, "geometry": { "type": "Polygon", "coordinates": [ [ [ 0.636874278448296, 7.066237259339761 ], [ 0.637590096062713, 7.057815875054911 ], [ 0.632874120974544, 7.050784019394066 ], [ 0.635358428909031, 7.045057478694801 ], [ 0.634137328743239, 7.04084678695467 ], [ 0.642100799586288, 7.019777537196029 ], [ 0.667575485477664, 7.003671640316618 ], [ 0.677260076765007, 6.99348176627587 ], [ 0.678812769928423, 6.987370999435644 ], [ 0.676812691206809, 6.96229632992657 ], [ 0.678581181407567, 6.954527602580623 ], [ 0.66887675162825, 6.957664162953794 ], [ 0.64177840285512, 6.958925162981513 ], [ 0.627964010960916, 6.985660953275588 ], [ 0.628257555909307, 6.998576904258286 ], [ 0.626349517964213, 7.002833296554914 ], [ 0.599403368263701, 7.018162168077382 ], [ 0.604132617841917, 7.024930787237444 ], [ 0.601098045291925, 7.032150689628068 ], [ 0.603684892305324, 7.03836021203255 ], [ 0.597333644264454, 7.05991722859469 ], [ 0.613002411284056, 7.086777645427888 ], [ 0.612050279683523, 7.089417586411521 ], [ 0.614804871617898, 7.094693562970379 ], [ 0.611262989183117, 7.097071293773404 ], [ 0.614908703291216, 7.099343277673965 ], [ 0.612272982163839, 7.104880662562264 ], [ 0.63477820842383, 7.113778611599862 ], [ 0.653170976886138, 7.114631747994849 ], [ 0.649295819636641, 7.082995812840628 ], [ 0.639442800569653, 7.075963957033531 ], [ 0.636874278448296, 7.066237259339761 ] ] ] } },
{ "type": "Feature", "properties": { "region": "Plateaux", "prefecture": "Kloto", "commune": "Kloto 3", "canton": "Agomé-Yoh", "population": 2786, "FRI": 0.0527, "classe_fri": "Tres faible", "rwi_min": 0.039, "urban_ratio": 0.0, "infrastructure_documentee": false, "WUI": 0.2258, "priorite": "Surveillance" }, "geometry": { "type": "Polygon", "coordinates": [ [ [ 0.581242001906529, 6.950394683065448 ], [ 0.613519847050102, 6.950778105533057 ], [ 0.614424279328618, 6.942069620651643 ], [ 0.604554767455329, 6.916855687020869 ], [ 0.596701540943591, 6.920081315892633 ], [ 0.565774335290237, 6.918813466951657 ], [ 0.562542360367338, 6.924521590824068 ], [ 0.57384177633482, 6.93512546286831 ], [ 0.577217535411516, 6.946316840262143 ], [ 0.581242001906529, 6.950394683065448 ] ] ] } },
{ "type": "Feature", "properties": { "region": "Plateaux", "prefecture": "Kloto", "commune": "Kloto 3", "canton": "Agomé-Tomégbé", "population": 3496, "FRI": 0.0347, "classe_fri": "Tres faible", "rwi_min": -0.36, "urban_ratio": 0.0, "infrastructure_documentee": false, "WUI": 0.2469, "priorite": "Surveillance" }, "geometry": { "type": "Polygon", "coordinates": [ [ [ 0.533252631414527, 6.9784935569685 ], [ 0.540249296997389, 6.971488266081353 ], [ 0.566961830916279, 6.96532383513372 ], [ 0.570264204860531, 6.96040696767709 ], [ 0.571053105032423, 6.952967454311261 ], [ 0.581242001906529, 6.950394683065448 ], [ 0.577217535411516, 6.946316840262143 ], [ 0.57384177633482, 6.93512546286831 ], [ 0.562542360367338, 6.924521590824068 ], [ 0.557472308775478, 6.930404698254947 ], [ 0.548656253307489, 6.929771059080713 ], [ 0.548132486270855, 6.93401853533709 ], [ 0.546342212766255, 6.932613839120976 ], [ 0.541254198045191, 6.938801706576382 ], [ 0.523006670204201, 6.943303929314319 ], [ 0.521767565969209, 6.946962818968121 ], [ 0.525304447156851, 6.953108492722725 ], [ 0.522643825146176, 6.959742757205492 ], [ 0.525696723222592, 6.963563822894876 ], [ 0.521621788377905, 6.967768596210169 ], [ 0.5215536887615, 6.97561923926858 ], [ 0.524593376864226, 6.974623467198999 ], [ 0.533252631414527, 6.9784935569685 ] ] ] } },
{ "type": "Feature", "properties": { "region": "Plateaux", "prefecture": "Kloto", "commune": "Kloto 3", "canton": "Kouma", "population": 10054, "FRI": 0.0553, "classe_fri": "Tres faible", "rwi_min": -0.735, "urban_ratio": 0.0, "infrastructure_documentee": false, "WUI": 0.2921, "priorite": "Surveillance" }, "geometry": { "type": "Polygon", "coordinates": [ [ [ 0.628257555909307, 6.998576904258286 ], [ 0.627964010960916, 6.985660953275588 ], [ 0.637577588402065, 6.965112850246117 ], [ 0.644769424508939, 6.954985571590006 ], [ 0.650273380441641, 6.951389653607001 ], [ 0.646237146006252, 6.944638134053832 ], [ 0.613519847050102, 6.950778105533057 ], [ 0.581290463204111, 6.950426460931306 ], [ 0.571053105032423, 6.952967454311261 ], [ 0.570264204860531, 6.96040696767709 ], [ 0.566961830916279, 6.96532383513372 ], [ 0.540249296997389, 6.971488266081353 ], [ 0.532901338300595, 6.978845273106496 ], [ 0.536053225924551, 6.979229121671091 ], [ 0.543197200093787, 6.987334725562049 ], [ 0.553276639480838, 6.993746823246533 ], [ 0.570125778479168, 6.997518604259975 ], [ 0.576853833363093, 6.992181877236669 ], [ 0.581970526727962, 6.993851085206409 ], [ 0.59456100461984, 7.003297134401196 ], [ 0.596361361082677, 7.008398343629657 ], [ 0.592444883169419, 7.010601534318893 ], [ 0.599410992895507, 7.018169864264483 ], [ 0.626349517964213, 7.002833296554914 ], [ 0.628257555909307, 6.998576904258286 ] ] ] } },
{ "type": "Feature", "properties": { "region": "Plateaux", "prefecture": "Kpélé", "commune": "Kpélé 1", "canton": "Kpélé-Govié", "population": 11038, "FRI": 0.0918, "classe_fri": "Tres faible", "rwi_min": -0.683, "urban_ratio": 0.0, "infrastructure_documentee": false, "WUI": 0.3089, "priorite": "Moyenne" }, "geometry": { "type": "Polygon", "coordinates": [ [ [ 0.952385961563358, 7.09218868465642 ], [ 0.932249233216177, 7.094618732514664 ], [ 0.906947654089504, 7.093870164478338 ], [ 0.866824438243529, 7.082042799332726 ], [ 0.828535213751695, 7.077513965988423 ], [ 0.807725038921915, 7.080358522201257 ], [ 0.795747959569003, 7.085897921240674 ], [ 0.784754882518872, 7.098362144923482 ], [ 0.763794994554934, 7.110638651198441 ], [ 0.758105882060267, 7.125310573039027 ], [ 0.744107670262357, 7.138934501100511 ], [ 0.733740011053157, 7.142265625671548 ], [ 0.710384707224304, 7.141741628914316 ], [ 0.702164289054012, 7.146592222770945 ], [ 0.713838494316905, 7.170601434586871 ], [ 0.719404944644729, 7.165733215215386 ], [ 0.742760249439705, 7.165171790146098 ], [ 0.776782639230064, 7.153793564928724 ], [ 0.788759718380892, 7.147355885148388 ], [ 0.818728979853649, 7.139270780761022 ], [ 0.880186367636115, 7.135827370051282 ], [ 0.91372218873262, 7.13822278634464 ], [ 0.939229552808082, 7.143517263339012 ], [ 0.937516729174013, 7.124117023421876 ], [ 0.942744683392238, 7.10763414434525 ], [ 0.952385961563358, 7.09218868465642 ] ] ] } },
{ "type": "Feature", "properties": { "region": "Plateaux", "prefecture": "Kpélé", "commune": "Kpélé 1", "canton": "Kpélé-Novivé", "population": 29004, "FRI": 0.0828, "classe_fri": "Tres faible", "rwi_min": -0.925, "urban_ratio": 0.0, "infrastructure_documentee": false, "WUI": 0.337, "priorite": "Elevee" }, "geometry": { "type": "Polygon", "coordinates": [ [ [ 0.952385961563358, 7.09218868465642 ], [ 0.960809240396438, 7.085289106953556 ], [ 0.963662189170102, 7.074435314178563 ], [ 0.960302729805598, 7.063717700114721 ], [ 0.962256730338331, 7.051692447865612 ], [ 0.916304747305877, 7.049929255363836 ], [ 0.893174012799217, 7.045512708193995 ], [ 0.87154041338204, 7.037952176638963 ], [ 0.857018205159075, 7.016094007045446 ], [ 0.836058316751449, 7.019387703856041 ], [ 0.798629943739803, 7.031065355882752 ], [ 0.779973642796635, 7.05446371028718 ], [ 0.756148741711786, 7.062991757332783 ], [ 0.738482549620748, 7.076615685640257 ], [ 0.724110054836732, 7.08335279198766 ], [ 0.693248442524667, 7.086480339582101 ], [ 0.699819623450687, 7.099294490934665 ], [ 0.702968971520079, 7.113448134383457 ], [ 0.701380890767723, 7.120430916873329 ], [ 0.695661718918834, 7.129172659262492 ], [ 0.702164289054012, 7.146592222770945 ], [ 0.710384707224304, 7.141741628914316 ], [ 0.733740011053157, 7.142265625671548 ], [ 0.744107670262357, 7.138934501100511 ], [ 0.758105882060267, 7.125310573039027 ], [ 0.763794994554934, 7.110638651198441 ], [ 0.784754882518872, 7.098362144923482 ], [ 0.795747959569003, 7.085897921240674 ], [ 0.807725038921915, 7.080358522201257 ], [ 0.828535213751695, 7.077513965988423 ], [ 0.866824438243529, 7.082042799332726 ], [ 0.906947654089504, 7.093870164478338 ], [ 0.932249233216177, 7.094618732514664 ], [ 0.952385961563358, 7.09218868465642 ] ] ] } },
{ "type": "Feature", "properties": { "region": "Plateaux", "prefecture": "Kpélé", "commune": "Kpélé 1", "canton": "Kpélé-Akata", "population": 5663, "FRI": 0.0661, "classe_fri": "Tres faible", "rwi_min": -0.843, "urban_ratio": 0.0, "infrastructure_documentee": false, "WUI": 0.3026, "priorite": "Moyenne" }, "geometry": { "type": "Polygon", "coordinates": [ [ [ 0.779973642796635, 7.05446371028718 ], [ 0.798629943739803, 7.031065355882752 ], [ 0.7774212919703, 7.005050772249125 ], [ 0.754115745946237, 7.000421418196934 ], [ 0.740598067701221, 7.011486624022291 ], [ 0.71780190780798, 7.023354433746823 ], [ 0.708687673431359, 7.031738236650805 ], [ 0.697163579119091, 7.053931471924022 ], [ 0.690790930168103, 7.061150267044396 ], [ 0.684541270993202, 7.081943379396527 ], [ 0.693248442524667, 7.086480339582101 ], [ 0.724110054836732, 7.08335279198766 ], [ 0.738482549620748, 7.076615685640257 ], [ 0.756148741711786, 7.062991757332783 ], [ 0.779973642796635, 7.05446371028718 ] ] ] } },
{ "type": "Feature", "properties": { "region": "Plateaux", "prefecture": "Kpélé", "commune": "Kpélé 1", "canton": "Kpélé-Dawlotou", "population": 13155, "FRI": 0.0752, "classe_fri": "Tres faible", "rwi_min": -0.786, "urban_ratio": 0.0, "infrastructure_documentee": false, "WUI": 0.3094, "priorite": "Moyenne" }, "geometry": { "type": "Polygon", "coordinates": [ [ [ 0.984732488373571, 7.016819724558825 ], [ 0.983316541835233, 7.00859310653254 ], [ 0.991785360659487, 6.991498924895057 ], [ 0.989701696636272, 6.985454255777228 ], [ 0.994556505356414, 6.97284147812708 ], [ 0.992029368401209, 6.964639003639849 ], [ 0.994082672805259, 6.954543652687189 ], [ 1.007823885607168, 6.946025703413323 ], [ 1.015721143579347, 6.951704335982348 ], [ 1.026878752126474, 6.952370612693354 ], [ 1.035166987561404, 6.941975154998161 ], [ 1.043159575765452, 6.936764146247522 ], [ 1.040394888792616, 6.933146165689267 ], [ 1.012843409435342, 6.933146165864597 ], [ 0.995597204276607, 6.920156061290293 ], [ 0.983233296567863, 6.919551429858142 ], [ 0.968055907293473, 6.910646294357096 ], [ 0.941930308746871, 6.910073445242502 ], [ 0.922768851249942, 6.904673523801456 ], [ 0.848855249779948, 6.893097944747725 ], [ 0.829733754516866, 6.882013783788592 ], [ 0.823835455454265, 6.881297793744191 ], [ 0.826342933654377, 6.886221725966631 ], [ 0.821124456081735, 6.888458125274438 ], [ 0.817009614043092, 6.893989125153088 ], [ 0.820710823757386, 6.920843389330154 ], [ 0.813960664913198, 6.930071994545247 ], [ 0.807962953920891, 6.933568130742931 ], [ 0.808572057386129, 6.946516094441282 ], [ 0.802187397847663, 6.954433480081804 ], [ 0.801420504232796, 6.972510855880598 ], [ 0.795702020437682, 6.978649451737891 ], [ 0.798107650110719, 6.982086374016552 ], [ 0.797938358351561, 6.991983104900335 ], [ 0.781828652945154, 6.996452263790099 ], [ 0.7774212919703, 7.005050772249125 ], [ 0.789085709448095, 7.017965425926256 ], [ 0.793651970269674, 7.027116662470841 ], [ 0.798629943739803, 7.031065355882752 ], [ 0.836058316751449, 7.019387703856041 ], [ 0.857018205159075, 7.016094007045446 ], [ 0.87154041338204, 7.037952176638963 ], [ 0.893174012799217, 7.045512708193995 ], [ 0.916304747305877, 7.049929255363836 ], [ 0.962256730338331, 7.051692447865612 ], [ 0.967855155926821, 7.046399511948673 ], [ 0.967408896430526, 7.032343310732672 ], [ 0.981672016629554, 7.022634499044039 ], [ 0.984732488373571, 7.016819724558825 ] ] ] } },
{ "type": "Feature", "properties": { "region": "Plateaux", "prefecture": "Kpélé", "commune": "Kpélé 2", "canton": "Kpélé-Nord", "population": 10294, "FRI": 0.076, "classe_fri": "Tres faible", "rwi_min": -0.616, "urban_ratio": 0.0, "infrastructure_documentee": false, "WUI": 0.2945, "priorite": "Surveillance" }, "geometry": { "type": "Polygon", "coordinates": [ [ [ 0.931899660841799, 7.254689486257764 ], [ 0.892372601909809, 7.242801999194788 ], [ 0.879834096851433, 7.241566863079905 ], [ 0.838064033069309, 7.262227324612866 ], [ 0.779335882113767, 7.279326605059242 ], [ 0.784403201708842, 7.288974861507752 ], [ 0.80689096783394, 7.287249138186406 ], [ 0.82660159524929, 7.295403048873567 ], [ 0.873396951317536, 7.299606783954379 ], [ 0.879263921635172, 7.303851803203228 ], [ 0.895137503115678, 7.297273209618017 ], [ 0.906772441904398, 7.296611954131532 ], [ 0.923312998445134, 7.288457010675808 ], [ 0.951057471423927, 7.299581333906172 ], [ 0.956864713707523, 7.299848447162181 ], [ 0.956022923814491, 7.294179943768504 ], [ 0.948555476746309, 7.282092928365476 ], [ 0.9318727248726, 7.263668118151935 ], [ 0.931899660841799, 7.254689486257764 ] ] ] } },
{ "type": "Feature", "properties": { "region": "Plateaux", "prefecture": "Kpélé", "commune": "Kpélé 2", "canton": "Kpélé-Dutoé", "population": 4488, "FRI": 0.0599, "classe_fri": "Tres faible", "rwi_min": -0.261, "urban_ratio": 0.0, "infrastructure_documentee": false, "WUI": 0.254, "priorite": "Surveillance" }, "geometry": { "type": "Polygon", "coordinates": [ [ [ 0.879800589225927, 7.241585237685367 ], [ 0.877154669726569, 7.23198085897175 ], [ 0.853259952152032, 7.219184696045513 ], [ 0.847421126276312, 7.208405324735605 ], [ 0.838213747056682, 7.209228748886468 ], [ 0.83259949111487, 7.211025310998292 ], [ 0.823092684565073, 7.219933263186612 ], [ 0.804356484978526, 7.245417644276005 ], [ 0.796721096818063, 7.251481041064307 ], [ 0.786765149701503, 7.252454178521465 ], [ 0.768363036027511, 7.260226921776884 ], [ 0.77405462788144, 7.265930376774835 ], [ 0.779335882113767, 7.279326605059242 ], [ 0.838064033069309, 7.262227324612866 ], [ 0.879800589225927, 7.241585237685367 ] ] ] } },
{ "type": "Feature", "properties": { "region": "Plateaux", "prefecture": "Kpélé", "commune": "Kpélé 2", "canton": "Kpélé-Kamé", "population": 9450, "FRI": 0.0683, "classe_fri": "Tres faible", "rwi_min": -0.495, "urban_ratio": 0.0, "infrastructure_documentee": false, "WUI": 0.2804, "priorite": "Surveillance" }, "geometry": { "type": "Polygon", "coordinates": [ [ [ 0.83259949111487, 7.211025310998292 ], [ 0.847421126276312, 7.208405324735605 ], [ 0.853259952152032, 7.219184696045513 ], [ 0.877154669726569, 7.23198085897175 ], [ 0.879800589225927, 7.241585237685367 ], [ 0.892372601909809, 7.242801999194788 ], [ 0.931899660841799, 7.254689486257764 ], [ 0.933870823556118, 7.210340160367854 ], [ 0.931115464671964, 7.194601539381061 ], [ 0.906685655164743, 7.196236763564699 ], [ 0.832427764149672, 7.188676232531952 ], [ 0.81446214548808, 7.190173367087516 ], [ 0.786064875722806, 7.206941853458144 ], [ 0.749764402434684, 7.221754870916212 ], [ 0.755918688193556, 7.230985022764568 ], [ 0.768363036027511, 7.260226921776884 ], [ 0.786765149701503, 7.252454178521465 ], [ 0.796721096818063, 7.251481041064307 ], [ 0.804356484978526, 7.245417644276005 ], [ 0.823092684565073, 7.219933263186612 ], [ 0.83259949111487, 7.211025310998292 ] ] ] } },
{ "type": "Feature", "properties": { "region": "Plateaux", "prefecture": "Kpélé", "commune": "Kpélé 2", "canton": "Kpélé-Gbalédzé", "population": 3793, "FRI": 0.0593, "classe_fri": "Tres faible", "rwi_min": -0.485, "urban_ratio": 0.0, "infrastructure_documentee": false, "WUI": 0.2701, "priorite": "Surveillance" }, "geometry": { "type": "Polygon", "coordinates": [ [ [ 0.786064875722806, 7.206941853458144 ], [ 0.81446214548808, 7.190173367087516 ], [ 0.815003417423848, 7.182549495914614 ], [ 0.811729874629551, 7.17314345717529 ], [ 0.797656806295643, 7.17112232571714 ], [ 0.754576750036313, 7.180067706788279 ], [ 0.741113400243043, 7.180835564111615 ], [ 0.725648554820547, 7.19091183663004 ], [ 0.730180450124133, 7.200573090765629 ], [ 0.741604200283564, 7.208070795796158 ], [ 0.749764402434684, 7.221754870916212 ], [ 0.786064875722806, 7.206941853458144 ] ] ] } },
{ "type": "Feature", "properties": { "region": "Plateaux", "prefecture": "Kpélé", "commune": "Kpélé 2", "canton": "Kpélé-Centre", "population": 8063, "FRI": 0.0923, "classe_fri": "Tres faible", "rwi_min": -0.618, "urban_ratio": 0.0, "infrastructure_documentee": false, "WUI": 0.3018, "priorite": "Moyenne" }, "geometry": { "type": "Polygon", "coordinates": [ [ [ 0.931115464671964, 7.194601539381061 ], [ 0.929232007508604, 7.182881390095861 ], [ 0.930680823599725, 7.176876627158591 ], [ 0.928069066927995, 7.169893633285547 ], [ 0.931799187216241, 7.15545019625517 ], [ 0.939229552808082, 7.143517263339012 ], [ 0.91372218873262, 7.13822278634464 ], [ 0.880186367636115, 7.135827370051282 ], [ 0.818728979853649, 7.139270780761022 ], [ 0.788759718380892, 7.147355885148388 ], [ 0.776782639230064, 7.153793564928724 ], [ 0.742760249439705, 7.165171790146098 ], [ 0.719404944644729, 7.165733215215386 ], [ 0.713838494316905, 7.170601434586871 ], [ 0.725648554820547, 7.19091183663004 ], [ 0.741113400243043, 7.180835564111615 ], [ 0.754576750036313, 7.180067706788279 ], [ 0.797656806295643, 7.17112232571714 ], [ 0.811729874629551, 7.17314345717529 ], [ 0.815003417423848, 7.182549495914614 ], [ 0.81446214548808, 7.190173367087516 ], [ 0.832427764149672, 7.188676232531952 ], [ 0.906685655164743, 7.196236763564699 ], [ 0.931115464671964, 7.194601539381061 ] ] ] } },
{ "type": "Feature", "properties": { "region": "Plateaux", "prefecture": "Moyen-Mono", "commune": "Moyen-Mono 1", "canton": "Tohoun", "population": 18406, "FRI": 0.0839, "classe_fri": "Tres faible", "rwi_min": -0.797, "urban_ratio": 0.0, "infrastructure_documentee": false, "WUI": 0.3192, "priorite": "Moyenne" }, "geometry": { "type": "Polygon", "coordinates": [ [ [ 1.63246353336236, 7.107997277108066 ], [ 1.633039860877583, 7.001478106097189 ], [ 1.557416313219223, 7.001492970320994 ], [ 1.552086238402301, 7.015580589198878 ], [ 1.53797441857979, 7.013856381860057 ], [ 1.534146206816001, 7.015730514272229 ], [ 1.534971901995973, 7.022477394843515 ], [ 1.5481893436662, 7.038110884630542 ], [ 1.560349532715464, 7.042683790373204 ], [ 1.563217685920443, 7.04893346799813 ], [ 1.576648422004119, 7.057965994416872 ], [ 1.576423232411551, 7.063363498368453 ], [ 1.562461526028861, 7.066062240826225 ], [ 1.550676628108707, 7.076332496423093 ], [ 1.56546391432465, 7.077736001775562 ], [ 1.572556591204998, 7.082695261279566 ], [ 1.574877149625264, 7.091752927048205 ], [ 1.60609241241686, 7.101110020248048 ], [ 1.619416913267183, 7.099762598521647 ], [ 1.629447716869885, 7.107996841134963 ], [ 1.63246353336236, 7.107997277108066 ] ] ] } },
{ "type": "Feature", "properties": { "region": "Plateaux", "prefecture": "Moyen-Mono", "commune": "Moyen-Mono 1", "canton": "Tado", "population": 20068, "FRI": 0.178, "classe_fri": "Moyen", "rwi_min": -0.867, "urban_ratio": 0.0, "infrastructure_documentee": false, "WUI": 0.3776, "priorite": "Elevee" }, "geometry": { "type": "Polygon", "coordinates": [ [ [ 1.63246353336236, 7.107997277108066 ], [ 1.629447716869885, 7.107996841134963 ], [ 1.619416913267183, 7.099762598521647 ], [ 1.60609241241686, 7.101110020248048 ], [ 1.574877149625264, 7.091752927048205 ], [ 1.572556591204998, 7.082695261279566 ], [ 1.56546391432465, 7.077736001775562 ], [ 1.550676628108707, 7.076332496423093 ], [ 1.507841717563592, 7.091701792352205 ], [ 1.504313757449777, 7.103621287828402 ], [ 1.499584800315722, 7.107444515172987 ], [ 1.485433459368805, 7.107914952748789 ], [ 1.470721131643016, 7.100568344186168 ], [ 1.463890409074163, 7.1001185441521 ], [ 1.460962937571468, 7.103941784584181 ], [ 1.466367471218659, 7.112262942004717 ], [ 1.461557479549823, 7.122185113669337 ], [ 1.455927753298325, 7.126383174610063 ], [ 1.443617448153435, 7.126832951573785 ], [ 1.441365535755669, 7.128857020833314 ], [ 1.443391537065503, 7.140665989962854 ], [ 1.441214718569256, 7.149661836776191 ], [ 1.443243754397879, 7.16739962792435 ], [ 1.441368294824719, 7.181158325698741 ], [ 1.447169380548818, 7.187712360190147 ], [ 1.453774917247844, 7.19033615384344 ], [ 1.460455498920491, 7.187787329562065 ], [ 1.479971852926916, 7.188312098836222 ], [ 1.505353948156134, 7.182310874022089 ], [ 1.530206387928315, 7.182722586735387 ], [ 1.577852705169236, 7.200239064755824 ], [ 1.599486304417367, 7.197282223427641 ], [ 1.613147660389902, 7.201212202449463 ], [ 1.63219297524799, 7.202613433699058 ], [ 1.63246353336236, 7.107997277108066 ] ] ] } },
{ "type": "Feature", "properties": { "region": "Plateaux", "prefecture": "Moyen-Mono", "commune": "Moyen-Mono 1", "canton": "Ahassomè", "population": 6345, "FRI": 0.0732, "classe_fri": "Tres faible", "rwi_min": -0.833, "urban_ratio": 0.0, "infrastructure_documentee": false, "WUI": 0.3063, "priorite": "Moyenne" }, "geometry": { "type": "Polygon", "coordinates": [ [ [ 1.544235009750441, 7.281999005167413 ], [ 1.53278192753255, 7.267701366324808 ], [ 1.529188803917009, 7.247265475036745 ], [ 1.538321326200496, 7.234539828194045 ], [ 1.577852705169236, 7.200239064755824 ], [ 1.530206387928315, 7.182722586735387 ], [ 1.505353948156134, 7.182310874022089 ], [ 1.479971852926916, 7.188312098836222 ], [ 1.483574875611137, 7.19363464295932 ], [ 1.483499801322186, 7.198057605214013 ], [ 1.475393005018751, 7.204354683424567 ], [ 1.468392946657225, 7.224755177230874 ], [ 1.453830727262675, 7.233900952451548 ], [ 1.452929983286806, 7.236524729560593 ], [ 1.456134071269042, 7.256182696411061 ], [ 1.469916029233781, 7.281308782583284 ], [ 1.472891178581193, 7.298641217562862 ], [ 1.49424589000177, 7.306022709106384 ], [ 1.52519184300645, 7.321029562678485 ], [ 1.523799118143009, 7.30666430202379 ], [ 1.528065952383156, 7.299814909951699 ], [ 1.538695610181109, 7.292628662850666 ], [ 1.544235009750441, 7.281999005167413 ] ] ] } },
{ "type": "Feature", "properties": { "region": "Plateaux", "prefecture": "Moyen-Mono", "commune": "Moyen-Mono 2", "canton": "Katomé", "population": 8271, "FRI": 0.0678, "classe_fri": "Tres faible", "rwi_min": -0.796, "urban_ratio": 0.0, "infrastructure_documentee": false, "WUI": 0.3021, "priorite": "Moyenne" }, "geometry": { "type": "Polygon", "coordinates": [ [ [ 1.622385451014809, 7.343830675807156 ], [ 1.575204896832894, 7.329382809065643 ], [ 1.552857569092776, 7.342470434286294 ], [ 1.568859804548944, 7.354864301900919 ], [ 1.585991148790408, 7.36440036023132 ], [ 1.598607877449747, 7.381164751891436 ], [ 1.620930584442679, 7.400231846939143 ], [ 1.632467806917193, 7.405841133855008 ], [ 1.631755903792292, 7.344333129561007 ], [ 1.622385451014809, 7.343830675807156 ] ] ] } },
{ "type": "Feature", "properties": { "region": "Plateaux", "prefecture": "Moyen-Mono", "commune": "Moyen-Mono 2", "canton": "Kpékplémé", "population": 20880, "FRI": 0.1569, "classe_fri": "Faible", "rwi_min": -0.889, "urban_ratio": 0.0, "infrastructure_documentee": false, "WUI": 0.3684, "priorite": "Elevee" }, "geometry": { "type": "Polygon", "coordinates": [ [ [ 1.631731403, 7.344331815940262 ], [ 1.63200122414086, 7.286982470628389 ], [ 1.581551096990012, 7.283458711021877 ], [ 1.568675736035798, 7.285330129821958 ], [ 1.544235009750441, 7.281999005167413 ], [ 1.538695610181109, 7.292628662850666 ], [ 1.528065952383156, 7.299814909951699 ], [ 1.523799118143009, 7.30666430202379 ], [ 1.52519184300645, 7.321029562678485 ], [ 1.537693450016106, 7.335067486079468 ], [ 1.552857569092776, 7.342470434286294 ], [ 1.575204896832894, 7.329382809065643 ], [ 1.622385451014809, 7.343830675807156 ], [ 1.631731403, 7.344331815940262 ] ] ] } },
{ "type": "Feature", "properties": { "region": "Plateaux", "prefecture": "Moyen-Mono", "commune": "Moyen-Mono 2", "canton": "Saligbé", "population": 14595, "FRI": 0.1315, "classe_fri": "Faible", "rwi_min": -0.823, "urban_ratio": 0.0, "infrastructure_documentee": false, "WUI": 0.3443, "priorite": "Elevee" }, "geometry": { "type": "Polygon", "coordinates": [ [ [ 1.63200913417087, 7.286998387317795 ], [ 1.632189828010316, 7.202612104861464 ], [ 1.628129623419334, 7.200898163208877 ], [ 1.613147660389902, 7.201212202449463 ], [ 1.599486304417367, 7.197282223427641 ], [ 1.577852705169236, 7.200239064755824 ], [ 1.538321326200496, 7.234539828194045 ], [ 1.529188803917009, 7.247265475036745 ], [ 1.53278192753255, 7.267701366324808 ], [ 1.544235009750441, 7.281999005167413 ], [ 1.568675736035798, 7.285330129821958 ], [ 1.581551096990012, 7.283458711021877 ], [ 1.63200913417087, 7.286998387317795 ] ] ] } },
{ "type": "Feature", "properties": { "region": "Plateaux", "prefecture": "Ogou", "commune": "Ogou 1", "canton": "Houdou", "population": 14667, "FRI": 0.082, "classe_fri": "Tres faible", "rwi_min": -0.698, "urban_ratio": 0.0, "infrastructure_documentee": false, "WUI": 0.3077, "priorite": "Moyenne" }, "geometry": { "type": "Polygon", "coordinates": [ [ [ 1.290121744117246, 7.658569574911692 ], [ 1.26578748234862, 7.655699852303414 ], [ 1.233083966851563, 7.645587822338139 ], [ 1.209978620291806, 7.627749541212675 ], [ 1.194562821536714, 7.599413834664903 ], [ 1.193314876703738, 7.59111866742333 ], [ 1.173531267513276, 7.57306933638175 ], [ 1.169970952176202, 7.560626584588431 ], [ 1.161969418866393, 7.555267758979696 ], [ 1.150224048190222, 7.554240039397281 ], [ 1.144727582171816, 7.556891923798279 ], [ 1.141732991756906, 7.562727404772913 ], [ 1.148957350290242, 7.596942488590097 ], [ 1.151376653428308, 7.625444679192603 ], [ 1.15013267964752, 7.63762602956239 ], [ 1.138340462657929, 7.663652555393268 ], [ 1.12658606100321, 7.677665346548343 ], [ 1.113216720045809, 7.707050147552843 ], [ 1.144546143429, 7.709906427601408 ], [ 1.151475387086882, 7.736604089745011 ], [ 1.157068122395325, 7.739662806168603 ], [ 1.173540498029425, 7.739587799143482 ], [ 1.182406138336391, 7.73444378755811 ], [ 1.189667827580532, 7.722251998941373 ], [ 1.1926012868573, 7.705859874056483 ], [ 1.189291975446428, 7.689007606220213 ], [ 1.193287572823428, 7.679371167088051 ], [ 1.204569257373055, 7.67772592127313 ], [ 1.241670419361817, 7.682795453222121 ], [ 1.265924240791011, 7.680907324324505 ], [ 1.27897625219094, 7.673159369864305 ], [ 1.289276126875219, 7.662239121917638 ], [ 1.290121744117246, 7.658569574911692 ] ] ] } },
{ "type": "Feature", "properties": { "region": "Plateaux", "prefecture": "Ogou", "commune": "Ogou 1", "canton": "Djama", "population": 26606, "FRI": 0.2613, "classe_fri": "Moyen", "rwi_min": -0.867, "urban_ratio": 0.0455, "infrastructure_documentee": false, "WUI": 0.4287, "priorite": "Critique" }, "geometry": { "type": "Polygon", "coordinates": [ [ [ 1.290121744117246, 7.658569574911692 ], [ 1.292333224686073, 7.646992018283885 ], [ 1.29866004886019, 7.639694013051302 ], [ 1.298717159574224, 7.635508507889481 ], [ 1.294623301028331, 7.622095604594781 ], [ 1.283742765258311, 7.613883645042548 ], [ 1.28378472633155, 7.606359164364604 ], [ 1.286607425696594, 7.602529224666972 ], [ 1.297814174368591, 7.597851125931363 ], [ 1.301524849607834, 7.598348175205618 ], [ 1.306140594332341, 7.603318199900401 ], [ 1.315980866337186, 7.598610531117067 ], [ 1.317132506455224, 7.593580017571622 ], [ 1.307203533271759, 7.583623295864984 ], [ 1.306694476104358, 7.570944840748711 ], [ 1.316302166650161, 7.567244559345804 ], [ 1.330409315820163, 7.557471007905433 ], [ 1.348259252906374, 7.559411330518826 ], [ 1.350562401402924, 7.554165271048645 ], [ 1.34933954220308, 7.547083653932508 ], [ 1.344804992958853, 7.542125005556053 ], [ 1.340414574413545, 7.543849715790015 ], [ 1.336239903807655, 7.541190721499253 ], [ 1.336887792708813, 7.533107689108684 ], [ 1.31894445935896, 7.529189366388827 ], [ 1.308373626047247, 7.52416087946025 ], [ 1.302280714919775, 7.524050766487705 ], [ 1.288663426480622, 7.528859027876228 ], [ 1.280184736826692, 7.524307696864081 ], [ 1.271045370387118, 7.523830540799947 ], [ 1.251298466874055, 7.53069424152863 ], [ 1.241938874485776, 7.529299478848826 ], [ 1.234485611239201, 7.534832650040904 ], [ 1.230521548322708, 7.534685832269931 ], [ 1.214775411177744, 7.529638993372185 ], [ 1.177410451985829, 7.509635159982687 ], [ 1.155057543370129, 7.506313422018044 ], [ 1.144046259207646, 7.510901457248068 ], [ 1.144817049169299, 7.522279785120725 ], [ 1.141550367226945, 7.530831883292472 ], [ 1.112475696660205, 7.533967234689536 ], [ 1.114817433222899, 7.549546747410586 ], [ 1.119268455800487, 7.557008428703171 ], [ 1.141732991756906, 7.562727404772913 ], [ 1.144727582171816, 7.556891923798279 ], [ 1.150224048190222, 7.554240039397281 ], [ 1.161969418866393, 7.555267758979696 ], [ 1.169970952176202, 7.560626584588431 ], [ 1.173531267513276, 7.57306933638175 ], [ 1.193314876703738, 7.59111866742333 ], [ 1.194562821536714, 7.599413834664903 ], [ 1.209978620291806, 7.627749541212675 ], [ 1.233083966851563, 7.645587822338139 ], [ 1.26578748234862, 7.655699852303414 ], [ 1.290121744117246, 7.658569574911692 ] ] ] } },
{ "type": "Feature", "properties": { "region": "Plateaux", "prefecture": "Ogou", "commune": "Ogou 1", "canton": "Gnagna", "population": 13259, "FRI": 0.2747, "classe_fri": "Moyen", "rwi_min": -0.581, "urban_ratio": 0.1231, "infrastructure_documentee": false, "WUI": 0.4034, "priorite": "Critique" }, "geometry": { "type": "Polygon", "coordinates": [ [ [ 1.112475696660205, 7.533967234689536 ], [ 1.141550367226945, 7.530831883292472 ], [ 1.144817049169299, 7.522279785120725 ], [ 1.144046259207646, 7.510901457248068 ], [ 1.155057543370129, 7.506313422018044 ], [ 1.177410451985829, 7.509635159982687 ], [ 1.214775411177744, 7.529638993372185 ], [ 1.230521548322708, 7.534685832269931 ], [ 1.234485611239201, 7.534832650040904 ], [ 1.241938874485776, 7.529299478848826 ], [ 1.235809259169887, 7.523793836813166 ], [ 1.230817477024508, 7.51336982015021 ], [ 1.229734700817186, 7.492136393077047 ], [ 1.216661831542936, 7.474048995329197 ], [ 1.20067408522023, 7.475541469629434 ], [ 1.178229416149472, 7.472293140615008 ], [ 1.163547703406516, 7.474752326786019 ], [ 1.153362265029954, 7.480239617101463 ], [ 1.144328284774694, 7.479976502441495 ], [ 1.141461029580079, 7.501543708856923 ], [ 1.125864514744751, 7.506049269580375 ], [ 1.117198153842163, 7.52013134140519 ], [ 1.112475696660205, 7.533967234689536 ] ] ] } },
{ "type": "Feature", "properties": { "region": "Plateaux", "prefecture": "Ogou", "commune": "Ogou 2", "canton": "Katoré", "population": 11759, "FRI": 0.0789, "classe_fri": "Tres faible", "rwi_min": -0.721, "urban_ratio": 0.0, "infrastructure_documentee": false, "WUI": 0.3053, "priorite": "Moyenne" }, "geometry": { "type": "Polygon", "coordinates": [ [ [ 1.295340778905263, 7.343124121982679 ], [ 1.292156052071845, 7.350551250297369 ], [ 1.292530450689426, 7.358114097854868 ], [ 1.287887910518319, 7.368372614007915 ], [ 1.266921600580462, 7.381850955588745 ], [ 1.26160514300082, 7.389413803570477 ], [ 1.252806780750909, 7.394206102491257 ], [ 1.24352170132844, 7.406299171421147 ], [ 1.236220932385576, 7.410904271148349 ], [ 1.23801804438084, 7.414760574910156 ], [ 1.255820688084211, 7.428706914649916 ], [ 1.260500668417029, 7.440931022276592 ], [ 1.308330063203777, 7.433985932512944 ], [ 1.319824093145366, 7.426385644509928 ], [ 1.346144300963376, 7.41908487634992 ], [ 1.360371439907198, 7.41032395415744 ], [ 1.410840343040396, 7.417400083220619 ], [ 1.417279995554048, 7.412907302593699 ], [ 1.431598394543899, 7.409058799316353 ], [ 1.440783635052729, 7.389989441341675 ], [ 1.44188186998553, 7.380604521008491 ], [ 1.43229727073669, 7.366127783382666 ], [ 1.433894703996974, 7.347857141311705 ], [ 1.438087966270042, 7.332781366344648 ], [ 1.33487724934016, 7.319986301155916 ], [ 1.326340965930718, 7.323206127689605 ], [ 1.31241334557142, 7.334662718741606 ], [ 1.295340778905263, 7.343124121982679 ] ] ] } },
{ "type": "Feature", "properties": { "region": "Plateaux", "prefecture": "Ogou", "commune": "Ogou 2", "canton": "Datcha", "population": 20924, "FRI": 0.121, "classe_fri": "Faible", "rwi_min": -0.634, "urban_ratio": 0.0, "infrastructure_documentee": false, "WUI": 0.3293, "priorite": "Elevee" }, "geometry": { "type": "Polygon", "coordinates": [ [ [ 1.144328284774694, 7.479976502441495 ], [ 1.153362265029954, 7.480239617101463 ], [ 1.163547703406516, 7.474752326786019 ], [ 1.178229416149472, 7.472293140615008 ], [ 1.20067408522023, 7.475541469629434 ], [ 1.215759545184645, 7.474330228010579 ], [ 1.224238234067567, 7.471687519092328 ], [ 1.227798549609218, 7.465924947311193 ], [ 1.246003874406085, 7.455500930748807 ], [ 1.253197913478147, 7.444489645847455 ], [ 1.260500668417029, 7.440931022276592 ], [ 1.255820688084211, 7.428706914649916 ], [ 1.23801804438084, 7.414760574910156 ], [ 1.236220932385576, 7.410904271148349 ], [ 1.24352170132844, 7.406299171421147 ], [ 1.252806780750909, 7.394206102491257 ], [ 1.26160514300082, 7.389413803570477 ], [ 1.266921600580462, 7.381850955588745 ], [ 1.287887910518319, 7.368372614007915 ], [ 1.292530450689426, 7.358114097854868 ], [ 1.292156052071845, 7.350551250297369 ], [ 1.295340778905263, 7.343124121982679 ], [ 1.288077449764854, 7.344097557444065 ], [ 1.273625672083204, 7.356677344318827 ], [ 1.263067636938453, 7.352409201991573 ], [ 1.258724615838372, 7.353906795898585 ], [ 1.253932316017094, 7.36049620710955 ], [ 1.246444348774416, 7.362892357105071 ], [ 1.237084388371158, 7.356976862462592 ], [ 1.233639923325565, 7.348141060414641 ], [ 1.220161581181385, 7.349488894461905 ], [ 1.200692864410929, 7.357426140377035 ], [ 1.196948880297567, 7.361170124863253 ], [ 1.200543105210295, 7.371204001478384 ], [ 1.200393345824657, 7.380638841193186 ], [ 1.195451287143316, 7.38228619443325 ], [ 1.175084014361097, 7.380638841502939 ], [ 1.170740993171641, 7.3842330657471 ], [ 1.16280374709972, 7.397262129518174 ], [ 1.154709099994371, 7.404111579410994 ], [ 1.153958776423352, 7.425089908715317 ], [ 1.144328284774694, 7.479976502441495 ] ] ] } },
{ "type": "Feature", "properties": { "region": "Plateaux", "prefecture": "Ogou", "commune": "Ogou 2", "canton": "Akparé", "population": 15745, "FRI": 0.0858, "classe_fri": "Tres faible", "rwi_min": -1.083, "urban_ratio": 0.0, "infrastructure_documentee": false, "WUI": 0.3398, "priorite": "Elevee" }, "geometry": { "type": "Polygon", "coordinates": [ [ [ 1.216661831542936, 7.474048995329197 ], [ 1.229734700817186, 7.492136393077047 ], [ 1.230817477024508, 7.51336982015021 ], [ 1.235809259169887, 7.523793836813166 ], [ 1.241938874485776, 7.529299478848826 ], [ 1.251298466874055, 7.53069424152863 ], [ 1.271045370387118, 7.523830540799947 ], [ 1.280184736826692, 7.524307696864081 ], [ 1.288663426480622, 7.528859027876228 ], [ 1.302280714919775, 7.524050766487705 ], [ 1.308373626047247, 7.52416087946025 ], [ 1.31894445935896, 7.529189366388827 ], [ 1.336887792708813, 7.533107689108684 ], [ 1.338327309416175, 7.530376829260716 ], [ 1.361963801329459, 7.522950811177269 ], [ 1.374055548527834, 7.52316641973074 ], [ 1.381325129476153, 7.518495247111397 ], [ 1.384207401548852, 7.510977977168248 ], [ 1.383127766992292, 7.506666138979416 ], [ 1.375354438727344, 7.500557662112387 ], [ 1.376649952497483, 7.496102090224808 ], [ 1.38319964799004, 7.487837645387105 ], [ 1.403381356835797, 7.481828703220081 ], [ 1.407006313722949, 7.462218058514417 ], [ 1.430512801115137, 7.437289100518369 ], [ 1.431598394543899, 7.409058799316353 ], [ 1.417279995554048, 7.412907302593699 ], [ 1.410840343040396, 7.417400083220619 ], [ 1.360371439907198, 7.41032395415744 ], [ 1.346144300963376, 7.41908487634992 ], [ 1.319824093145366, 7.426385644509928 ], [ 1.308330063203777, 7.433985932512944 ], [ 1.260500668417029, 7.440931022276592 ], [ 1.253197913478147, 7.444489645847455 ], [ 1.246003874406085, 7.455500930748807 ], [ 1.239103469068683, 7.460933164617004 ], [ 1.227798549609218, 7.465924947311193 ], [ 1.224238234067567, 7.471687519092328 ], [ 1.216661831542936, 7.474048995329197 ] ] ] } },
{ "type": "Feature", "properties": { "region": "Plateaux", "prefecture": "Ogou", "commune": "Ogou 3", "canton": "Gléi", "population": 59483, "FRI": 0.1631, "classe_fri": "Faible", "rwi_min": -0.738, "urban_ratio": 0.0086, "infrastructure_documentee": false, "WUI": 0.3917, "priorite": "Critique" }, "geometry": { "type": "Polygon", "coordinates": [ [ [ 1.175084014361097, 7.380638841502939 ], [ 1.195451287143316, 7.38228619443325 ], [ 1.200393345824657, 7.380638841193186 ], [ 1.200543105210295, 7.371204001478384 ], [ 1.196948880297567, 7.361170124863253 ], [ 1.209828185579135, 7.353382637837598 ], [ 1.225103639896006, 7.347991301096587 ], [ 1.233639923325565, 7.348141060414641 ], [ 1.237084388371158, 7.356976862462592 ], [ 1.246444348774416, 7.362892357105071 ], [ 1.253932316017094, 7.36049620710955 ], [ 1.258724615838372, 7.353906795898585 ], [ 1.263067636938453, 7.352409201991573 ], [ 1.273625672083204, 7.356677344318827 ], [ 1.288077449764854, 7.344097557444065 ], [ 1.295340778905263, 7.343124121982679 ], [ 1.31241334557142, 7.334662718741606 ], [ 1.326340965930718, 7.323206127689605 ], [ 1.33487724934016, 7.319986301155916 ], [ 1.438087966270042, 7.332781366344648 ], [ 1.438886682636917, 7.317006713813381 ], [ 1.450468072933989, 7.309818264957225 ], [ 1.469637270986129, 7.302629816047548 ], [ 1.472891178581193, 7.298641217562862 ], [ 1.452439208319405, 7.28845530914083 ], [ 1.420209519340499, 7.283808954224609 ], [ 1.408550171717097, 7.274639337710227 ], [ 1.383559245368552, 7.26240784685868 ], [ 1.360789231420464, 7.257983579125021 ], [ 1.356949701584963, 7.255374543121881 ], [ 1.344160737574877, 7.225824967749767 ], [ 1.338379625822909, 7.221806174786116 ], [ 1.315107539844739, 7.218416837127457 ], [ 1.279278278746504, 7.219622298290728 ], [ 1.266600929231852, 7.22203329814241 ], [ 1.247862873957354, 7.231337345279829 ], [ 1.204895603720038, 7.236524763204633 ], [ 1.158388079029257, 7.238885911853343 ], [ 1.136659885409059, 7.234365227129364 ], [ 1.121885164442739, 7.2271249471571 ], [ 1.097690526093185, 7.207082299579891 ], [ 1.077584183607178, 7.182301793195603 ], [ 1.064722946025496, 7.175115133691972 ], [ 1.053041965194468, 7.183951932573672 ], [ 1.040983622905697, 7.187965147558341 ], [ 1.035525408880503, 7.195715058782802 ], [ 1.061042956031554, 7.245048613272154 ], [ 1.06255499002075, 7.275471241084163 ], [ 1.069564663860648, 7.298912675151824 ], [ 1.073071636212795, 7.321456269281041 ], [ 1.078158632310035, 7.331636421198359 ], [ 1.11649305345026, 7.341807676627976 ], [ 1.13339933095638, 7.353344305115836 ], [ 1.146595319062809, 7.375666947194087 ], [ 1.154709099994371, 7.404111579410994 ], [ 1.16280374709972, 7.397262129518174 ], [ 1.175084014361097, 7.380638841502939 ] ] ] } },
{ "type": "Feature", "properties": { "region": "Plateaux", "prefecture": "Ogou", "commune": "Ogou 4", "canton": "Ountivou", "population": 42842, "FRI": 0.1547, "classe_fri": "Faible", "rwi_min": -1.026, "urban_ratio": 0.0, "infrastructure_documentee": false, "WUI": 0.3954, "priorite": "Critique" }, "geometry": { "type": "Polygon", "coordinates": [ [ [ 1.539391588898887, 7.505734203226334 ], [ 1.59185518059633, 7.484386490074552 ], [ 1.635902849082069, 7.482265731630559 ], [ 1.632467806917193, 7.405841133855008 ], [ 1.620930584442679, 7.400231846939143 ], [ 1.598607877449747, 7.381164751891436 ], [ 1.585991148790408, 7.36440036023132 ], [ 1.568859804548944, 7.354864301900919 ], [ 1.552857569092776, 7.342470434286294 ], [ 1.542201323040174, 7.338214461160757 ], [ 1.530638457238093, 7.325108171006222 ], [ 1.514881749072872, 7.314922095688502 ], [ 1.472891178581193, 7.298641217562862 ], [ 1.469637270986129, 7.302629816047548 ], [ 1.450468072933989, 7.309818264957225 ], [ 1.438886682636917, 7.317006713813381 ], [ 1.43229727073669, 7.366127783382666 ], [ 1.44188186998553, 7.380604521008491 ], [ 1.440783635052729, 7.389989441341675 ], [ 1.431598394543899, 7.409058799316353 ], [ 1.430512801115137, 7.437289100518369 ], [ 1.438750901542644, 7.44566721218899 ], [ 1.447845107528864, 7.481500816528745 ], [ 1.446907270640988, 7.484726189397408 ], [ 1.448678692326091, 7.48701514327672 ], [ 1.466485765323475, 7.489883834900048 ], [ 1.47189845254419, 7.488146734828423 ], [ 1.485790371004371, 7.489763710352775 ], [ 1.490494176583121, 7.492723243763733 ], [ 1.502890118743073, 7.491972189290259 ], [ 1.516937300757771, 7.503617244734692 ], [ 1.539391588898887, 7.505734203226334 ] ] ] } },
{ "type": "Feature", "properties": { "region": "Plateaux", "prefecture": "Wawa", "commune": "Wawa 1", "canton": "Kpété-Béna", "population": 10441, "FRI": 0.0611, "classe_fri": "Tres faible", "rwi_min": -0.691, "urban_ratio": 0.0, "infrastructure_documentee": false, "WUI": 0.2922, "priorite": "Surveillance" }, "geometry": { "type": "Polygon", "coordinates": [ [ [ 0.648773214056775, 7.474442212337848 ], [ 0.658627094046487, 7.425690831439571 ], [ 0.644537666256139, 7.401295437456744 ], [ 0.633759090435431, 7.403835612412532 ], [ 0.629162501015733, 7.400322927528373 ], [ 0.625458269874161, 7.409477257523648 ], [ 0.614777444151317, 7.412523406843029 ], [ 0.598413995480611, 7.400662279831205 ], [ 0.56778910688304, 7.393363631736851 ], [ 0.548870018021278, 7.412813632947346 ], [ 0.539803619772599, 7.417794572033925 ], [ 0.54055396852102, 7.420091405518391 ], [ 0.537042302179571, 7.422930892078758 ], [ 0.536339479833317, 7.434924707608967 ], [ 0.530674294531021, 7.447474286340718 ], [ 0.532552823369777, 7.449564377400288 ], [ 0.530771817166944, 7.456853250665775 ], [ 0.524666557579532, 7.45823991410777 ], [ 0.520332555009731, 7.454417310018083 ], [ 0.516131359164162, 7.461360252271197 ], [ 0.509174867847705, 7.464021381764971 ], [ 0.526818323341468, 7.478093011502393 ], [ 0.523658623238757, 7.490708331810379 ], [ 0.535407545551607, 7.494334157964751 ], [ 0.6031875065662, 7.48880861732236 ], [ 0.61543578729022, 7.476284059398244 ], [ 0.633670070614791, 7.471311073457409 ], [ 0.648773214056775, 7.474442212337848 ] ] ] } },
{ "type": "Feature", "properties": { "region": "Plateaux", "prefecture": "Wawa", "commune": "Wawa 1", "canton": "Tomégbé", "population": 8189, "FRI": 0.0586, "classe_fri": "Tres faible", "rwi_min": -0.778, "urban_ratio": 0.0, "infrastructure_documentee": false, "WUI": 0.2956, "priorite": "Surveillance" }, "geometry": { "type": "Polygon", "coordinates": [ [ [ 0.670527261762967, 7.521043626218823 ], [ 0.67188839030776, 7.499353190247453 ], [ 0.669217712878718, 7.488440247990216 ], [ 0.648773214056775, 7.474442212337848 ], [ 0.633670070614791, 7.471311073457409 ], [ 0.61543578729022, 7.476284059398244 ], [ 0.6031875065662, 7.48880861732236 ], [ 0.535407545551607, 7.494334157964751 ], [ 0.523658623238757, 7.490708331810379 ], [ 0.517254788094469, 7.51454408688765 ], [ 0.518522145032072, 7.517198939935361 ], [ 0.541669825153434, 7.52071861231179 ], [ 0.563035247267746, 7.533289216547287 ], [ 0.586150424450682, 7.536236171483496 ], [ 0.603371691422653, 7.545077035317255 ], [ 0.621882250864898, 7.550510483403614 ], [ 0.632288685761029, 7.557049039703521 ], [ 0.645143849797348, 7.581617834042693 ], [ 0.664060541941523, 7.543327281574977 ], [ 0.670527261762967, 7.521043626218823 ] ] ] } },
{ "type": "Feature", "properties": { "region": "Plateaux", "prefecture": "Wawa", "commune": "Wawa 1", "canton": "Badou", "population": 20037, "FRI": 0.0646, "classe_fri": "Tres faible", "rwi_min": -0.585, "urban_ratio": 0.0, "infrastructure_documentee": false, "WUI": 0.2939, "priorite": "Surveillance" }, "geometry": { "type": "Polygon", "coordinates": [ [ [ 0.562241079177224, 7.615755194016352 ], [ 0.568649063640076, 7.60637340024691 ], [ 0.580485236148698, 7.599046245891422 ], [ 0.606723258627145, 7.603153092427587 ], [ 0.625393411172263, 7.59937209260335 ], [ 0.632274360617032, 7.587817733677912 ], [ 0.645143849797348, 7.581617834042693 ], [ 0.632288685761029, 7.557049039703521 ], [ 0.621882250864898, 7.550510483403614 ], [ 0.603371691422653, 7.545077035317255 ], [ 0.586150424450682, 7.536236171483496 ], [ 0.563035247267746, 7.533289216547287 ], [ 0.541669825153434, 7.52071861231179 ], [ 0.518662169685552, 7.517124320469632 ], [ 0.527497360916821, 7.584750612179468 ], [ 0.526441745719015, 7.590592195409632 ], [ 0.517463950499188, 7.592283075913816 ], [ 0.526599090908378, 7.595298823465241 ], [ 0.534650490924481, 7.600779731783154 ], [ 0.536579834599811, 7.604805389697389 ], [ 0.545492858028486, 7.609273791220637 ], [ 0.554854342924824, 7.607439641414937 ], [ 0.557898434601015, 7.614283490033143 ], [ 0.562241079177224, 7.615755194016352 ] ] ] } },
{ "type": "Feature", "properties": { "region": "Plateaux", "prefecture": "Wawa", "commune": "Wawa 1", "canton": "Késsibo", "population": 8564, "FRI": 0.0607, "classe_fri": "Tres faible", "rwi_min": -0.605, "urban_ratio": 0.0, "infrastructure_documentee": false, "WUI": 0.2839, "priorite": "Surveillance" }, "geometry": { "type": "Polygon", "coordinates": [ [ [ 0.635230733791957, 7.715685576190761 ], [ 0.644269688323386, 7.695161595285539 ], [ 0.651560434437913, 7.688028698595968 ], [ 0.658951691331174, 7.667760468857368 ], [ 0.659979212312123, 7.639643832617738 ], [ 0.675717435367317, 7.630009977450383 ], [ 0.669145113626687, 7.614907481347272 ], [ 0.668205735650306, 7.602695557702634 ], [ 0.672033567084293, 7.589132864570608 ], [ 0.653175538005276, 7.580349673176576 ], [ 0.645143849797348, 7.581617834042693 ], [ 0.632274360617032, 7.587817733677912 ], [ 0.625393411172263, 7.59937209260335 ], [ 0.606723258627145, 7.603153092427587 ], [ 0.580485236148698, 7.599046245891422 ], [ 0.568649063640076, 7.60637340024691 ], [ 0.562186109890364, 7.615835670445226 ], [ 0.585917278910066, 7.623567132228205 ], [ 0.587393223237702, 7.626599176746027 ], [ 0.584764471492402, 7.631947006365323 ], [ 0.58294588043766, 7.65653866835847 ], [ 0.583510201179693, 7.676118142527418 ], [ 0.589368273131948, 7.702867210399948 ], [ 0.598226960453806, 7.708210458597834 ], [ 0.608757056750819, 7.710611299018058 ], [ 0.619361792937524, 7.703105302974955 ], [ 0.626440464596971, 7.703870795753759 ], [ 0.622194637110059, 7.719916587314301 ], [ 0.627475813891848, 7.721495684016389 ], [ 0.635230733791957, 7.715685576190761 ] ] ] } },
{ "type": "Feature", "properties": { "region": "Plateaux", "prefecture": "Wawa", "commune": "Wawa 2", "canton": "Gbadi-N'kougna", "population": 6187, "FRI": 0.0882, "classe_fri": "Tres faible", "rwi_min": -0.725, "urban_ratio": 0.0, "infrastructure_documentee": false, "WUI": 0.3062, "priorite": "Moyenne" }, "geometry": { "type": "Polygon", "coordinates": [ [ [ 0.76071899221322, 7.526418616605616 ], [ 0.75644481852129, 7.516836953182012 ], [ 0.759169017102451, 7.511200680905084 ], [ 0.774218099460537, 7.51010431879332 ], [ 0.767307564129987, 7.493033353349764 ], [ 0.745896095797984, 7.478920202472613 ], [ 0.748843050542053, 7.452581793520415 ], [ 0.723057196099987, 7.422559691255434 ], [ 0.727394772642511, 7.378321058435128 ], [ 0.711593971438233, 7.377665663278978 ], [ 0.697613423710695, 7.381985871679245 ], [ 0.687895998757882, 7.37935619557012 ], [ 0.679782143824366, 7.383134024721105 ], [ 0.669436124632812, 7.378934724179892 ], [ 0.649854401177573, 7.377122506740379 ], [ 0.643548138834761, 7.391126449641329 ], [ 0.645864602149659, 7.398760552083268 ], [ 0.644537666256139, 7.401295437456744 ], [ 0.658627094046487, 7.425690831439571 ], [ 0.648773214056775, 7.474442212337848 ], [ 0.669217712878718, 7.488440247990216 ], [ 0.67188839030776, 7.499353190247453 ], [ 0.670460959855142, 7.522099997094465 ], [ 0.685184221714539, 7.527038448740665 ], [ 0.706733828869866, 7.524828232810994 ], [ 0.760108395397176, 7.531608684728064 ], [ 0.76071899221322, 7.526418616605616 ] ] ] } },
{ "type": "Feature", "properties": { "region": "Plateaux", "prefecture": "Wawa", "commune": "Wawa 2", "canton": "Ekéto", "population": 8168, "FRI": 0.0656, "classe_fri": "Tres faible", "rwi_min": -0.791, "urban_ratio": 0.0, "infrastructure_documentee": false, "WUI": 0.3004, "priorite": "Moyenne" }, "geometry": { "type": "Polygon", "coordinates": [ [ [ 0.8951369533207, 7.479001579642045 ], [ 0.88214300864083, 7.467029973101437 ], [ 0.874884739647675, 7.453554580380706 ], [ 0.858484611037296, 7.440906044274679 ], [ 0.857192119162181, 7.438793780193203 ], [ 0.859927905231207, 7.43256443705132 ], [ 0.856170734823321, 7.423689996060925 ], [ 0.837726709931676, 7.398369998658579 ], [ 0.831941877575673, 7.395094194427728 ], [ 0.806846340830661, 7.394656880146612 ], [ 0.806411865798323, 7.389325822156456 ], [ 0.794991018772339, 7.387218191244833 ], [ 0.790211642949695, 7.393045173004055 ], [ 0.768697602271676, 7.387704175704841 ], [ 0.767207940302811, 7.393097231468487 ], [ 0.76311132326907, 7.392725295085926 ], [ 0.759200920384249, 7.388943965078108 ], [ 0.748152503913407, 7.389997785337328 ], [ 0.727394772642511, 7.378321058435128 ], [ 0.723057196099987, 7.422559691255434 ], [ 0.748843050542053, 7.452581793520415 ], [ 0.745896095797984, 7.478920202472613 ], [ 0.767307564129987, 7.493033353349764 ], [ 0.774218099460537, 7.51010431879332 ], [ 0.801985012998449, 7.504389570410791 ], [ 0.854214471741075, 7.514088655686889 ], [ 0.860931029808009, 7.503896396696097 ], [ 0.8951369533207, 7.479001579642045 ] ] ] } },
{ "type": "Feature", "properties": { "region": "Plateaux", "prefecture": "Wawa", "commune": "Wawa 2", "canton": "Gobé", "population": 1917, "FRI": 0.0282, "classe_fri": "Tres faible", "rwi_min": -0.486, "urban_ratio": 0.0, "infrastructure_documentee": false, "WUI": 0.2516, "priorite": "Surveillance" }, "geometry": { "type": "Polygon", "coordinates": [ [ [ 0.760108395397176, 7.531608684728064 ], [ 0.783334535579976, 7.538019944474308 ], [ 0.829899239382334, 7.541634470391177 ], [ 0.854214471741075, 7.514088655686889 ], [ 0.801985012998449, 7.504389570410791 ], [ 0.774218099460537, 7.51010431879332 ], [ 0.763490159381852, 7.509556767637402 ], [ 0.759169017102451, 7.511200680905084 ], [ 0.75644481852129, 7.516836953182012 ], [ 0.76071899221322, 7.526418616605616 ], [ 0.760108395397176, 7.531608684728064 ] ] ] } },
{ "type": "Feature", "properties": { "region": "Plateaux", "prefecture": "Wawa", "commune": "Wawa 3", "canton": "Klabé-Efoukpa", "population": 15487, "FRI": 0.0709, "classe_fri": "Tres faible", "rwi_min": -0.719, "urban_ratio": 0.0, "infrastructure_documentee": false, "WUI": 0.3038, "priorite": "Moyenne" }, "geometry": { "type": "Polygon", "coordinates": [ [ [ 0.902212984058022, 7.638007556977513 ], [ 0.878321279105817, 7.632372586998556 ], [ 0.849764164759645, 7.611424440992941 ], [ 0.814443523165171, 7.610766875883454 ], [ 0.805918661155512, 7.608535851238631 ], [ 0.796571842332154, 7.580871146782968 ], [ 0.775858540491961, 7.579415109429648 ], [ 0.762472393864902, 7.58190446319548 ], [ 0.747207488925109, 7.57582198619702 ], [ 0.727973709093414, 7.55313598889317 ], [ 0.723519592680476, 7.533323050170496 ], [ 0.724147097930873, 7.526266025442875 ], [ 0.706733828869866, 7.524828232810994 ], [ 0.685184221714539, 7.527038448740665 ], [ 0.670460959855142, 7.522099997094465 ], [ 0.664060541941523, 7.543327281574977 ], [ 0.645143849797348, 7.581617834042693 ], [ 0.653175538005276, 7.580349673176576 ], [ 0.672033567084293, 7.589132864570608 ], [ 0.668205735650306, 7.602695557702634 ], [ 0.669145113626687, 7.614907481347272 ], [ 0.675717435367317, 7.630009977450383 ], [ 0.694351501206618, 7.630610287152667 ], [ 0.710175838029734, 7.626743027319058 ], [ 0.746752652852947, 7.626137794144476 ], [ 0.771242703651458, 7.636140932513642 ], [ 0.791877632170775, 7.636195433828115 ], [ 0.811993686829579, 7.630769711609671 ], [ 0.828205440932984, 7.630085568073099 ], [ 0.844541120297427, 7.637312187047061 ], [ 0.85602723989256, 7.651334927419732 ], [ 0.865884268334798, 7.657132764973372 ], [ 0.868405878650286, 7.649560240904777 ], [ 0.892827647253094, 7.64348718970684 ], [ 0.902212984058022, 7.638007556977513 ] ] ] } },
{ "type": "Feature", "properties": { "region": "Plateaux", "prefecture": "Wawa", "commune": "Wawa 3", "canton": "Ounabé", "population": 5401, "FRI": 0.0368, "classe_fri": "Tres faible", "rwi_min": -0.453, "urban_ratio": 0.0, "infrastructure_documentee": false, "WUI": 0.2567, "priorite": "Surveillance" }, "geometry": { "type": "Polygon", "coordinates": [ [ [ 0.917963757565366, 7.604724494705708 ], [ 0.923796114172542, 7.597647685620464 ], [ 0.935460772425103, 7.597974302350688 ], [ 0.966250273558068, 7.581764061056029 ], [ 0.979021594829245, 7.580532570762044 ], [ 0.995886717378134, 7.572766148576645 ], [ 1.007205553035621, 7.573112708192813 ], [ 1.002406719158586, 7.550436694626864 ], [ 0.99641662903141, 7.540919425603365 ], [ 0.982997680735919, 7.537155433589873 ], [ 0.971006847279962, 7.518701262132336 ], [ 0.951864530451305, 7.505133973346704 ], [ 0.939350242450961, 7.50207237502987 ], [ 0.937502140284432, 7.524156154265972 ], [ 0.904389039138659, 7.561684335318473 ], [ 0.898752767303291, 7.584135487875574 ], [ 0.917963757565366, 7.604724494705708 ] ] ] } },
{ "type": "Feature", "properties": { "region": "Plateaux", "prefecture": "Wawa", "commune": "Wawa 3", "canton": "Okou", "population": 9166, "FRI": 0.0662, "classe_fri": "Tres faible", "rwi_min": -0.727, "urban_ratio": 0.0, "infrastructure_documentee": false, "WUI": 0.2967, "priorite": "Surveillance" }, "geometry": { "type": "Polygon", "coordinates": [ [ [ 0.860931029808009, 7.503896396696097 ], [ 0.823981153591883, 7.551028258313516 ], [ 0.823775664652992, 7.575064611958961 ], [ 0.849467673594989, 7.601566835341364 ], [ 0.849764164759645, 7.611424440992941 ], [ 0.878321279105817, 7.632372586998556 ], [ 0.902212984058022, 7.638007556977513 ], [ 0.902738749295298, 7.624110421401936 ], [ 0.909023958789163, 7.618819892018612 ], [ 0.917963757565366, 7.604724494705708 ], [ 0.898752767303291, 7.584135487875574 ], [ 0.904389039138659, 7.561684335318473 ], [ 0.937502140284432, 7.524156154265972 ], [ 0.939350242450961, 7.50207237502987 ], [ 0.911738116895259, 7.489385936661806 ], [ 0.8951369533207, 7.479001579642045 ], [ 0.860931029808009, 7.503896396696097 ] ] ] } },
{ "type": "Feature", "properties": { "region": "Plateaux", "prefecture": "Wawa", "commune": "Wawa 3", "canton": "Doumé", "population": 5260, "FRI": 0.0388, "classe_fri": "Tres faible", "rwi_min": -0.817, "urban_ratio": 0.0, "infrastructure_documentee": false, "WUI": 0.2853, "priorite": "Surveillance" }, "geometry": { "type": "Polygon", "coordinates": [ [ [ 0.849763131088128, 7.611390074791986 ], [ 0.849467673594989, 7.601566835341364 ], [ 0.823775664652992, 7.575064611958961 ], [ 0.823981153591883, 7.551028258313516 ], [ 0.829899239382334, 7.541634470391177 ], [ 0.783334535579976, 7.538019944474308 ], [ 0.760108395397176, 7.531608684728064 ], [ 0.724147097930873, 7.526266025442875 ], [ 0.723519592680476, 7.533323050170496 ], [ 0.727973709093414, 7.55313598889317 ], [ 0.747207488925109, 7.57582198619702 ], [ 0.762472393864902, 7.58190446319548 ], [ 0.775858540491961, 7.579415109429648 ], [ 0.796571842332154, 7.580871146782968 ], [ 0.805918661155512, 7.608535851238631 ], [ 0.814443523165171, 7.610766875883454 ], [ 0.849763131088128, 7.611390074791986 ] ] ] } },
{ "type": "Feature", "properties": { "region": "Centrale", "prefecture": "Blitta", "commune": "Blitta 1", "canton": "Pagala-Gare", "population": 15610, "FRI": 0.1135, "classe_fri": "Faible", "rwi_min": -0.87, "urban_ratio": 0.0, "infrastructure_documentee": false, "WUI": 0.3388, "priorite": "Elevee" }, "geometry": { "type": "Polygon", "coordinates": [ [ [ 0.899368150283015, 8.134188351724397 ], [ 0.912089372491828, 8.1617675476644 ], [ 0.911157290175304, 8.174065078536367 ], [ 0.91228779106441, 8.179260968789668 ], [ 0.916417608335533, 8.182742330130306 ], [ 0.91569638495926, 8.191580932158242 ], [ 0.921753634639805, 8.195456683479446 ], [ 0.923231197703581, 8.208151157732006 ], [ 0.932552296581799, 8.215215384347523 ], [ 0.959241825367407, 8.221791339591007 ], [ 0.966444507979645, 8.228267546096699 ], [ 0.968872549144753, 8.22510803215977 ], [ 0.977374044147263, 8.222844139082991 ], [ 0.987392408141183, 8.225874030748967 ], [ 1.004318369076969, 8.236723575709659 ], [ 1.020744757850566, 8.251222633220644 ], [ 1.034934635917561, 8.249946826239016 ], [ 1.044748734311067, 8.231011265915058 ], [ 1.058148258383316, 8.213582414341722 ], [ 1.073599279639589, 8.210628867214092 ], [ 1.076838017239617, 8.179116564269311 ], [ 1.059955046791695, 8.159235030203657 ], [ 1.056183741075891, 8.141146317598015 ], [ 1.058916082325283, 8.134623195909771 ], [ 1.054699703271568, 8.113816989437661 ], [ 1.033661857046812, 8.116022806661139 ], [ 1.018432820993776, 8.113834357488015 ], [ 1.000539593532864, 8.104327381319276 ], [ 1.00079603848969, 8.09144889415648 ], [ 0.98788873062616, 8.088117518550959 ], [ 0.974943343965137, 8.092474880786533 ], [ 0.971783958554293, 8.090223000925997 ], [ 0.969487490954083, 8.115441956056623 ], [ 0.942571636707358, 8.130877296392372 ], [ 0.92800698928959, 8.135632978557734 ], [ 0.915414259226493, 8.136721884846743 ], [ 0.899368150283015, 8.134188351724397 ] ] ] } },
{ "type": "Feature", "properties": { "region": "Centrale", "prefecture": "Blitta", "commune": "Blitta 1", "canton": "Waragni", "population": 2978, "FRI": 0.0584, "classe_fri": "Tres faible", "rwi_min": -0.752, "urban_ratio": 0.0, "infrastructure_documentee": false, "WUI": 0.2893, "priorite": "Surveillance" }, "geometry": { "type": "Polygon", "coordinates": [ [ [ 0.977374044147263, 8.222844139082991 ], [ 0.972953500408332, 8.238392557917205 ], [ 0.97996740003949, 8.244146818182326 ], [ 0.979591146466297, 8.251738060235642 ], [ 0.986096376483854, 8.262728041899512 ], [ 0.996395542956461, 8.26768169997016 ], [ 0.997623667268915, 8.272878148408026 ], [ 1.008521538700918, 8.273989900426551 ], [ 1.013604144807037, 8.280262838732719 ], [ 1.026160991327713, 8.316369397494109 ], [ 1.044597419140065, 8.315499316202935 ], [ 1.068903704955516, 8.303314702128358 ], [ 1.057264826083569, 8.275960050418416 ], [ 1.066416163538613, 8.259375618592367 ], [ 1.044748734311067, 8.231011265915058 ], [ 1.034934635917561, 8.249946826239016 ], [ 1.020744757850566, 8.251222633220644 ], [ 1.004318369076969, 8.236723575709659 ], [ 0.987392408141183, 8.225874030748967 ], [ 0.977374044147263, 8.222844139082991 ] ] ] } },
{ "type": "Feature", "properties": { "region": "Centrale", "prefecture": "Blitta", "commune": "Blitta 1", "canton": "Blitta-Village", "population": 77399, "FRI": 0.1585, "classe_fri": "Faible", "rwi_min": -0.805, "urban_ratio": 0.0, "infrastructure_documentee": false, "WUI": 0.4089, "priorite": "Critique" }, "geometry": { "type": "Polygon", "coordinates": [ [ [ 1.047911624466046, 8.313689336215452 ], [ 0.996886013797408, 8.323239464646667 ], [ 1.002710017004333, 8.33559574962325 ], [ 0.997854631145417, 8.341506454319177 ], [ 0.994810504871217, 8.351775490877676 ], [ 1.001017379726685, 8.364782594738397 ], [ 0.997107337273853, 8.374470534004619 ], [ 0.979748007837779, 8.371883107256174 ], [ 0.973835901709032, 8.373287461042281 ], [ 0.973918393509691, 8.379379318516154 ], [ 0.970044165067948, 8.382342902993534 ], [ 0.971598932941845, 8.391344331088993 ], [ 0.999366678378708, 8.394306224347211 ], [ 1.017782635140678, 8.393548909618817 ], [ 1.060953408463353, 8.382685287790292 ], [ 1.080558557555686, 8.385482384314095 ], [ 1.098249060161731, 8.383731540180658 ], [ 1.089340430236009, 8.367430140794104 ], [ 1.07221822209154, 8.355620308812142 ], [ 1.060006454491577, 8.326820823324271 ], [ 1.047911624466046, 8.313689336215452 ] ] ] } },
{ "type": "Feature", "properties": { "region": "Centrale", "prefecture": "Blitta", "commune": "Blitta 1", "canton": "Blitta", "population": 98866, "FRI": 0.1291, "classe_fri": "Faible", "rwi_min": -0.835, "urban_ratio": 0.0, "infrastructure_documentee": false, "WUI": 0.4125, "priorite": "Critique" }, "geometry": { "type": "Polygon", "coordinates": [ [ [ 0.973835901709032, 8.373287461042281 ], [ 0.979748007837779, 8.371883107256174 ], [ 0.997107337273853, 8.374470534004619 ], [ 1.001017379726685, 8.364782594738397 ], [ 0.994810504871217, 8.351775490877676 ], [ 0.997854631145417, 8.341506454319177 ], [ 1.002710017004333, 8.33559574962325 ], [ 0.996886013797408, 8.323239464646667 ], [ 1.026160991327713, 8.316369397494109 ], [ 1.013604144807037, 8.280262838732719 ], [ 1.008521538700918, 8.273989900426551 ], [ 0.997623667268915, 8.272878148408026 ], [ 0.996395542956461, 8.26768169997016 ], [ 0.986096376483854, 8.262728041899512 ], [ 0.979591146466297, 8.251738060235642 ], [ 0.97996740003949, 8.244146818182326 ], [ 0.972953500408332, 8.238392557917205 ], [ 0.977374044147263, 8.222844139082991 ], [ 0.968872549144753, 8.22510803215977 ], [ 0.951518181865379, 8.241647677226045 ], [ 0.953901838539415, 8.251847950278368 ], [ 0.950747033771791, 8.264903321576522 ], [ 0.950536742177319, 8.286912321681466 ], [ 0.95484296384105, 8.293854635271344 ], [ 0.957007596635774, 8.304438292441302 ], [ 0.946578289262119, 8.324472352345289 ], [ 0.936403271056843, 8.33258920691188 ], [ 0.927650533829749, 8.345422634753824 ], [ 0.910036215343649, 8.354941228841959 ], [ 0.905723388735078, 8.367412845405534 ], [ 0.91597123815532, 8.381144870333289 ], [ 0.921384824337292, 8.381306233805004 ], [ 0.923404754899271, 8.385340906082066 ], [ 0.941018852519476, 8.38122557759772 ], [ 0.942447745785939, 8.376029982781867 ], [ 0.954986250840182, 8.373189912615002 ], [ 0.95873486434699, 8.364153281843125 ], [ 0.956795872417041, 8.361313212784086 ], [ 0.963646769666659, 8.350985667968679 ], [ 0.973835901709032, 8.373287461042281 ] ] ] } },
{ "type": "Feature", "properties": { "region": "Centrale", "prefecture": "Blitta", "commune": "Blitta 1", "canton": "Yaloumbè", "population": 4473, "FRI": 0.0629, "classe_fri": "Tres faible", "rwi_min": -0.74, "urban_ratio": 0.0, "infrastructure_documentee": false, "WUI": 0.292, "priorite": "Surveillance" }, "geometry": { "type": "Polygon", "coordinates": [ [ [ 1.133262289692691, 8.371820094866635 ], [ 1.144498026031739, 8.361839893764383 ], [ 1.145212882006304, 8.348433910377835 ], [ 1.141943979270765, 8.327872046058465 ], [ 1.134935851454393, 8.317457809616219 ], [ 1.137254625791473, 8.30925007611644 ], [ 1.133273905461142, 8.301553526981214 ], [ 1.106992785257206, 8.280504802661973 ], [ 1.097556817015722, 8.278675684833209 ], [ 1.066416163538613, 8.259375618592367 ], [ 1.057264826083569, 8.275960050418416 ], [ 1.068903704955516, 8.303314702128358 ], [ 1.047911624466046, 8.313689336215452 ], [ 1.060006454491577, 8.326820823324271 ], [ 1.07221822209154, 8.355620308812142 ], [ 1.089340430236009, 8.367430140794104 ], [ 1.098249060161731, 8.383731540180658 ], [ 1.133262289692691, 8.371820094866635 ] ] ] } },
{ "type": "Feature", "properties": { "region": "Centrale", "prefecture": "Blitta", "commune": "Blitta 1", "canton": "Tchaloudè", "population": 6143, "FRI": 0.066, "classe_fri": "Tres faible", "rwi_min": -0.688, "urban_ratio": 0.0, "infrastructure_documentee": false, "WUI": 0.2911, "priorite": "Surveillance" }, "geometry": { "type": "Polygon", "coordinates": [ [ [ 1.235052835460285, 8.383448548367481 ], [ 1.238246807804531, 8.374388996315208 ], [ 1.244441403054544, 8.376374821911613 ], [ 1.251585489778094, 8.372753391304826 ], [ 1.2515406999088, 8.369478808232685 ], [ 1.237838139284476, 8.357903027685261 ], [ 1.243491277516785, 8.347072723987655 ], [ 1.237579905693929, 8.339747799318141 ], [ 1.239550154510144, 8.326995068892382 ], [ 1.234119320303053, 8.320069408329895 ], [ 1.235345161454655, 8.312811246625365 ], [ 1.233287559095198, 8.309225851833121 ], [ 1.24595333523974, 8.288926457284152 ], [ 1.237175876973788, 8.289495639159666 ], [ 1.218312784362, 8.283247591493035 ], [ 1.213847934383163, 8.286255671075521 ], [ 1.205051142374369, 8.28686505555231 ], [ 1.20420076271923, 8.282859916391754 ], [ 1.19168069941882, 8.278612854639517 ], [ 1.185108570477092, 8.279475215844748 ], [ 1.183082303806406, 8.283359126429675 ], [ 1.171696444414663, 8.280427858383325 ], [ 1.162921920232592, 8.282144876127209 ], [ 1.148440549983016, 8.262153097094046 ], [ 1.139847198123868, 8.242648039465223 ], [ 1.130101098774853, 8.237628298190728 ], [ 1.11913523958795, 8.238117741559297 ], [ 1.09722631232081, 8.257046636012548 ], [ 1.066416163538613, 8.259375618592367 ], [ 1.097556817015722, 8.278675684833209 ], [ 1.106992785257206, 8.280504802661973 ], [ 1.133273905461142, 8.301553526981214 ], [ 1.137254625791473, 8.30925007611644 ], [ 1.134935851454393, 8.317457809616219 ], [ 1.141943979270765, 8.327872046058465 ], [ 1.145212882006304, 8.348433910377835 ], [ 1.144498026031739, 8.361839893764383 ], [ 1.133262289692691, 8.371820094866635 ], [ 1.165953685096205, 8.369324461921668 ], [ 1.183449069313753, 8.391602137052624 ], [ 1.230573584712352, 8.387860749830255 ], [ 1.235052835460285, 8.383448548367481 ] ] ] } },
{ "type": "Feature", "properties": { "region": "Centrale", "prefecture": "Blitta", "commune": "Blitta 1", "canton": "Doufouli", "population": 1751, "FRI": 0.0571, "classe_fri": "Tres faible", "rwi_min": -1.067, "urban_ratio": 0.0, "infrastructure_documentee": false, "WUI": 0.3115, "priorite": "Moyenne" }, "geometry": { "type": "Polygon", "coordinates": [ [ [ 0.91597123815532, 8.381144870333289 ], [ 0.905723388735078, 8.367412845405534 ], [ 0.910036215343649, 8.354941228841959 ], [ 0.927650533829749, 8.345422634753824 ], [ 0.936403271056843, 8.33258920691188 ], [ 0.946578289262119, 8.324472352345289 ], [ 0.957007596635774, 8.304438292441302 ], [ 0.95484296384105, 8.293854635271344 ], [ 0.950536742177319, 8.286912321681466 ], [ 0.950747033771791, 8.264903321576522 ], [ 0.953901838539415, 8.251847950278368 ], [ 0.951518181865379, 8.241647677226045 ], [ 0.94095389405565, 8.250916581499206 ], [ 0.932248782411723, 8.255100712151934 ], [ 0.922041057687869, 8.251395600344406 ], [ 0.903911364203332, 8.249763364611884 ], [ 0.851688233555012, 8.255061017758321 ], [ 0.85535977757049, 8.261878861575232 ], [ 0.856290747825034, 8.290428012755767 ], [ 0.863722738780468, 8.321174603425421 ], [ 0.853899673448857, 8.370641236992299 ], [ 0.868242222267871, 8.38478349098617 ], [ 0.884030899079522, 8.386881562388441 ], [ 0.887666849248971, 8.385106272384094 ], [ 0.891706707986407, 8.387688495451961 ], [ 0.901644996219101, 8.382362681038988 ], [ 0.909911322357182, 8.384533973494184 ], [ 0.91597123815532, 8.381144870333289 ] ] ] } },
{ "type": "Feature", "properties": { "region": "Centrale", "prefecture": "Blitta", "commune": "Blitta 2", "canton": "Tcharè-Baou", "population": 7947, "FRI": 0.0741, "classe_fri": "Tres faible", "rwi_min": -0.657, "urban_ratio": 0.0, "infrastructure_documentee": false, "WUI": 0.2947, "priorite": "Surveillance" }, "geometry": { "type": "Polygon", "coordinates": [ [ [ 1.066609857953911, 8.104165480637375 ], [ 1.079929779221815, 8.102209872424369 ], [ 1.092440694285632, 8.108180126001729 ], [ 1.11389292806827, 8.105011779843311 ], [ 1.128291569243669, 8.109040275757446 ], [ 1.135698019674256, 8.108329264163375 ], [ 1.15556784623956, 8.097893901753693 ], [ 1.165547039908522, 8.09880403027077 ], [ 1.171464754496342, 8.102002779804298 ], [ 1.185096855998974, 8.0949983098108 ], [ 1.191228229879303, 8.082769233106696 ], [ 1.200355225602022, 8.080069862933653 ], [ 1.204139846752797, 8.074895563856556 ], [ 1.128190048008652, 8.074221712060043 ], [ 1.118623052030181, 8.078215043994707 ], [ 1.096616789436995, 8.081573637781155 ], [ 1.084862443882727, 8.078923439239407 ], [ 1.080297063153024, 8.044874824945653 ], [ 1.087156296752644, 8.001074935457913 ], [ 1.082643978880226, 7.96479978302938 ], [ 1.04899367489499, 7.954928812807001 ], [ 1.045564744459301, 7.957359036606816 ], [ 1.032104767394733, 7.957535918210132 ], [ 1.034962302973165, 7.978792795676559 ], [ 1.028000720104648, 7.982796706104595 ], [ 1.025490721937412, 7.993453980333489 ], [ 1.030633193526591, 8.006887204745629 ], [ 1.026846880428668, 8.012203732790468 ], [ 1.01292781197716, 8.019057406741727 ], [ 1.00805062316568, 8.040372084549862 ], [ 1.009025874499663, 8.048018207696959 ], [ 1.013633671691595, 8.052365862151218 ], [ 1.007531415498579, 8.057814997776202 ], [ 1.006061558444535, 8.062565689384197 ], [ 0.980604269128434, 8.062008482880225 ], [ 0.975069370850845, 8.069622401678281 ], [ 0.971783958554293, 8.090223000925997 ], [ 0.974943343965137, 8.092474880786533 ], [ 0.98788873062616, 8.088117518550959 ], [ 1.00079603848969, 8.09144889415648 ], [ 1.000539593532864, 8.104327381319276 ], [ 1.018432820993776, 8.113834357488015 ], [ 1.033661857046812, 8.116022806661139 ], [ 1.054699703271568, 8.113816989437661 ], [ 1.066609857953911, 8.104165480637375 ] ] ] } },
{ "type": "Feature", "properties": { "region": "Centrale", "prefecture": "Blitta", "commune": "Blitta 2", "canton": "Koffiti", "population": 5805, "FRI": 0.067, "classe_fri": "Tres faible", "rwi_min": -0.999, "urban_ratio": 0.0, "infrastructure_documentee": false, "WUI": 0.315, "priorite": "Moyenne" }, "geometry": { "type": "Polygon", "coordinates": [ [ [ 1.128190048008652, 8.074221712060043 ], [ 1.204139846752797, 8.074895563856556 ], [ 1.209413254944532, 8.071797495176373 ], [ 1.211944244286218, 8.066521468204503 ], [ 1.211235090364269, 8.057794671232797 ], [ 1.20731560249642, 8.049846928445406 ], [ 1.221067611593248, 8.036929288306961 ], [ 1.223119070944099, 8.030930058968384 ], [ 1.228430507889038, 8.029318760587072 ], [ 1.233096555120495, 8.031245937018856 ], [ 1.230699367838959, 8.013688555353291 ], [ 1.196697935929814, 7.994796200859705 ], [ 1.189994099135229, 7.995075152493325 ], [ 1.182242575836667, 7.984613850592868 ], [ 1.172085101334513, 7.97865541135203 ], [ 1.166001688613875, 7.978876400933808 ], [ 1.141626381174989, 7.969898602656213 ], [ 1.119062207042733, 7.968904402699335 ], [ 1.107420220465478, 7.964026580223972 ], [ 1.082643978880226, 7.96479978302938 ], [ 1.087156296752644, 8.001074935457913 ], [ 1.080297063153024, 8.044874824945653 ], [ 1.084862443882727, 8.078923439239407 ], [ 1.096616789436995, 8.081573637781155 ], [ 1.118623052030181, 8.078215043994707 ], [ 1.128190048008652, 8.074221712060043 ] ] ] } },
{ "type": "Feature", "properties": { "region": "Centrale", "prefecture": "Blitta", "commune": "Blitta 2", "canton": "Langabou", "population": 10846, "FRI": 0.0792, "classe_fri": "Tres faible", "rwi_min": -0.812, "urban_ratio": 0.0, "infrastructure_documentee": false, "WUI": 0.3116, "priorite": "Moyenne" }, "geometry": { "type": "Polygon", "coordinates": [ [ [ 1.054699703271568, 8.113816989437661 ], [ 1.058916082325283, 8.134623195909771 ], [ 1.056183741075891, 8.141146317598015 ], [ 1.059955046791695, 8.159235030203657 ], [ 1.076838017239617, 8.179116564269311 ], [ 1.073599279639589, 8.210628867214092 ], [ 1.099243242129407, 8.214787916388783 ], [ 1.112062147076217, 8.197161609462913 ], [ 1.124149195789536, 8.191354471684548 ], [ 1.180017304966449, 8.189880072337957 ], [ 1.198329671630138, 8.194095737205499 ], [ 1.210889754424052, 8.190210382753607 ], [ 1.242275017127303, 8.161701570790454 ], [ 1.254747837778553, 8.155410897253724 ], [ 1.262863163198255, 8.148147264027937 ], [ 1.261360539784959, 8.141796067641542 ], [ 1.266454607981699, 8.131621143333701 ], [ 1.265755610484103, 8.123447577492245 ], [ 1.259795890277478, 8.11303074646696 ], [ 1.267837907416741, 8.10683368713388 ], [ 1.259385449624175, 8.096576538501035 ], [ 1.259507983607911, 8.09266266091922 ], [ 1.265076961000065, 8.087761638570381 ], [ 1.265980612361737, 8.075073968553488 ], [ 1.261325135637749, 8.067712350397532 ], [ 1.261196850222426, 8.058323438485971 ], [ 1.248781391157567, 8.04201424386871 ], [ 1.24697102873051, 8.034136035205671 ], [ 1.244125915474118, 8.031359246979727 ], [ 1.228430507889038, 8.029318760587072 ], [ 1.221425885723602, 8.032172425646154 ], [ 1.221067611593248, 8.036929288306961 ], [ 1.20731560249642, 8.049846928445406 ], [ 1.211235090364269, 8.057794671232797 ], [ 1.211944244286218, 8.066521468204503 ], [ 1.209413254944532, 8.071797495176373 ], [ 1.200355225602022, 8.080069862933653 ], [ 1.191228229879303, 8.082769233106696 ], [ 1.185096855998974, 8.0949983098108 ], [ 1.171464754496342, 8.102002779804298 ], [ 1.165547039908522, 8.09880403027077 ], [ 1.15556784623956, 8.097893901753693 ], [ 1.135698019674256, 8.108329264163375 ], [ 1.128291569243669, 8.109040275757446 ], [ 1.11389292806827, 8.105011779843311 ], [ 1.092440694285632, 8.108180126001729 ], [ 1.079929779221815, 8.102209872424369 ], [ 1.066609857953911, 8.104165480637375 ], [ 1.054699703271568, 8.113816989437661 ] ] ] } },
{ "type": "Feature", "properties": { "region": "Centrale", "prefecture": "Blitta", "commune": "Blitta 2", "canton": "Agbandi", "population": 5934, "FRI": 0.0728, "classe_fri": "Tres faible", "rwi_min": -1.05, "urban_ratio": 0.0, "infrastructure_documentee": false, "WUI": 0.3223, "priorite": "Moyenne" }, "geometry": { "type": "Polygon", "coordinates": [ [ [ 1.24595333523974, 8.288926457284152 ], [ 1.251943631690696, 8.27619847363955 ], [ 1.249808904163754, 8.266388043097626 ], [ 1.261157773010996, 8.248419228744723 ], [ 1.257521443074388, 8.24216423739591 ], [ 1.255014765530797, 8.24064900330632 ], [ 1.249473674093472, 8.242625334020556 ], [ 1.248616200591296, 8.240187844858234 ], [ 1.256734961167813, 8.228165581561662 ], [ 1.254558151922555, 8.222236468753657 ], [ 1.255617204868673, 8.217731707924544 ], [ 1.262147767316824, 8.218258777631331 ], [ 1.261751903903122, 8.211077965851564 ], [ 1.267688733231364, 8.210287423696894 ], [ 1.269139941300123, 8.2078498785029 ], [ 1.26359770334181, 8.197009094777862 ], [ 1.26557664779088, 8.191211750521388 ], [ 1.264170977225024, 8.182383428527691 ], [ 1.270832389673319, 8.175534952205824 ], [ 1.271679759957846, 8.171327473676365 ], [ 1.269132667403255, 8.161413419120974 ], [ 1.270830861795943, 8.156561149021622 ], [ 1.262863163198255, 8.148147264027937 ], [ 1.254747837778553, 8.155410897253724 ], [ 1.242275017127303, 8.161701570790454 ], [ 1.210889754424052, 8.190210382753607 ], [ 1.198329671630138, 8.194095737205499 ], [ 1.180017304966449, 8.189880072337957 ], [ 1.124149195789536, 8.191354471684548 ], [ 1.112062147076217, 8.197161609462913 ], [ 1.099243242129407, 8.214787916388783 ], [ 1.073599279639589, 8.210628867214092 ], [ 1.058148258383316, 8.213582414341722 ], [ 1.044748734311067, 8.231011265915058 ], [ 1.066416163538613, 8.259375618592367 ], [ 1.09722631232081, 8.257046636012548 ], [ 1.11913523958795, 8.238117741559297 ], [ 1.130101098774853, 8.237628298190728 ], [ 1.139847198123868, 8.242648039465223 ], [ 1.148440549983016, 8.262153097094046 ], [ 1.162921920232592, 8.282144876127209 ], [ 1.171696444414663, 8.280427858383325 ], [ 1.183082303806406, 8.283359126429675 ], [ 1.185108570477092, 8.279475215844748 ], [ 1.19168069941882, 8.278612854639517 ], [ 1.20420076271923, 8.282859916391754 ], [ 1.205051142374369, 8.28686505555231 ], [ 1.213847934383163, 8.286255671075521 ], [ 1.218312784362, 8.283247591493035 ], [ 1.237175876973788, 8.289495639159666 ], [ 1.24595333523974, 8.288926457284152 ] ] ] } },
{ "type": "Feature", "properties": { "region": "Centrale", "prefecture": "Blitta", "commune": "Blitta 3", "canton": "Tintchro", "population": 1571, "FRI": 0.0464, "classe_fri": "Tres faible", "rwi_min": -0.835, "urban_ratio": 0.0, "infrastructure_documentee": false, "WUI": 0.2878, "priorite": "Surveillance" }, "geometry": { "type": "Polygon", "coordinates": [ [ [ 0.706121810733298, 8.090655004158283 ], [ 0.71648239932536, 8.143372979180249 ], [ 0.737548257356554, 8.16121269904939 ], [ 0.769214669867373, 8.164271526128164 ], [ 0.824535999681903, 8.140858317603003 ], [ 0.837129473578203, 8.126076985831055 ], [ 0.83585712515895, 8.093489697246891 ], [ 0.814766719912535, 8.061157604169139 ], [ 0.791061209592842, 8.031550224425523 ], [ 0.76477732331401, 8.008771279797353 ], [ 0.75619105950524, 8.044907456732181 ], [ 0.707235705280796, 8.05746630527139 ], [ 0.710028710456965, 8.064729959121951 ], [ 0.706121810733298, 8.090655004158283 ] ] ] } },
{ "type": "Feature", "properties": { "region": "Centrale", "prefecture": "Blitta", "commune": "Blitta 3", "canton": "Welly", "population": 7245, "FRI": 0.0641, "classe_fri": "Tres faible", "rwi_min": -0.842, "urban_ratio": 0.0, "infrastructure_documentee": false, "WUI": 0.3027, "priorite": "Moyenne" }, "geometry": { "type": "Polygon", "coordinates": [ [ [ 0.92800698928959, 8.135632978557734 ], [ 0.942571636707358, 8.130877296392372 ], [ 0.969487490954083, 8.115441956056623 ], [ 0.975069370850845, 8.069622401678281 ], [ 0.980604269128434, 8.062008482880225 ], [ 1.006061558444535, 8.062565689384197 ], [ 1.007531415498579, 8.057814997776202 ], [ 1.013633671691595, 8.052365862151218 ], [ 1.009025874499663, 8.048018207696959 ], [ 1.00805062316568, 8.040372084549862 ], [ 1.01292781197716, 8.019057406741727 ], [ 1.026846880428668, 8.012203732790468 ], [ 1.030633193526591, 8.006887204745629 ], [ 1.025490721937412, 7.993453980333489 ], [ 1.028000720104648, 7.982796706104595 ], [ 1.034962302973165, 7.978792795676559 ], [ 1.032104767394733, 7.957535918210132 ], [ 1.018243677932386, 7.967270218294977 ], [ 1.016966936733199, 7.970883127923086 ], [ 0.973157173334865, 7.979123364018254 ], [ 0.964716147021194, 7.986490870507955 ], [ 0.96081486358376, 7.983373860529465 ], [ 0.9525864765035, 7.983161332886734 ], [ 0.94844802462405, 7.979807382202911 ], [ 0.943340700407864, 7.979311482232111 ], [ 0.939581357154783, 7.9742817914794 ], [ 0.931920550741225, 7.975131905942858 ], [ 0.927735566838429, 7.972227425265011 ], [ 0.915251316717712, 7.977257119091814 ], [ 0.9056753082147, 7.971660685907231 ], [ 0.90201466789494, 7.975067313310147 ], [ 0.898004084017129, 7.9719266533448 ], [ 0.887658501309291, 7.969650888542775 ], [ 0.882262579278104, 7.963225344057601 ], [ 0.868348708160381, 7.965179766044756 ], [ 0.853445620748877, 7.963859779309232 ], [ 0.839619111190077, 7.975053396119594 ], [ 0.83400485724032, 7.974616477604777 ], [ 0.825307452739377, 7.962449988983572 ], [ 0.816120690778112, 7.968202546040621 ], [ 0.805621367131372, 7.970241396495415 ], [ 0.782018703915927, 7.967247798533945 ], [ 0.76477732331401, 8.008771279797353 ], [ 0.791061209592842, 8.031550224425523 ], [ 0.814766719912535, 8.061157604169139 ], [ 0.83585712515895, 8.093489697246891 ], [ 0.836924161132068, 8.126317981451983 ], [ 0.87809000376608, 8.136240231538464 ], [ 0.899368150283015, 8.134188351724397 ], [ 0.915414259226493, 8.136721884846743 ], [ 0.92800698928959, 8.135632978557734 ] ] ] } },
{ "type": "Feature", "properties": { "region": "Centrale", "prefecture": "Blitta", "commune": "Blitta 3", "canton": "Pagala-Village", "population": 2126, "FRI": 0.098, "classe_fri": "Tres faible", "rwi_min": -0.784, "urban_ratio": 0.0, "infrastructure_documentee": false, "WUI": 0.3127, "priorite": "Moyenne" }, "geometry": { "type": "Polygon", "coordinates": [ [ [ 0.824535999681903, 8.140858317603003 ], [ 0.824047898682241, 8.157555765993898 ], [ 0.83023823857658, 8.17219726176898 ], [ 0.841033093382094, 8.181575997900461 ], [ 0.857975668411308, 8.219509009844746 ], [ 0.857468371004713, 8.233129696048696 ], [ 0.851688233555012, 8.255061017758321 ], [ 0.903911364203332, 8.249763364611884 ], [ 0.922041057687869, 8.251395600344406 ], [ 0.932248782411723, 8.255100712151934 ], [ 0.94095389405565, 8.250916581499206 ], [ 0.966444507979645, 8.228267546096699 ], [ 0.959241825367407, 8.221791339591007 ], [ 0.932552296581799, 8.215215384347523 ], [ 0.923231197703581, 8.208151157732006 ], [ 0.921753634639805, 8.195456683479446 ], [ 0.91569638495926, 8.191580932158242 ], [ 0.916417608335533, 8.182742330130306 ], [ 0.91228779106441, 8.179260968789668 ], [ 0.912089372491828, 8.1617675476644 ], [ 0.899368150283015, 8.134188351724397 ], [ 0.87809000376608, 8.136240231538464 ], [ 0.836924161132068, 8.126317981451983 ], [ 0.824535999681903, 8.140858317603003 ] ] ] } },
{ "type": "Feature", "properties": { "region": "Centrale", "prefecture": "Blitta", "commune": "Blitta 3", "canton": "Tchifama", "population": 3009, "FRI": 0.0709, "classe_fri": "Tres faible", "rwi_min": -0.638, "urban_ratio": 0.0, "infrastructure_documentee": false, "WUI": 0.2875, "priorite": "Surveillance" }, "geometry": { "type": "Polygon", "coordinates": [ [ [ 0.824535999681903, 8.140858317603003 ], [ 0.769214669867373, 8.164271526128164 ], [ 0.737548257356554, 8.16121269904939 ], [ 0.748515268279805, 8.181264560237539 ], [ 0.744302975458565, 8.209879349114498 ], [ 0.745401852459427, 8.220264482813819 ], [ 0.783575727088099, 8.210780758262013 ], [ 0.79772590536617, 8.203073930897608 ], [ 0.808992060468661, 8.206703285110292 ], [ 0.816918607178611, 8.205881380608256 ], [ 0.825969434461416, 8.217823547341773 ], [ 0.837134359725352, 8.220262406402806 ], [ 0.842518438330604, 8.228076056848092 ], [ 0.857468371004713, 8.233129696048696 ], [ 0.857975668411308, 8.219509009844746 ], [ 0.845968918730671, 8.191982018717926 ], [ 0.841033093382094, 8.181575997900461 ], [ 0.83023823857658, 8.17219726176898 ], [ 0.824047898682241, 8.157555765993898 ], [ 0.824535999681903, 8.140858317603003 ] ] ] } },
{ "type": "Feature", "properties": { "region": "Centrale", "prefecture": "Blitta", "commune": "Blitta 3", "canton": "Atchintsè", "population": 2949, "FRI": 0.0499, "classe_fri": "Tres faible", "rwi_min": -0.569, "urban_ratio": 0.0, "infrastructure_documentee": false, "WUI": 0.2707, "priorite": "Surveillance" }, "geometry": { "type": "Polygon", "coordinates": [ [ [ 0.598134102295432, 8.058879725370058 ], [ 0.650117612248585, 8.055701408876788 ], [ 0.707235705280796, 8.05746630527139 ], [ 0.75619105950524, 8.044907456732181 ], [ 0.76477732331401, 8.008771279797353 ], [ 0.782018703915927, 7.967247798533945 ], [ 0.761512616543739, 7.963841516496941 ], [ 0.746027176652052, 7.957655389034125 ], [ 0.714422779444358, 7.938485957775962 ], [ 0.713312564562561, 7.934937936027211 ], [ 0.702210678536876, 7.931463870720854 ], [ 0.677557427884319, 7.902752172158848 ], [ 0.662891949648742, 7.903434771531404 ], [ 0.656842445345197, 7.90603004833296 ], [ 0.619726210566566, 7.90421107617383 ], [ 0.617317348734424, 7.926009168539965 ], [ 0.61509383231425, 7.926283359551907 ], [ 0.611235803577739, 7.940950556428501 ], [ 0.613245244453976, 7.944974855790828 ], [ 0.603187569664568, 7.963979697291084 ], [ 0.59723525354121, 7.986573295060051 ], [ 0.606430252513656, 7.98574438070071 ], [ 0.60604818975937, 8.000010714079174 ], [ 0.598990562987291, 8.006337304142532 ], [ 0.597216328865277, 8.013930476799557 ], [ 0.602066228160222, 8.02164846657327 ], [ 0.597976807637688, 8.027288461972242 ], [ 0.594164845576201, 8.040128313327351 ], [ 0.597356940072373, 8.044440128677962 ], [ 0.5958942716977, 8.049000555361433 ], [ 0.598713793879939, 8.051965362377636 ], [ 0.598134102295432, 8.058879725370058 ] ] ] } },
{ "type": "Feature", "properties": { "region": "Centrale", "prefecture": "Blitta", "commune": "Blitta 3", "canton": "Diguengué", "population": 838, "FRI": 0.0316, "classe_fri": "Tres faible", "rwi_min": -0.605, "urban_ratio": 0.0, "infrastructure_documentee": false, "WUI": 0.2617, "priorite": "Surveillance" }, "geometry": { "type": "Polygon", "coordinates": [ [ [ 0.711868625574557, 8.123120975302699 ], [ 0.706121810733298, 8.090655004158283 ], [ 0.710028710456965, 8.064729959121951 ], [ 0.707235705280796, 8.05746630527139 ], [ 0.650117612248585, 8.055701408876788 ], [ 0.597679261652283, 8.05890750517259 ], [ 0.591341095255299, 8.061911976256466 ], [ 0.591720958765308, 8.070200255914502 ], [ 0.584749338411517, 8.096348717063787 ], [ 0.586130183510291, 8.104087428797564 ], [ 0.591912467926066, 8.105692248153503 ], [ 0.591227347132729, 8.123702573725286 ], [ 0.641549760543789, 8.126214732228698 ], [ 0.711868625574557, 8.123120975302699 ] ] ] } },
{ "type": "Feature", "properties": { "region": "Centrale", "prefecture": "Blitta", "commune": "Blitta 3", "canton": "Yégué", "population": 1161, "FRI": 0.0206, "classe_fri": "Tres faible", "rwi_min": -0.503, "urban_ratio": 0.0, "infrastructure_documentee": false, "WUI": 0.2481, "priorite": "Surveillance" }, "geometry": { "type": "Polygon", "coordinates": [ [ [ 0.720107885968148, 8.146443398699095 ], [ 0.71648239932536, 8.143372979180249 ], [ 0.711868625574557, 8.123120975302699 ], [ 0.641549760543789, 8.126214732228698 ], [ 0.591227347132729, 8.123702573725286 ], [ 0.591453601993977, 8.139120536762151 ], [ 0.606057099759312, 8.139103482358211 ], [ 0.609308794287508, 8.145139954876283 ], [ 0.608200494014053, 8.152573148266162 ], [ 0.610375987958138, 8.162103327906921 ], [ 0.608417623630465, 8.171273163806049 ], [ 0.604466203069866, 8.174494449832695 ], [ 0.605396336739262, 8.177456542857415 ], [ 0.610256213128244, 8.176787809246406 ], [ 0.610825696703838, 8.185389438726713 ], [ 0.631399000511533, 8.184253806514429 ], [ 0.641347782486705, 8.189933609220356 ], [ 0.646350973205129, 8.200196973340496 ], [ 0.662686191990633, 8.200427692180142 ], [ 0.682714376823162, 8.166677431015467 ], [ 0.714003824244028, 8.145083742335423 ], [ 0.720107885968148, 8.146443398699095 ] ] ] } },
{ "type": "Feature", "properties": { "region": "Centrale", "prefecture": "Blitta", "commune": "Blitta 3", "canton": "Dikpéléou", "population": 998, "FRI": 0.0074, "classe_fri": "Tres faible", "rwi_min": -0.268, "urban_ratio": 0.0, "infrastructure_documentee": false, "WUI": 0.2229, "priorite": "Surveillance" }, "geometry": { "type": "Polygon", "coordinates": [ [ [ 0.624583787657624, 8.227412084541621 ], [ 0.646350973205129, 8.200196973340496 ], [ 0.641347782486705, 8.189933609220356 ], [ 0.631399000511533, 8.184253806514429 ], [ 0.611245599235089, 8.185334454648391 ], [ 0.598282299597138, 8.187415079159555 ], [ 0.589357623355776, 8.194481204155592 ], [ 0.589966379935956, 8.21005385397765 ], [ 0.595030961950679, 8.211101834861701 ], [ 0.596325357285349, 8.214532232265999 ], [ 0.600479568814379, 8.216212847252109 ], [ 0.616693934566135, 8.217719177779227 ], [ 0.617372476813534, 8.222889115791764 ], [ 0.624583787657624, 8.227412084541621 ] ] ] } },
{ "type": "Feature", "properties": { "region": "Centrale", "prefecture": "Blitta", "commune": "Blitta 3", "canton": "Katchenkè", "population": 1408, "FRI": 0.0458, "classe_fri": "Tres faible", "rwi_min": -0.713, "urban_ratio": 0.0, "infrastructure_documentee": false, "WUI": 0.2781, "priorite": "Surveillance" }, "geometry": { "type": "Polygon", "coordinates": [ [ [ 0.755051123488922, 8.253954241491972 ], [ 0.744302975458565, 8.209879349114498 ], [ 0.748515268279805, 8.181264560237539 ], [ 0.737548257356554, 8.16121269904939 ], [ 0.720107885968148, 8.146443398699095 ], [ 0.714003824244028, 8.145083742335423 ], [ 0.682714376823162, 8.166677431015467 ], [ 0.662686191990633, 8.200427692180142 ], [ 0.646350973205129, 8.200196973340496 ], [ 0.624529663116557, 8.227423317654068 ], [ 0.622672605861628, 8.237717704566377 ], [ 0.635590912701951, 8.249410766496329 ], [ 0.637623522121068, 8.262057499764307 ], [ 0.672361977108313, 8.262792143833142 ], [ 0.680709762339779, 8.269941125486568 ], [ 0.686682752928295, 8.281080900868112 ], [ 0.718264857991588, 8.283441492210303 ], [ 0.724814062617126, 8.286848273469452 ], [ 0.730659402509205, 8.286643547566397 ], [ 0.73004817124651, 8.290256421594544 ], [ 0.741550321241425, 8.286937128119423 ], [ 0.742034809416197, 8.269641659560014 ], [ 0.755051123488922, 8.253954241491972 ] ] ] } },
{ "type": "Feature", "properties": { "region": "Centrale", "prefecture": "Blitta", "commune": "Blitta 3", "canton": "M'Poti", "population": 3439, "FRI": 0.0574, "classe_fri": "Tres faible", "rwi_min": -0.638, "urban_ratio": 0.0, "infrastructure_documentee": false, "WUI": 0.2804, "priorite": "Surveillance" }, "geometry": { "type": "Polygon", "coordinates": [ [ [ 0.868242222267871, 8.38478349098617 ], [ 0.853899673448857, 8.370641236992299 ], [ 0.863722738780468, 8.321174603425421 ], [ 0.856290747825034, 8.290428012755767 ], [ 0.85535977757049, 8.261878861575232 ], [ 0.851688233555012, 8.255061017758321 ], [ 0.857468371004713, 8.233129696048696 ], [ 0.842518438330604, 8.228076056848092 ], [ 0.837134359725352, 8.220262406402806 ], [ 0.825969434461416, 8.217823547341773 ], [ 0.816918607178611, 8.205881380608256 ], [ 0.808992060468661, 8.206703285110292 ], [ 0.79772590536617, 8.203073930897608 ], [ 0.783575727088099, 8.210780758262013 ], [ 0.745401852459427, 8.220264482813819 ], [ 0.755051123488922, 8.253954241491972 ], [ 0.742034809416197, 8.269641659560014 ], [ 0.741550321241425, 8.286937128119423 ], [ 0.729023428924824, 8.290443100628149 ], [ 0.730970034841666, 8.293831805382444 ], [ 0.729317840483599, 8.311920138141291 ], [ 0.73119845697672, 8.314444785917935 ], [ 0.728603017321777, 8.316006963090432 ], [ 0.728220105687712, 8.322631855671792 ], [ 0.730497489512015, 8.324228994165983 ], [ 0.727134016056846, 8.337371649636646 ], [ 0.730170054877929, 8.340716301784743 ], [ 0.725653040703681, 8.343902410298487 ], [ 0.717596001084428, 8.343431958480116 ], [ 0.71704125734226, 8.345442612273338 ], [ 0.720781200103903, 8.348344980611605 ], [ 0.710419709551387, 8.35175574485074 ], [ 0.712659184605954, 8.356164262262428 ], [ 0.709393697699217, 8.358259605919885 ], [ 0.711556146149812, 8.366689440399432 ], [ 0.70878094423664, 8.367567171553519 ], [ 0.709990714025002, 8.371337666256363 ], [ 0.707745536031254, 8.371903412367967 ], [ 0.712173405678029, 8.376453113848724 ], [ 0.708152269947959, 8.377315679763772 ], [ 0.711324114382184, 8.379232368474378 ], [ 0.70873307230046, 8.381609675215136 ], [ 0.729717791168408, 8.385494722558729 ], [ 0.744180652774808, 8.380572455771814 ], [ 0.756866010122297, 8.381702114079618 ], [ 0.764158761872939, 8.387203199937057 ], [ 0.771430662648925, 8.388736411681775 ], [ 0.774985809351698, 8.398419624164658 ], [ 0.796339850053299, 8.412092275561761 ], [ 0.829010041805067, 8.396832378145726 ], [ 0.868242222267871, 8.38478349098617 ] ] ] } },
{ "type": "Feature", "properties": { "region": "Centrale", "prefecture": "Mô", "commune": "Mô 1", "canton": "Kagnigbara", "population": 204, "FRI": 0.0466, "classe_fri": "Tres faible", "rwi_min": -0.587, "urban_ratio": 0.0, "infrastructure_documentee": false, "WUI": 0.268, "priorite": "Surveillance" }, "geometry": { "type": "Polygon", "coordinates": [ [ [ 0.715333448866065, 8.826627303716579 ], [ 0.616324503824115, 8.810021152094496 ], [ 0.625770836895233, 8.837717970864482 ], [ 0.619035336734211, 8.8532725981157 ], [ 0.610238337586786, 8.864061936453755 ], [ 0.59654989090074, 8.867321899844436 ], [ 0.583493406130557, 8.877732585184559 ], [ 0.576159479912215, 8.876268821363402 ], [ 0.574556966192112, 8.879945862174274 ], [ 0.584040152649014, 8.887066688861466 ], [ 0.577681642057267, 8.907417052393905 ], [ 0.582441487177849, 8.909088172303004 ], [ 0.583218383742614, 8.914518753837571 ], [ 0.590708104853535, 8.9271488291889 ], [ 0.599701211767546, 8.931292145254892 ], [ 0.600041959129585, 8.946066961159211 ], [ 0.615578027987996, 8.951303591775229 ], [ 0.620410529665397, 8.96415269549364 ], [ 0.626215996678196, 8.968932027769988 ], [ 0.627322390158734, 8.999091399215729 ], [ 0.63986663941368, 9.002399322117229 ], [ 0.652220051994763, 9.001628192560762 ], [ 0.656595153130962, 8.994431410756242 ], [ 0.653378093627545, 8.989676312102674 ], [ 0.657367311769613, 8.990575914313743 ], [ 0.661613747200396, 8.993917307677856 ], [ 0.665731636398495, 8.993660283210847 ], [ 0.675439631123795, 9.013488045294096 ], [ 0.699951697442501, 8.97604178022444 ], [ 0.743049997554815, 8.921356492963485 ], [ 0.716991456594995, 8.872296314247198 ], [ 0.715333448866065, 8.826627303716579 ] ] ] } },
{ "type": "Feature", "properties": { "region": "Centrale", "prefecture": "Mô", "commune": "Mô 1", "canton": "Boulohou", "population": 1255, "FRI": 0.0539, "classe_fri": "Tres faible", "rwi_min": -0.503, "urban_ratio": 0.0, "infrastructure_documentee": false, "WUI": 0.2664, "priorite": "Surveillance" }, "geometry": { "type": "Polygon", "coordinates": [ [ [ 0.865627858209183, 8.753993504295257 ], [ 0.846641774525292, 8.734841036931233 ], [ 0.833481341436717, 8.705357903374349 ], [ 0.790472968630925, 8.646673027046591 ], [ 0.743042706012877, 8.601324423612837 ], [ 0.685942598521597, 8.551228053142369 ], [ 0.63999345887743, 8.593021112278656 ], [ 0.604209185074897, 8.611322250903225 ], [ 0.574280807704789, 8.643161608753445 ], [ 0.556247209392817, 8.653722493793845 ], [ 0.554256536606734, 8.666997772124509 ], [ 0.559032105924522, 8.675881696492628 ], [ 0.60317852933361, 8.690948506659753 ], [ 0.620705433492098, 8.767687984450577 ], [ 0.610927089829621, 8.781541951782025 ], [ 0.608951588878482, 8.79447577031018 ], [ 0.616324503824115, 8.810021152094496 ], [ 0.715333448866065, 8.826627303716579 ], [ 0.744554647158505, 8.785415055713813 ], [ 0.839270638423266, 8.766139040604408 ], [ 0.865627858209183, 8.753993504295257 ] ] ] } },
{ "type": "Feature", "properties": { "region": "Centrale", "prefecture": "Mô", "commune": "Mô 1", "canton": "Djarkpanga", "population": 2640, "FRI": 0.0584, "classe_fri": "Tres faible", "rwi_min": -0.838, "urban_ratio": 0.0, "infrastructure_documentee": false, "WUI": 0.2955, "priorite": "Surveillance" }, "geometry": { "type": "Polygon", "coordinates": [ [ [ 0.574556966192112, 8.879945862174274 ], [ 0.576159479912215, 8.876268821363402 ], [ 0.583493406130557, 8.877732585184559 ], [ 0.59654989090074, 8.867321899844436 ], [ 0.610238337586786, 8.864061936453755 ], [ 0.623674250310154, 8.845508237618171 ], [ 0.625770836895233, 8.837717970864482 ], [ 0.608951588878482, 8.79447577031018 ], [ 0.610927089829621, 8.781541951782025 ], [ 0.620705433492098, 8.767687984450577 ], [ 0.60317852933361, 8.690948506659753 ], [ 0.559032105924522, 8.675881696492628 ], [ 0.554308967662003, 8.667095310775689 ], [ 0.491996627396325, 8.726524718962288 ], [ 0.469513524004648, 8.754938147999345 ], [ 0.469349022371719, 8.792270480866634 ], [ 0.471576360850094, 8.799568514688154 ], [ 0.482559290947225, 8.798472356063668 ], [ 0.491621715320831, 8.801233360876616 ], [ 0.500035754645189, 8.814684065226828 ], [ 0.494938911369292, 8.820401266564311 ], [ 0.496575746403609, 8.827472416256782 ], [ 0.501021126428241, 8.82886272709699 ], [ 0.495607824622612, 8.83980766978104 ], [ 0.502706722336551, 8.84705545355909 ], [ 0.507176240602883, 8.847726146359296 ], [ 0.508780606953279, 8.855661416043421 ], [ 0.519433298100268, 8.853396347478002 ], [ 0.521097925267387, 8.85862036484162 ], [ 0.516562969861863, 8.864051181489051 ], [ 0.521634472784971, 8.874114595412472 ], [ 0.524009224710975, 8.876054629260658 ], [ 0.532329436201809, 8.867407194471278 ], [ 0.539479048228717, 8.863885272005204 ], [ 0.539527398044125, 8.867021231800258 ], [ 0.547160111066291, 8.869626494607651 ], [ 0.552039293059688, 8.87425809245296 ], [ 0.553436529844834, 8.882952663796559 ], [ 0.556689403372202, 8.88537701259431 ], [ 0.560961800593346, 8.882273834969483 ], [ 0.566205253902384, 8.885474004178898 ], [ 0.574556966192112, 8.879945862174274 ] ] ] } },
{ "type": "Feature", "properties": { "region": "Centrale", "prefecture": "Mô", "commune": "Mô 2", "canton": "Saïboudè", "population": 2357, "FRI": 0.0579, "classe_fri": "Tres faible", "rwi_min": -0.625, "urban_ratio": 0.0, "infrastructure_documentee": false, "WUI": 0.2788, "priorite": "Surveillance" }, "geometry": { "type": "Polygon", "coordinates": [ [ [ 0.604209185074897, 8.611322250903225 ], [ 0.63999345887743, 8.593021112278656 ], [ 0.685942598521597, 8.551228053142369 ], [ 0.633250006842984, 8.532455465173843 ], [ 0.61931186938906, 8.521091986610269 ], [ 0.615018850262313, 8.512376752973481 ], [ 0.601788270070006, 8.518062295436287 ], [ 0.59046335899074, 8.516119037730549 ], [ 0.587983571616692, 8.52214164893277 ], [ 0.58310189905527, 8.526256315648636 ], [ 0.582018046425429, 8.523364529856044 ], [ 0.573912720620818, 8.527506689673494 ], [ 0.570317225976628, 8.524636460389091 ], [ 0.569085579799692, 8.531391783327418 ], [ 0.570879243851481, 8.53351784164159 ], [ 0.56682464783323, 8.536826520942359 ], [ 0.563239764913516, 8.536583143888597 ], [ 0.563409844104985, 8.545630244364437 ], [ 0.551166354417031, 8.549014089964428 ], [ 0.550258741277016, 8.551239989949925 ], [ 0.553498957173769, 8.553115909137599 ], [ 0.546844064677239, 8.552537551025285 ], [ 0.538456757101986, 8.558447589676408 ], [ 0.535728175610656, 8.557465015794032 ], [ 0.531699192134161, 8.569195379254905 ], [ 0.528258995824009, 8.569343737299707 ], [ 0.521142923171446, 8.562923093503453 ], [ 0.511227164411285, 8.563757441095285 ], [ 0.509907236145574, 8.571669573221314 ], [ 0.506857679332663, 8.572204837078516 ], [ 0.505097281657669, 8.569469604519444 ], [ 0.499561676905164, 8.573643491059364 ], [ 0.501246167366829, 8.579022681838246 ], [ 0.494130816034358, 8.585668982253752 ], [ 0.493700258127109, 8.59216317286004 ], [ 0.495529734764998, 8.592401905038122 ], [ 0.491988841666025, 8.596837965135512 ], [ 0.485370386504141, 8.596599000261138 ], [ 0.483908823978464, 8.598467747331425 ], [ 0.482053227559526, 8.596023204532447 ], [ 0.480318284151256, 8.597755347520126 ], [ 0.480035171267785, 8.593600020894364 ], [ 0.469472097507194, 8.595454678115885 ], [ 0.467045764566465, 8.608370138345276 ], [ 0.457022594303115, 8.625524075126714 ], [ 0.509357692116264, 8.643351703228632 ], [ 0.514509993254247, 8.652167337752275 ], [ 0.532751651309912, 8.669263145519597 ], [ 0.554430412858856, 8.666979450950436 ], [ 0.556247209392817, 8.653722493793845 ], [ 0.574280807704789, 8.643161608753445 ], [ 0.604209185074897, 8.611322250903225 ] ] ] } },
{ "type": "Feature", "properties": { "region": "Centrale", "prefecture": "Mô", "commune": "Mô 2", "canton": "Tindjasse", "population": 2561, "FRI": 0.0697, "classe_fri": "Tres faible", "rwi_min": -0.811, "urban_ratio": 0.0, "infrastructure_documentee": false, "WUI": 0.2996, "priorite": "Moyenne" }, "geometry": { "type": "Polygon", "coordinates": [ [ [ 0.447835482108678, 8.811572929863523 ], [ 0.459938918104306, 8.809905622412828 ], [ 0.459316263724425, 8.802651421940327 ], [ 0.463945280373602, 8.801000220647555 ], [ 0.470134705550991, 8.790307335889841 ], [ 0.469513524004648, 8.754938147999345 ], [ 0.491996627396325, 8.726524718962288 ], [ 0.554308967662003, 8.667095310775689 ], [ 0.532751651309912, 8.669263145519597 ], [ 0.514509993254247, 8.652167337752275 ], [ 0.509357692116264, 8.643351703228632 ], [ 0.457022594303115, 8.625524075126714 ], [ 0.387250261953425, 8.744869139237172 ], [ 0.381039140407651, 8.746719531779851 ], [ 0.373472453797779, 8.754517692262629 ], [ 0.395869698288237, 8.754226923561824 ], [ 0.400533250316783, 8.756973471408322 ], [ 0.398366568169664, 8.761429535145339 ], [ 0.388178460036617, 8.76198058340278 ], [ 0.377784842557126, 8.771971880294675 ], [ 0.381168077604582, 8.777039579944933 ], [ 0.379381364474621, 8.792743145309329 ], [ 0.389927382179005, 8.790624789812876 ], [ 0.389350587184394, 8.793826830316613 ], [ 0.392297949074254, 8.797016238468711 ], [ 0.398164585044521, 8.789638099138305 ], [ 0.398179080397194, 8.79371234572673 ], [ 0.418306939435799, 8.792591156459364 ], [ 0.42424631133377, 8.78989679209797 ], [ 0.423769532570141, 8.781559628566582 ], [ 0.427639139541602, 8.779562998239514 ], [ 0.433948298702473, 8.785320340987907 ], [ 0.438264454033795, 8.78425717793262 ], [ 0.440781792169896, 8.78835028584607 ], [ 0.437318247440764, 8.794025002719682 ], [ 0.432178931501345, 8.790056232724378 ], [ 0.429774333397154, 8.791009397868295 ], [ 0.43032660908306, 8.798187609120246 ], [ 0.442784809617087, 8.80217620343967 ], [ 0.447835482108678, 8.811572929863523 ] ] ] } },
{ "type": "Feature", "properties": { "region": "Centrale", "prefecture": "Sotouboua", "commune": "Sotouboua 1", "canton": "Tabindè", "population": 5425, "FRI": 0.0716, "classe_fri": "Tres faible", "rwi_min": -0.8, "urban_ratio": 0.0, "infrastructure_documentee": false, "WUI": 0.3022, "priorite": "Moyenne" }, "geometry": { "type": "Polygon", "coordinates": [ [ [ 1.03707369587959, 8.486102779438585 ], [ 1.024233919747932, 8.530647647663548 ], [ 1.051176025216314, 8.558610234721316 ], [ 1.05660246271245, 8.573920406797161 ], [ 1.05521441333322, 8.59049385020902 ], [ 1.067784009376456, 8.59704513808455 ], [ 1.081866187222887, 8.590987922111134 ], [ 1.082515833470963, 8.577005705601401 ], [ 1.096031673770409, 8.568133412124448 ], [ 1.135401189776209, 8.574525408199458 ], [ 1.146821411325427, 8.549492191085974 ], [ 1.200902412919222, 8.538644764967591 ], [ 1.221799322279221, 8.530378129045369 ], [ 1.242158803219026, 8.516500366852419 ], [ 1.245285566454956, 8.502274678117097 ], [ 1.253970951785743, 8.496954500067067 ], [ 1.250844195524903, 8.488048989262497 ], [ 1.243343344235334, 8.481106657679101 ], [ 1.234450511421143, 8.456127958873303 ], [ 1.223890239405916, 8.452242368731081 ], [ 1.132737672681121, 8.459165034503012 ], [ 1.086973302814358, 8.459808921275696 ], [ 1.083890765791042, 8.475509534056577 ], [ 1.050732305344278, 8.48897016519992 ], [ 1.03707369587959, 8.486102779438585 ] ] ] } },
{ "type": "Feature", "properties": { "region": "Centrale", "prefecture": "Sotouboua", "commune": "Sotouboua 1", "canton": "Sotouboua", "population": 22142, "FRI": 0.1432, "classe_fri": "Faible", "rwi_min": -0.841, "urban_ratio": 0.0146, "infrastructure_documentee": false, "WUI": 0.3582, "priorite": "Elevee" }, "geometry": { "type": "Polygon", "coordinates": [ [ [ 0.894711557019042, 8.617906280351832 ], [ 0.934411492774204, 8.616247695951261 ], [ 0.947631676383349, 8.602478392723206 ], [ 0.995487565239389, 8.592350296845943 ], [ 1.008578332694951, 8.58203769341335 ], [ 1.03114058275748, 8.588785636342719 ], [ 1.05521441333322, 8.59049385020902 ], [ 1.05660246271245, 8.573920406797161 ], [ 1.051176025216314, 8.558610234721316 ], [ 1.024233919747932, 8.530647647663548 ], [ 1.03707369587959, 8.486102779438585 ], [ 0.981130801045878, 8.478319521596468 ], [ 0.912514592662946, 8.456237398212078 ], [ 0.848271813875205, 8.482799233785098 ], [ 0.729498775967653, 8.507830539366514 ], [ 0.61931186938906, 8.521091986610269 ], [ 0.633250006842984, 8.532455465173843 ], [ 0.685942598521597, 8.551228053142369 ], [ 0.743042706012877, 8.601324423612837 ], [ 0.790472968630925, 8.646673027046591 ], [ 0.894711557019042, 8.617906280351832 ] ] ] } },
{ "type": "Feature", "properties": { "region": "Centrale", "prefecture": "Sotouboua", "commune": "Sotouboua 1", "canton": "Kaniamboua", "population": 1886, "FRI": 0.1136, "classe_fri": "Faible", "rwi_min": -0.885, "urban_ratio": 0.0, "infrastructure_documentee": false, "WUI": 0.3288, "priorite": "Elevee" }, "geometry": { "type": "Polygon", "coordinates": [ [ [ 0.934411492774204, 8.616247695951261 ], [ 0.963679784737588, 8.635290207361713 ], [ 0.981393932838356, 8.627742835825041 ], [ 1.006112923500025, 8.624123605984986 ], [ 1.039878427960708, 8.621990728615733 ], [ 1.046335079260338, 8.624103133174678 ], [ 1.05521441333322, 8.59049385020902 ], [ 1.03114058275748, 8.588785636342719 ], [ 1.008578332694951, 8.58203769341335 ], [ 0.995487565239389, 8.592350296845943 ], [ 0.947631676383349, 8.602478392723206 ], [ 0.934411492774204, 8.616247695951261 ] ] ] } },
{ "type": "Feature", "properties": { "region": "Centrale", "prefecture": "Sotouboua", "commune": "Sotouboua 2", "canton": "Séssaro", "population": 8780, "FRI": 0.0708, "classe_fri": "Tres faible", "rwi_min": -1.003, "urban_ratio": 0.0, "infrastructure_documentee": false, "WUI": 0.3199, "priorite": "Moyenne" }, "geometry": { "type": "Polygon", "coordinates": [ [ [ 1.261071071067385, 8.670955803396055 ], [ 1.266608461946452, 8.656461455885688 ], [ 1.261762477280947, 8.644596415096323 ], [ 1.263012409049757, 8.628942213894858 ], [ 1.259104383548383, 8.625039223047011 ], [ 1.263950376960854, 8.614891518700437 ], [ 1.260666926022394, 8.610308318801899 ], [ 1.264367632442049, 8.589578323142183 ], [ 1.259418176889745, 8.580409840133354 ], [ 1.253654557523694, 8.575700251468344 ], [ 1.257846321786495, 8.561571662992014 ], [ 1.26853505730703, 8.560629726889399 ], [ 1.266495709716237, 8.545387975650288 ], [ 1.261014136688456, 8.547476867190252 ], [ 1.258335835813149, 8.543139234690912 ], [ 1.244220290585546, 8.546609324302864 ], [ 1.240962870279526, 8.538223276210449 ], [ 1.243351615062344, 8.531644567448232 ], [ 1.233434567797576, 8.52405373756247 ], [ 1.200902412919222, 8.538644764967591 ], [ 1.146821411325427, 8.549492191085974 ], [ 1.135401189776209, 8.574525408199458 ], [ 1.128148830458586, 8.59860500078687 ], [ 1.154688812367817, 8.62252375762505 ], [ 1.166650539961471, 8.650625293680648 ], [ 1.160220165195619, 8.661985092984464 ], [ 1.165834597202864, 8.676971370371273 ], [ 1.21488492409237, 8.683601797240957 ], [ 1.222852104057485, 8.676828608097949 ], [ 1.233387252313974, 8.67301455465223 ], [ 1.238457273805835, 8.676762828330954 ], [ 1.24322711869854, 8.672862769160488 ], [ 1.249614018071162, 8.673060068847642 ], [ 1.252708791553935, 8.669048772178181 ], [ 1.261071071067385, 8.670955803396055 ] ] ] } },
{ "type": "Feature", "properties": { "region": "Centrale", "prefecture": "Sotouboua", "commune": "Sotouboua 2", "canton": "Tittigbe", "population": 6433, "FRI": 0.0662, "classe_fri": "Tres faible", "rwi_min": -0.736, "urban_ratio": 0.0, "infrastructure_documentee": false, "WUI": 0.2952, "priorite": "Surveillance" }, "geometry": { "type": "Polygon", "coordinates": [ [ [ 1.05521441333322, 8.59049385020902 ], [ 1.043802120909306, 8.633689036318938 ], [ 1.049670051746225, 8.64063942279174 ], [ 1.055773374509615, 8.658224032934577 ], [ 1.084663701071672, 8.675383043789559 ], [ 1.09161334579102, 8.676427123585322 ], [ 1.113218826827899, 8.673218394881355 ], [ 1.165834597202864, 8.676971370371273 ], [ 1.160220165195619, 8.661985092984464 ], [ 1.166650539961471, 8.650625293680648 ], [ 1.154688812367817, 8.62252375762505 ], [ 1.128148830458586, 8.59860500078687 ], [ 1.135401189776209, 8.574525408199458 ], [ 1.096031673770409, 8.568133412124448 ], [ 1.082515833470963, 8.577005705601401 ], [ 1.081866187222887, 8.590987922111134 ], [ 1.067784009376456, 8.59704513808455 ], [ 1.05521441333322, 8.59049385020902 ] ] ] } },
{ "type": "Feature", "properties": { "region": "Centrale", "prefecture": "Sotouboua", "commune": "Sotouboua 2", "canton": "Aouda", "population": 12399, "FRI": 0.0943, "classe_fri": "Tres faible", "rwi_min": -0.792, "urban_ratio": 0.0, "infrastructure_documentee": false, "WUI": 0.3197, "priorite": "Moyenne" }, "geometry": { "type": "Polygon", "coordinates": [ [ [ 1.084663701071672, 8.675383043789559 ], [ 1.064579714178026, 8.692691174863208 ], [ 1.0313335405922, 8.705063994044286 ], [ 0.978249458055584, 8.714589098070306 ], [ 0.936535803517633, 8.711481488933474 ], [ 0.875744596568641, 8.764197894866832 ], [ 0.878732329096075, 8.786703840950457 ], [ 0.913968039384656, 8.873398942667237 ], [ 0.965807382229072, 8.894822696225393 ], [ 0.968239633879918, 8.883284102978541 ], [ 0.961769206733834, 8.862404513411514 ], [ 0.966357491194997, 8.856994104944761 ], [ 0.963924331055095, 8.849574611687554 ], [ 0.972108675592538, 8.834588621332275 ], [ 0.974435774343566, 8.821300534731552 ], [ 0.987360696550219, 8.815340415848064 ], [ 0.988494331549775, 8.8118729689711 ], [ 0.992249806815072, 8.812474439065642 ], [ 0.994239691257465, 8.809495871966392 ], [ 1.005144685080227, 8.80698788079715 ], [ 1.007692969673159, 8.801296929150711 ], [ 1.005833490780434, 8.794236155038885 ], [ 1.010495201666435, 8.787997071253985 ], [ 1.015642275291094, 8.788616394704482 ], [ 1.022281568060357, 8.784463501518298 ], [ 1.029102935806882, 8.785454385944751 ], [ 1.036304773511125, 8.776091141308891 ], [ 1.041327786421272, 8.777763304594453 ], [ 1.042816120347958, 8.772499052696471 ], [ 1.04585468895972, 8.774047362253542 ], [ 1.050520543568918, 8.772353797149446 ], [ 1.051574796556668, 8.768823663892755 ], [ 1.048102147863076, 8.759595762525382 ], [ 1.053217623884304, 8.758141906430652 ], [ 1.052367202997404, 8.74810234020876 ], [ 1.058850967461019, 8.75005121682392 ], [ 1.061620695375668, 8.754074737225562 ], [ 1.065586478631605, 8.7492339752591 ], [ 1.065397669092308, 8.745776216377857 ], [ 1.067600967464143, 8.74571336052762 ], [ 1.069489323710337, 8.750931370959698 ], [ 1.072699737911508, 8.75130856436903 ], [ 1.074084732242652, 8.747850861293701 ], [ 1.080583777097465, 8.747907409519561 ], [ 1.087130607205647, 8.752119555321759 ], [ 1.098902081085349, 8.753879807314012 ], [ 1.107111552911706, 8.745885091929523 ], [ 1.121149132121064, 8.752171827012075 ], [ 1.123730050819367, 8.750034326991015 ], [ 1.121852183633226, 8.745588330323637 ], [ 1.122933244352976, 8.736028350842133 ], [ 1.132866867590533, 8.731493141569487 ], [ 1.157411750837985, 8.740888888554325 ], [ 1.159155196500398, 8.746922338755791 ], [ 1.179012989464149, 8.739034865072338 ], [ 1.197826111528963, 8.738832446273403 ], [ 1.19588802806005, 8.732136022273878 ], [ 1.201483299060283, 8.731002248809013 ], [ 1.201608139107527, 8.72166457468327 ], [ 1.209077526766371, 8.705344135655814 ], [ 1.209755069270156, 8.695836142381989 ], [ 1.21488492409237, 8.683601797240957 ], [ 1.165834597202864, 8.676971370371273 ], [ 1.113218826827899, 8.673218394881355 ], [ 1.09161334579102, 8.676427123585322 ], [ 1.084663701071672, 8.675383043789559 ] ] ] } },
{ "type": "Feature", "properties": { "region": "Centrale", "prefecture": "Sotouboua", "commune": "Sotouboua 2", "canton": "Adjengré", "population": 13716, "FRI": 0.1041, "classe_fri": "Faible", "rwi_min": -0.755, "urban_ratio": 0.0, "infrastructure_documentee": false, "WUI": 0.3233, "priorite": "Moyenne" }, "geometry": { "type": "Polygon", "coordinates": [ [ [ 0.790472968630925, 8.646673027046591 ], [ 0.833481341436717, 8.705357903374349 ], [ 0.846641774525292, 8.734841036931233 ], [ 0.875744596568641, 8.764197894866832 ], [ 0.936535803517633, 8.711481488933474 ], [ 0.978249458055584, 8.714589098070306 ], [ 1.0313335405922, 8.705063994044286 ], [ 1.064579714178026, 8.692691174863208 ], [ 1.084663701071672, 8.675383043789559 ], [ 1.055773374509615, 8.658224032934577 ], [ 1.049670051746225, 8.64063942279174 ], [ 1.043802120909306, 8.633689036318938 ], [ 1.046335079260338, 8.624103133174678 ], [ 1.039878427960708, 8.621990728615733 ], [ 0.981393932838356, 8.627742835825041 ], [ 0.963679784737588, 8.635290207361713 ], [ 0.934411492774204, 8.616247695951261 ], [ 0.894711557019042, 8.617906280351832 ], [ 0.790472968630925, 8.646673027046591 ] ] ] } },
{ "type": "Feature", "properties": { "region": "Centrale", "prefecture": "Sotouboua", "commune": "Sotouboua 2", "canton": "Fazao", "population": 17, "FRI": 0.0409, "classe_fri": "Tres faible", "rwi_min": 0.0, "urban_ratio": 0.0, "infrastructure_documentee": false, "WUI": 0.2201, "priorite": "Surveillance" }, "geometry": { "type": "Polygon", "coordinates": [ [ [ 0.865627858209183, 8.753993504295257 ], [ 0.839270638423266, 8.766139040604408 ], [ 0.744554647158505, 8.785415055713813 ], [ 0.715258410079447, 8.824561086173047 ], [ 0.716991456594995, 8.872296314247198 ], [ 0.743049997554815, 8.921356492963485 ], [ 0.699951697442501, 8.97604178022444 ], [ 0.675439631123795, 9.013488045294096 ], [ 0.685277652468244, 9.019317998326674 ], [ 0.692271349041256, 9.017909782210893 ], [ 0.695204332515375, 9.022134416274033 ], [ 0.70101363322018, 9.023035660359209 ], [ 0.69915236729859, 9.027034985229754 ], [ 0.700280488051592, 9.030752655026571 ], [ 0.703106285179438, 9.031689234853248 ], [ 0.703444595509352, 9.03692774472014 ], [ 0.708859182840929, 9.038448637798886 ], [ 0.7132021825335, 9.035801180989846 ], [ 0.712299689632415, 9.039011886460376 ], [ 0.718872716564142, 9.056629680438963 ], [ 0.722426036412226, 9.059502444386279 ], [ 0.726092039070886, 9.060122035474636 ], [ 0.733311484302831, 9.054432898940302 ], [ 0.751437998195255, 9.052626264449303 ], [ 0.76542552188042, 9.057019863551321 ], [ 0.766610048663219, 9.063779269569659 ], [ 0.775521292204557, 9.065739176862447 ], [ 0.782832955620935, 9.055375178218306 ], [ 0.78438647911062, 9.039196170080182 ], [ 0.804379116924985, 9.021000506238336 ], [ 0.807226913205376, 9.02192921497678 ], [ 0.80908664842952, 9.027095017857672 ], [ 0.812399378475825, 9.027443261504215 ], [ 0.816002706992691, 9.025585897190805 ], [ 0.817466315788864, 9.014468049876017 ], [ 0.822766045024273, 9.016603780146795 ], [ 0.848100366349359, 9.003580601250292 ], [ 0.856144801381585, 9.008043910622504 ], [ 0.862282304693549, 9.008043908187906 ], [ 0.884987769315065, 8.999079510350892 ], [ 0.885310868677671, 8.994390312469282 ], [ 0.891906257876181, 8.991511886654671 ], [ 0.895268312865752, 8.986862902935474 ], [ 0.893061904406686, 8.972401222616382 ], [ 0.897006186209272, 8.962257909372447 ], [ 0.896121318563096, 8.959245831302956 ], [ 0.898128813338372, 8.95933780607092 ], [ 0.904167097035989, 8.948430306721399 ], [ 0.902066100437857, 8.937207177262405 ], [ 0.910722727318551, 8.928600569809559 ], [ 0.913546195831511, 8.92094266231396 ], [ 0.951362272664123, 8.909649068073964 ], [ 0.965807382229072, 8.894822696225393 ], [ 0.913968039384656, 8.873398942667237 ], [ 0.878732329096075, 8.786703840950457 ], [ 0.875744596568641, 8.764197894866832 ], [ 0.865627858209183, 8.753993504295257 ] ] ] } },
{ "type": "Feature", "properties": { "region": "Centrale", "prefecture": "Sotouboua", "commune": "Sotouboua 3", "canton": "Kazaboua", "population": 5481, "FRI": 0.065, "classe_fri": "Tres faible", "rwi_min": -0.747, "urban_ratio": 0.0, "infrastructure_documentee": false, "WUI": 0.2945, "priorite": "Surveillance" }, "geometry": { "type": "Polygon", "coordinates": [ [ [ 1.223890239405916, 8.452242368731081 ], [ 1.231115654188948, 8.433554632597291 ], [ 1.22876226621212, 8.428790919151444 ], [ 1.234285672460139, 8.413528105100756 ], [ 1.239126743790418, 8.409994986856407 ], [ 1.238754307162298, 8.398279877975323 ], [ 1.24620219747336, 8.396234410756021 ], [ 1.245876122783187, 8.384906575740887 ], [ 1.235662258920949, 8.38226470266515 ], [ 1.230573584712352, 8.387860749830255 ], [ 1.183449069313753, 8.391602137052624 ], [ 1.165953685096205, 8.369324461921668 ], [ 1.133262289692691, 8.371820094866635 ], [ 1.089176990972239, 8.385378864104592 ], [ 1.060953408463353, 8.382685287790292 ], [ 1.051103033050853, 8.385265767184105 ], [ 1.053561696902706, 8.393970690567771 ], [ 1.066657950449137, 8.409967041627334 ], [ 1.06529042553131, 8.422936480809339 ], [ 1.079103758438706, 8.440594332742858 ], [ 1.086973302814358, 8.459808921275696 ], [ 1.132737672681121, 8.459165034503012 ], [ 1.223890239405916, 8.452242368731081 ] ] ] } },
{ "type": "Feature", "properties": { "region": "Centrale", "prefecture": "Sotouboua", "commune": "Sotouboua 3", "canton": "Bodjondè", "population": 1802, "FRI": 0.0623, "classe_fri": "Tres faible", "rwi_min": -0.84, "urban_ratio": 0.0, "infrastructure_documentee": false, "WUI": 0.2971, "priorite": "Surveillance" }, "geometry": { "type": "Polygon", "coordinates": [ [ [ 1.086973302814358, 8.459808921275696 ], [ 1.079103758438706, 8.440594332742858 ], [ 1.06529042553131, 8.422936480809339 ], [ 1.066657950449137, 8.409967041627334 ], [ 1.053561696902706, 8.393970690567771 ], [ 1.051103033050853, 8.385265767184105 ], [ 1.017782635140678, 8.393548909618817 ], [ 1.022257837838353, 8.407151089067007 ], [ 1.02374221686053, 8.428496619970185 ], [ 1.010027761197311, 8.448755969349502 ], [ 0.981130801045878, 8.478319521596468 ], [ 1.019774357250106, 8.482470371506517 ], [ 1.050732305344278, 8.48897016519992 ], [ 1.083890765791042, 8.475509534056577 ], [ 1.086973302814358, 8.459808921275696 ] ] ] } },
{ "type": "Feature", "properties": { "region": "Centrale", "prefecture": "Sotouboua", "commune": "Sotouboua 3", "canton": "Tchébébé", "population": 11434, "FRI": 0.085, "classe_fri": "Tres faible", "rwi_min": -0.968, "urban_ratio": 0.0, "infrastructure_documentee": false, "WUI": 0.3272, "priorite": "Elevee" }, "geometry": { "type": "Polygon", "coordinates": [ [ [ 0.619438793375503, 8.521076730077015 ], [ 0.729498775967653, 8.507830539366514 ], [ 0.848271813875205, 8.482799233785098 ], [ 0.912514592662946, 8.456237398212078 ], [ 0.981130801045878, 8.478319521596468 ], [ 1.010027761197311, 8.448755969349502 ], [ 1.02374221686053, 8.428496619970185 ], [ 1.022257837838353, 8.407151089067007 ], [ 1.017782635140678, 8.393548909618817 ], [ 0.999366678378708, 8.394306224347211 ], [ 0.971598932941845, 8.391344331088993 ], [ 0.970044165067948, 8.382342902993534 ], [ 0.973918393509691, 8.379379318516154 ], [ 0.973835901709032, 8.373287461042281 ], [ 0.963646769666659, 8.350985667968679 ], [ 0.956795872417041, 8.361313212784086 ], [ 0.95873486434699, 8.364153281843125 ], [ 0.954986250840182, 8.373189912615002 ], [ 0.942447745785939, 8.376029982781867 ], [ 0.941018852519476, 8.38122557759772 ], [ 0.923404754899271, 8.385340906082066 ], [ 0.921384824337292, 8.381306233805004 ], [ 0.91597123815532, 8.381144870333289 ], [ 0.909911322357182, 8.384533973494184 ], [ 0.901644996219101, 8.382362681038988 ], [ 0.891706707986407, 8.387688495451961 ], [ 0.887666849248971, 8.385106272384094 ], [ 0.884030899079522, 8.386881562388441 ], [ 0.868242222267871, 8.38478349098617 ], [ 0.829010041805067, 8.396832378145726 ], [ 0.796339850053299, 8.412092275561761 ], [ 0.774985809351698, 8.398419624164658 ], [ 0.771430662648925, 8.388736411681775 ], [ 0.764158761872939, 8.387203199937057 ], [ 0.756866010122297, 8.381702114079618 ], [ 0.744180652774808, 8.380572455771814 ], [ 0.729717791168408, 8.385494722558729 ], [ 0.708991153985992, 8.38148098749677 ], [ 0.707711887205757, 8.384100567957466 ], [ 0.709453993719262, 8.384897264362676 ], [ 0.698741107246994, 8.388773646712739 ], [ 0.705872278200961, 8.394295369091664 ], [ 0.69340573586093, 8.394748107678598 ], [ 0.695423612853168, 8.39866007303468 ], [ 0.69326018627913, 8.399867868468776 ], [ 0.696219786930771, 8.404532021306148 ], [ 0.68762160943069, 8.406118080653631 ], [ 0.686054146778504, 8.411308598967603 ], [ 0.679020101822385, 8.409854410422586 ], [ 0.671379676956354, 8.417396728724956 ], [ 0.654158346096057, 8.419866425238249 ], [ 0.65156970049324, 8.422491015721715 ], [ 0.653388015166936, 8.426323840714829 ], [ 0.651469531353479, 8.427533334618294 ], [ 0.653939904385026, 8.428887355356055 ], [ 0.651310491318392, 8.434472933019517 ], [ 0.653602907997254, 8.435882182696041 ], [ 0.653694094940887, 8.445593122772269 ], [ 0.651391866808209, 8.448237146940876 ], [ 0.655966208925519, 8.455816259095879 ], [ 0.65068729853428, 8.460722957314122 ], [ 0.649019127170702, 8.471921032778031 ], [ 0.644725710033385, 8.475989688358121 ], [ 0.64681645768625, 8.49113772425809 ], [ 0.640497846900248, 8.497352918885094 ], [ 0.629047699529654, 8.49635497111486 ], [ 0.625943840858814, 8.502865319095847 ], [ 0.629921989571453, 8.508033849341608 ], [ 0.61815847484629, 8.51341295293337 ], [ 0.615018850262313, 8.512376752973481 ], [ 0.619438793375503, 8.521076730077015 ] ] ] } },
{ "type": "Feature", "properties": { "region": "Centrale", "prefecture": "Tchamba", "commune": "Tchamba 1", "canton": "Affem", "population": 12121, "FRI": 0.0722, "classe_fri": "Tres faible", "rwi_min": -0.797, "urban_ratio": 0.0, "infrastructure_documentee": false, "WUI": 0.3077, "priorite": "Moyenne" }, "geometry": { "type": "Polygon", "coordinates": [ [ [ 1.602251095938974, 9.093163194872274 ], [ 1.533730400617629, 9.073902591218799 ], [ 1.492797250731291, 9.078735198548396 ], [ 1.481789803388858, 9.09724402266256 ], [ 1.460149232203273, 9.113784749211078 ], [ 1.461252301974861, 9.127248431590282 ], [ 1.472979571394275, 9.165962688645845 ], [ 1.482271976631594, 9.166176025642006 ], [ 1.492290232780791, 9.176408417425582 ], [ 1.518434911385227, 9.19395127775077 ], [ 1.558435582197999, 9.172573849905907 ], [ 1.569569189524193, 9.14048052488298 ], [ 1.597234777576825, 9.110706781264806 ], [ 1.602251095938974, 9.093163194872274 ] ] ] } },
{ "type": "Feature", "properties": { "region": "Centrale", "prefecture": "Tchamba", "commune": "Tchamba 1", "canton": "Alibi I", "population": 8948, "FRI": 0.0932, "classe_fri": "Tres faible", "rwi_min": -0.743, "urban_ratio": 0.0, "infrastructure_documentee": false, "WUI": 0.3125, "priorite": "Moyenne" }, "geometry": { "type": "Polygon", "coordinates": [ [ [ 1.462544200371415, 8.951012065149031 ], [ 1.463215808018708, 8.940728220098732 ], [ 1.456985091659063, 8.904939519508352 ], [ 1.426465775750412, 8.852706288167976 ], [ 1.387062796885123, 8.845040096940235 ], [ 1.351499925980549, 8.843731674102447 ], [ 1.322205692472349, 8.85098193902655 ], [ 1.321875773234241, 8.853654521567265 ], [ 1.318048684021751, 8.855535414419853 ], [ 1.318354689193528, 8.859431532617037 ], [ 1.323938690934052, 8.862334460635241 ], [ 1.315364549038839, 8.868937328142804 ], [ 1.31681791529973, 8.875201589080934 ], [ 1.309245063196573, 8.876729449126048 ], [ 1.306108851659916, 8.879708802655582 ], [ 1.313222757817234, 8.880014412585528 ], [ 1.314469573997785, 8.883947535560058 ], [ 1.317452845190063, 8.884558694207449 ], [ 1.319135689494894, 8.878599985028814 ], [ 1.326708538460471, 8.882496107197156 ], [ 1.325331571153644, 8.887614481752204 ], [ 1.328391376531696, 8.889447898351744 ], [ 1.324107672725986, 8.89219807433285 ], [ 1.324413677778138, 8.895024681911917 ], [ 1.329462201754067, 8.895712214301797 ], [ 1.329309261143055, 8.899226296224523 ], [ 1.345541715135882, 8.908028405596552 ], [ 1.343862497240427, 8.913177138760297 ], [ 1.347160964762303, 8.921927594027625 ], [ 1.342647920054621, 8.923073532165596 ], [ 1.355422227002723, 8.933539467701006 ], [ 1.35205951956461, 8.93952734989935 ], [ 1.35519572851727, 8.940826095952803 ], [ 1.367434566473307, 8.932804744880283 ], [ 1.369958892688818, 8.933492276360889 ], [ 1.369119211322223, 8.949721024530094 ], [ 1.371414062724628, 8.953846263956811 ], [ 1.366441942129723, 8.95758957662629 ], [ 1.371949406513688, 8.964312248993739 ], [ 1.381357634412323, 8.987652185546311 ], [ 1.381962126289252, 9.004720817302697 ], [ 1.435965495276107, 8.993873292273737 ], [ 1.442284753134771, 8.985920797464008 ], [ 1.437280628242104, 8.980323774266772 ], [ 1.440818159246625, 8.967072015027922 ], [ 1.448022024610347, 8.955566010012827 ], [ 1.462544200371415, 8.951012065149031 ] ] ] } },
{ "type": "Feature", "properties": { "region": "Centrale", "prefecture": "Tchamba", "commune": "Tchamba 1", "canton": "Larini", "population": 19578, "FRI": 0.2421, "classe_fri": "Moyen", "rwi_min": -1.008, "urban_ratio": 0.0164, "infrastructure_documentee": false, "WUI": 0.4231, "priorite": "Critique" }, "geometry": { "type": "Polygon", "coordinates": [ [ [ 1.472979571394275, 9.165962688645845 ], [ 1.461252301974861, 9.127248431590282 ], [ 1.460149232203273, 9.113784749211078 ], [ 1.481789803388858, 9.09724402266256 ], [ 1.492797250731291, 9.078735198548396 ], [ 1.476719179386462, 9.05249526120501 ], [ 1.456119840486223, 9.041016895284093 ], [ 1.438088437520698, 9.039883048485285 ], [ 1.429261440028357, 9.034846337674498 ], [ 1.419203505548349, 9.034947346090817 ], [ 1.415660111987337, 9.032528707361736 ], [ 1.401967138825582, 9.034608317683393 ], [ 1.381428852316932, 9.032018848005352 ], [ 1.377654839803771, 9.033839560311204 ], [ 1.380914840742061, 9.049830178203477 ], [ 1.375689289689747, 9.054443900302921 ], [ 1.381837644703738, 9.061137622887086 ], [ 1.376460710830558, 9.063406690090984 ], [ 1.376612094788297, 9.065221912301105 ], [ 1.380171507109049, 9.064465557412372 ], [ 1.389878751317518, 9.079859497374047 ], [ 1.394649879219531, 9.092187848331669 ], [ 1.393141468288165, 9.101611018564403 ], [ 1.397761088060371, 9.103804450298121 ], [ 1.39609507737178, 9.112048561820059 ], [ 1.402380830203035, 9.116662234733845 ], [ 1.404205468825049, 9.123523234075508 ], [ 1.413975003474895, 9.13275057667205 ], [ 1.414429283965464, 9.136834869620056 ], [ 1.408591590678342, 9.142615539008007 ], [ 1.406622553644935, 9.148741864074982 ], [ 1.408667343270021, 9.150481446312233 ], [ 1.407001201877065, 9.159179405836303 ], [ 1.40192094764378, 9.167396142890889 ], [ 1.434514415324009, 9.158474082525274 ], [ 1.46176425687614, 9.165704888657524 ], [ 1.472979571394275, 9.165962688645845 ] ] ] } },
{ "type": "Feature", "properties": { "region": "Centrale", "prefecture": "Tchamba", "commune": "Tchamba 1", "canton": "Kri-Kri", "population": 5475, "FRI": 0.0647, "classe_fri": "Tres faible", "rwi_min": -0.905, "urban_ratio": 0.0, "infrastructure_documentee": false, "WUI": 0.3064, "priorite": "Moyenne" }, "geometry": { "type": "Polygon", "coordinates": [ [ [ 1.452824625983159, 9.275940853932596 ], [ 1.453819525894286, 9.26586312670657 ], [ 1.518430231564463, 9.193948138103826 ], [ 1.492290232780791, 9.176408417425582 ], [ 1.482271976631594, 9.166176025642006 ], [ 1.46176425687614, 9.165704888657524 ], [ 1.434514415324009, 9.158474082525274 ], [ 1.40192094764378, 9.167396142890889 ], [ 1.402905524989721, 9.174959540661181 ], [ 1.393967231682474, 9.187702080637553 ], [ 1.399041261866952, 9.192013243657701 ], [ 1.397080513825786, 9.196060755728857 ], [ 1.399579710373257, 9.204909943855318 ], [ 1.421024619642687, 9.217268494982555 ], [ 1.42223633962235, 9.221655296875875 ], [ 1.441338217556809, 9.239325691246858 ], [ 1.441419402180455, 9.255851878940582 ], [ 1.452824625983159, 9.275940853932596 ] ] ] } },
{ "type": "Feature", "properties": { "region": "Centrale", "prefecture": "Tchamba", "commune": "Tchamba 1", "canton": "Tchamba", "population": 51413, "FRI": 0.2409, "classe_fri": "Moyen", "rwi_min": -0.935, "urban_ratio": 0.0192, "infrastructure_documentee": true, "WUI": 0.3428, "priorite": "Elevee" }, "geometry": { "type": "Polygon", "coordinates": [ [ [ 1.602251055951465, 9.093163183868048 ], [ 1.618156957575796, 9.061191352454131 ], [ 1.62209571464938, 9.04684754642752 ], [ 1.618868913451403, 9.034779100908386 ], [ 1.622479554655617, 9.028230385871446 ], [ 1.621824966306689, 9.022630445621562 ], [ 1.626532084768514, 9.007569110659974 ], [ 1.623866169826228, 8.995931266800003 ], [ 1.625759958414905, 8.988091391017498 ], [ 1.621182500045585, 8.982346723334176 ], [ 1.618932958711705, 8.967247490787177 ], [ 1.621906527763877, 8.955075248853539 ], [ 1.620438322959177, 8.95029562897756 ], [ 1.623594544285811, 8.943502306006959 ], [ 1.620094460277818, 8.930826311674432 ], [ 1.62374823028995, 8.915803383294636 ], [ 1.574009414220186, 8.905502518832716 ], [ 1.555839437983099, 8.904086471495745 ], [ 1.546329481813665, 8.913086647635232 ], [ 1.539878415161019, 8.930751146468062 ], [ 1.538761192348023, 8.968433597931735 ], [ 1.517811719561123, 8.984116957671022 ], [ 1.498450906141375, 8.989326264112815 ], [ 1.485296675146776, 8.990137701585356 ], [ 1.470586094603284, 8.970080497704808 ], [ 1.462544200371415, 8.951012065149031 ], [ 1.448022024610347, 8.955566010012827 ], [ 1.440818159246625, 8.967072015027922 ], [ 1.437280628242104, 8.980323774266772 ], [ 1.442284753134771, 8.985920797464008 ], [ 1.435965495276107, 8.993873292273737 ], [ 1.381962126289252, 9.004720817302697 ], [ 1.379614434351717, 9.008729410452894 ], [ 1.381129572027913, 9.012925278771963 ], [ 1.376055531724315, 9.022228310373361 ], [ 1.380684083257403, 9.032326904759508 ], [ 1.401967138825582, 9.034608317683393 ], [ 1.415660111987337, 9.032528707361736 ], [ 1.419203505548349, 9.034947346090817 ], [ 1.433173846140011, 9.0358244143272 ], [ 1.438088437520698, 9.039883048485285 ], [ 1.456119840486223, 9.041016895284093 ], [ 1.476719179386462, 9.05249526120501 ], [ 1.492797250731291, 9.078735198548396 ], [ 1.533730400617629, 9.073902591218799 ], [ 1.602251055951465, 9.093163183868048 ] ] ] } },
{ "type": "Feature", "properties": { "region": "Centrale", "prefecture": "Tchamba", "commune": "Tchamba 2", "canton": "Bago", "population": 27879, "FRI": 0.0827, "classe_fri": "Tres faible", "rwi_min": -0.904, "urban_ratio": 0.0, "infrastructure_documentee": false, "WUI": 0.3344, "priorite": "Elevee" }, "geometry": { "type": "Polygon", "coordinates": [ [ [ 1.569715071101163, 8.561080600661196 ], [ 1.578494281714208, 8.537846271490245 ], [ 1.569268141053056, 8.525506005076144 ], [ 1.570680930580926, 8.50916685455396 ], [ 1.563937848859012, 8.504527145874157 ], [ 1.542332257430303, 8.497332281544557 ], [ 1.530246218411619, 8.475751098966965 ], [ 1.522857685829527, 8.438035710652857 ], [ 1.512655167306745, 8.429536706808253 ], [ 1.518229401789884, 8.385524934281065 ], [ 1.496590354188553, 8.367653225945093 ], [ 1.362372219048168, 8.365948331079066 ], [ 1.251540698748913, 8.371350919260971 ], [ 1.249471672457074, 8.375296414439713 ], [ 1.238246807804531, 8.374388996315208 ], [ 1.235875934723266, 8.377749598232235 ], [ 1.235662258920949, 8.38226470266515 ], [ 1.245876122783187, 8.384906575740887 ], [ 1.24620219747336, 8.396234410756021 ], [ 1.238754307162298, 8.398279877975323 ], [ 1.239126743790418, 8.409994986856407 ], [ 1.234285672460139, 8.413528105100756 ], [ 1.22876226621212, 8.428790919151444 ], [ 1.231115654188948, 8.433554632597291 ], [ 1.223890239405916, 8.452242368731081 ], [ 1.234450511421143, 8.456127958873303 ], [ 1.243343344235334, 8.481106657679101 ], [ 1.250844195524903, 8.488048989262497 ], [ 1.253970951785743, 8.496954500067067 ], [ 1.245285566454956, 8.502274678117097 ], [ 1.242158803219026, 8.516500366852419 ], [ 1.233434567797576, 8.52405373756247 ], [ 1.243351615062344, 8.531644567448232 ], [ 1.240962870279526, 8.538223276210449 ], [ 1.244220290585546, 8.546609324302864 ], [ 1.258335835813149, 8.543139234690912 ], [ 1.261014136688456, 8.547476867190252 ], [ 1.333328911707711, 8.532135116221854 ], [ 1.380307750152249, 8.544543299198763 ], [ 1.458837340927085, 8.541883461352052 ], [ 1.537195108802947, 8.559396616044459 ], [ 1.569715071101163, 8.561080600661196 ] ] ] } },
{ "type": "Feature", "properties": { "region": "Centrale", "prefecture": "Tchamba", "commune": "Tchamba 2", "canton": "Koussountou", "population": 24764, "FRI": 0.0807, "classe_fri": "Tres faible", "rwi_min": -0.796, "urban_ratio": 0.0, "infrastructure_documentee": true, "WUI": 0.2226, "priorite": "Surveillance" }, "geometry": { "type": "Polygon", "coordinates": [ [ [ 1.546329481813665, 8.913086647635232 ], [ 1.555839437983099, 8.904086471495745 ], [ 1.574009414220186, 8.905502518832716 ], [ 1.583777661371074, 8.879389196369912 ], [ 1.559250726224132, 8.847472579134864 ], [ 1.57716454772398, 8.839369005433426 ], [ 1.568140088621729, 8.823375117903133 ], [ 1.568515902042841, 8.801071656123447 ], [ 1.599134750194745, 8.780612239327921 ], [ 1.596795286223371, 8.773056311477532 ], [ 1.576616973550372, 8.767692949375261 ], [ 1.567272964969276, 8.75977398467413 ], [ 1.562858942257024, 8.751585176336095 ], [ 1.54788253161022, 8.750951159034049 ], [ 1.465059243122527, 8.76432394005545 ], [ 1.457209165826981, 8.783339871192197 ], [ 1.449350535515156, 8.777004048706495 ], [ 1.430607882589339, 8.773338038879485 ], [ 1.384487023956117, 8.803047227535465 ], [ 1.37438989072948, 8.774595324951028 ], [ 1.390700492731474, 8.756423863847299 ], [ 1.386766423071572, 8.715970457027389 ], [ 1.380636385993986, 8.687715180107402 ], [ 1.372411052749099, 8.606246188077815 ], [ 1.369673781154891, 8.571785398656074 ], [ 1.372193743017919, 8.542400647431709 ], [ 1.333328911707711, 8.532135116221854 ], [ 1.266495709716237, 8.545387975650288 ], [ 1.26853505730703, 8.560629726889399 ], [ 1.257846321786495, 8.561571662992014 ], [ 1.253654557523694, 8.575700251468344 ], [ 1.259418176889745, 8.580409840133354 ], [ 1.264367632442049, 8.589578323142183 ], [ 1.260666926022394, 8.610308318801899 ], [ 1.263950376960854, 8.614891518700437 ], [ 1.259104383548383, 8.625039223047011 ], [ 1.263012409049757, 8.628942213894858 ], [ 1.261762477280947, 8.644596415096323 ], [ 1.266608461946452, 8.656461455885688 ], [ 1.263704826756501, 8.66819391077289 ], [ 1.270193380212183, 8.675878236548286 ], [ 1.269192868313142, 8.678312162152148 ], [ 1.260382909121374, 8.680658390676641 ], [ 1.264102638206511, 8.694540458125489 ], [ 1.254416613905742, 8.70532381791473 ], [ 1.262982850709297, 8.715467696933107 ], [ 1.27044770180535, 8.714245555057149 ], [ 1.272038466526988, 8.721089600374007 ], [ 1.27668878201564, 8.722311747253604 ], [ 1.272528357553697, 8.733565741084201 ], [ 1.275032352151651, 8.73608308186839 ], [ 1.274885624708705, 8.749034754234915 ], [ 1.282228877057171, 8.744527537568715 ], [ 1.289572252230464, 8.754764293044142 ], [ 1.30311151947074, 8.756826946374964 ], [ 1.302974507539175, 8.760001515272537 ], [ 1.298078919372224, 8.763362847473731 ], [ 1.299838293903121, 8.767182537242068 ], [ 1.314754394294573, 8.771766192786869 ], [ 1.315146127429455, 8.775840008702266 ], [ 1.30833822424548, 8.781416735690613 ], [ 1.311703904988271, 8.786764289976848 ], [ 1.308265053370992, 8.790248519170657 ], [ 1.309259476380603, 8.793151445139207 ], [ 1.313619582942804, 8.793304249725523 ], [ 1.316373381327809, 8.796130802759883 ], [ 1.314078525032494, 8.801020000467929 ], [ 1.325093592034394, 8.80331182991976 ], [ 1.328148603204745, 8.812062003707645 ], [ 1.320958287956925, 8.819777807889221 ], [ 1.323176216290155, 8.828520939895734 ], [ 1.320957893535681, 8.832493430962499 ], [ 1.323864630553553, 8.83509080714717 ], [ 1.32034587768569, 8.837764610149017 ], [ 1.322205692472349, 8.85098193902655 ], [ 1.351499925980549, 8.843731674102447 ], [ 1.387062796885123, 8.845040096940235 ], [ 1.426465775750412, 8.852706288167976 ], [ 1.456985091659063, 8.904939519508352 ], [ 1.463215808018708, 8.940728220098732 ], [ 1.462544200371415, 8.951012065149031 ], [ 1.470586094603284, 8.970080497704808 ], [ 1.485296675146776, 8.990137701585356 ], [ 1.498450906141375, 8.989326264112815 ], [ 1.517811719561123, 8.984116957671022 ], [ 1.538761192348023, 8.968433597931735 ], [ 1.539878415161019, 8.930751146468062 ], [ 1.546329481813665, 8.913086647635232 ] ] ] } },
{ "type": "Feature", "properties": { "region": "Centrale", "prefecture": "Tchamba", "commune": "Tchamba 3", "canton": "Balanka", "population": 9922, "FRI": 0.0878, "classe_fri": "Tres faible", "rwi_min": -0.704, "urban_ratio": 0.0, "infrastructure_documentee": true, "WUI": 0.2074, "priorite": "Surveillance" }, "geometry": { "type": "Polygon", "coordinates": [ [ [ 1.630283703446707, 8.778265783288877 ], [ 1.599134750194745, 8.780612239327921 ], [ 1.568515902042841, 8.801071656123447 ], [ 1.568140088621729, 8.823375117903133 ], [ 1.57716454772398, 8.839369005433426 ], [ 1.559250726224132, 8.847472579134864 ], [ 1.583777661371074, 8.879389196369912 ], [ 1.574009414220186, 8.905502518832716 ], [ 1.623747032495337, 8.915803191677158 ], [ 1.624896503156591, 8.904195655521113 ], [ 1.629357892079672, 8.895320481357485 ], [ 1.630283703446707, 8.778265783288877 ] ] ] } },
{ "type": "Feature", "properties": { "region": "Centrale", "prefecture": "Tchamba", "commune": "Tchamba 3", "canton": "Goubi", "population": 14793, "FRI": 0.1561, "classe_fri": "Faible", "rwi_min": -0.964, "urban_ratio": 0.0, "infrastructure_documentee": false, "WUI": 0.3686, "priorite": "Elevee" }, "geometry": { "type": "Polygon", "coordinates": [ [ [ 1.384487023956117, 8.803047227535465 ], [ 1.430607882589339, 8.773338038879485 ], [ 1.449350535515156, 8.777004048706495 ], [ 1.457209165826981, 8.783339871192197 ], [ 1.465059243122527, 8.76432394005545 ], [ 1.491514961937733, 8.740343049479225 ], [ 1.523684034734378, 8.718505239414375 ], [ 1.538171427229598, 8.689090675632945 ], [ 1.543440951908144, 8.587808666856551 ], [ 1.537195108802947, 8.559396616044459 ], [ 1.458837340927085, 8.541883461352052 ], [ 1.380307750152249, 8.544543299198763 ], [ 1.372193743017919, 8.542400647431709 ], [ 1.369673781154891, 8.571785398656074 ], [ 1.372411052749099, 8.606246188077815 ], [ 1.380636385993986, 8.687715180107402 ], [ 1.386766423071572, 8.715970457027389 ], [ 1.390700492731474, 8.756423863847299 ], [ 1.37438989072948, 8.774595324951028 ], [ 1.384487023956117, 8.803047227535465 ] ] ] } },
{ "type": "Feature", "properties": { "region": "Centrale", "prefecture": "Tchamba", "commune": "Tchamba 3", "canton": "Kaboli", "population": 33901, "FRI": 0.0932, "classe_fri": "Tres faible", "rwi_min": -0.879, "urban_ratio": 0.0, "infrastructure_documentee": true, "WUI": 0.2432, "priorite": "Surveillance" }, "geometry": { "type": "Polygon", "coordinates": [ [ [ 1.599134750194745, 8.780612239327921 ], [ 1.630267285935042, 8.777356020003909 ], [ 1.630481003316212, 8.744569475776139 ], [ 1.622574539079965, 8.544454735163015 ], [ 1.648981471985981, 8.496083578811282 ], [ 1.63881691048957, 8.467327826023652 ], [ 1.628468176779911, 8.461093966867226 ], [ 1.625528358720808, 8.456340780038341 ], [ 1.631250791302185, 8.444685289238375 ], [ 1.629187031443814, 8.434834326788332 ], [ 1.624361721968723, 8.430954044512209 ], [ 1.624299627436326, 8.424513282783005 ], [ 1.628717952540176, 8.420056856592231 ], [ 1.628760579606903, 8.416636173332192 ], [ 1.626388957902027, 8.414660993297881 ], [ 1.626654474895656, 8.402450375259585 ], [ 1.624060807326508, 8.40025747150467 ], [ 1.623968147767833, 8.385383873409561 ], [ 1.61922791968254, 8.383296701600289 ], [ 1.618802102047033, 8.378223656026753 ], [ 1.614721074174316, 8.375268136256588 ], [ 1.617346522532819, 8.369061648015332 ], [ 1.621919513249727, 8.369655975146834 ], [ 1.619854340583569, 8.367532667430284 ], [ 1.496590354188553, 8.367653225945093 ], [ 1.518229401789884, 8.385524934281065 ], [ 1.512655167306745, 8.429536706808253 ], [ 1.522857685829527, 8.438035710652857 ], [ 1.530246218411619, 8.475751098966965 ], [ 1.542332257430303, 8.497332281544557 ], [ 1.563937848859012, 8.504527145874157 ], [ 1.570680930580926, 8.50916685455396 ], [ 1.569268141053056, 8.525506005076144 ], [ 1.578494281714208, 8.537846271490245 ], [ 1.569715071101163, 8.561080600661196 ], [ 1.537195108802947, 8.559396616044459 ], [ 1.543440951908144, 8.587808666856551 ], [ 1.538171427229598, 8.689090675632945 ], [ 1.523684034734378, 8.718505239414375 ], [ 1.491514961937733, 8.740343049479225 ], [ 1.465059243122527, 8.76432394005545 ], [ 1.55759576239484, 8.750651807045635 ], [ 1.562858942257024, 8.751585176336095 ], [ 1.567272964969276, 8.75977398467413 ], [ 1.576616973550372, 8.767692949375261 ], [ 1.596795286223371, 8.773056311477532 ], [ 1.599134750194745, 8.780612239327921 ] ] ] } },
{ "type": "Feature", "properties": { "region": "Centrale", "prefecture": "Tchaoudjo", "commune": "Tchaoudjo 1", "canton": "Tchalo", "population": 9272, "FRI": 0.0915, "classe_fri": "Tres faible", "rwi_min": -0.702, "urban_ratio": 0.0, "infrastructure_documentee": false, "WUI": 0.3088, "priorite": "Moyenne" }, "geometry": { "type": "Polygon", "coordinates": [ [ [ 0.896259494035226, 8.960067409255609 ], [ 0.892928649852399, 8.97437257103665 ], [ 0.894931354206291, 8.976575574112056 ], [ 0.895268312865752, 8.986862902935474 ], [ 0.891906257876181, 8.991511886654671 ], [ 0.885310868677671, 8.994390312469282 ], [ 0.884987769315065, 8.999079510350892 ], [ 0.876724399540614, 9.003692372109811 ], [ 0.886020124337151, 9.007501037009886 ], [ 0.893193271624188, 9.003528495556475 ], [ 0.90099929108163, 9.006682573435638 ], [ 0.901118498977133, 9.009836653983132 ], [ 0.905408804486148, 9.012514627694452 ], [ 0.91214234372586, 9.014180936824838 ], [ 0.916999521559865, 9.012226063655399 ], [ 0.927069964847155, 9.014725555507514 ], [ 0.931181587203941, 9.010976343813386 ], [ 0.938570510421842, 9.016808398308511 ], [ 0.94926090683337, 9.017771761040089 ], [ 0.957831796171212, 9.02304401875222 ], [ 0.965732209460234, 9.023945774332349 ], [ 1.026402618336179, 8.977229422588247 ], [ 1.083692980887357, 8.964024359824958 ], [ 1.101580673899495, 8.967749224487639 ], [ 1.139597931356646, 8.949574649901548 ], [ 1.158244816913863, 8.945677024955479 ], [ 1.162333722557222, 8.930654879092808 ], [ 1.149741304362248, 8.917698847569538 ], [ 1.151624630931799, 8.901284390911247 ], [ 1.122711463418144, 8.897219265842653 ], [ 1.098653707598538, 8.913264748046375 ], [ 1.064070518582882, 8.924751206271681 ], [ 1.061967694332537, 8.9332331263073 ], [ 1.049596245111941, 8.937568179824513 ], [ 1.039534387481746, 8.933319881101772 ], [ 0.959905274485727, 8.967473882119194 ], [ 0.896259494035226, 8.960067409255609 ] ] ] } },
{ "type": "Feature", "properties": { "region": "Centrale", "prefecture": "Tchaoudjo", "commune": "Tchaoudjo 1", "canton": "Kadambara", "population": 16801, "FRI": 0.1081, "classe_fri": "Faible", "rwi_min": -0.873, "urban_ratio": 0.0028, "infrastructure_documentee": false, "WUI": 0.337, "priorite": "Elevee" }, "geometry": { "type": "Polygon", "coordinates": [ [ [ 1.191918984889656, 8.951752542433374 ], [ 1.19090754856513, 8.948166012046082 ], [ 1.194216648378479, 8.944958726045675 ], [ 1.214124378466354, 8.935691813560332 ], [ 1.214972064643611, 8.930681603089083 ], [ 1.198089546987129, 8.910747662898372 ], [ 1.204810184035606, 8.904230917454871 ], [ 1.201482903863211, 8.90073556605951 ], [ 1.202820202919678, 8.890278576348752 ], [ 1.213090801590598, 8.873033748208064 ], [ 1.211937498748417, 8.866837103334184 ], [ 1.228871986622194, 8.854330731836557 ], [ 1.234109541613953, 8.856402166358992 ], [ 1.243981496920916, 8.852176179716757 ], [ 1.242920104284172, 8.848180157544874 ], [ 1.249242895301417, 8.843783800818306 ], [ 1.247945025724105, 8.835386288109765 ], [ 1.239611416753019, 8.835347251496342 ], [ 1.243861139781997, 8.82871543853172 ], [ 1.240776130175195, 8.828393982574774 ], [ 1.239252312771582, 8.824293463323526 ], [ 1.246064815473123, 8.82027034478274 ], [ 1.252186039384306, 8.805281216540319 ], [ 1.259234147746446, 8.799583113276798 ], [ 1.26293275922899, 8.800649141281625 ], [ 1.265108280714737, 8.79741001507603 ], [ 1.262454415550331, 8.792920591237698 ], [ 1.265818389668985, 8.788510067663761 ], [ 1.267468854095812, 8.776467596381741 ], [ 1.259739909617946, 8.768347517662045 ], [ 1.264129556061134, 8.76453012173217 ], [ 1.261063332847344, 8.760269089058923 ], [ 1.262466493434641, 8.757154298476573 ], [ 1.253775601237311, 8.745857369913258 ], [ 1.258663356915205, 8.745470537805494 ], [ 1.275032352151651, 8.73608308186839 ], [ 1.272528357553697, 8.733565741084201 ], [ 1.27668878201564, 8.722311747253604 ], [ 1.272038466526988, 8.721089600374007 ], [ 1.27044770180535, 8.714245555057149 ], [ 1.262982850709297, 8.715467696933107 ], [ 1.254416613905742, 8.70532381791473 ], [ 1.264102638206511, 8.694540458125489 ], [ 1.260382909121374, 8.680658390676641 ], [ 1.269192868313142, 8.678312162152148 ], [ 1.270193380212183, 8.675878236548286 ], [ 1.263704826756501, 8.66819391077289 ], [ 1.261071071067385, 8.670955803396055 ], [ 1.252708791553935, 8.669048772178181 ], [ 1.249614018071162, 8.673060068847642 ], [ 1.24322711869854, 8.672862769160488 ], [ 1.238457273805835, 8.676762828330954 ], [ 1.233387252313974, 8.67301455465223 ], [ 1.222852104057485, 8.676828608097949 ], [ 1.21488492409237, 8.683601797240957 ], [ 1.209755069270156, 8.695836142381989 ], [ 1.209077526766371, 8.705344135655814 ], [ 1.201608139107527, 8.72166457468327 ], [ 1.201483299060283, 8.731002248809013 ], [ 1.19588802806005, 8.732136022273878 ], [ 1.197826111528963, 8.738832446273403 ], [ 1.179012989464149, 8.739034865072338 ], [ 1.159155196500398, 8.746922338755791 ], [ 1.157411750837985, 8.740888888554325 ], [ 1.146790245017101, 8.804578477609335 ], [ 1.148132569669438, 8.824232338151656 ], [ 1.124699875143677, 8.870419405462831 ], [ 1.129774759673847, 8.884156818713807 ], [ 1.122711463418144, 8.897219265842653 ], [ 1.151624630931799, 8.901284390911247 ], [ 1.149741304362248, 8.917698847569538 ], [ 1.162333722557222, 8.930654879092808 ], [ 1.158244816913863, 8.945677024955479 ], [ 1.139597931356646, 8.949574649901548 ], [ 1.101580673899495, 8.967749224487639 ], [ 1.105841969050134, 8.979538613179081 ], [ 1.152257081753393, 8.958843106328354 ], [ 1.157860798144958, 8.962546655198478 ], [ 1.167949732147698, 8.954883671035713 ], [ 1.191918984889656, 8.951752542433374 ] ] ] } },
{ "type": "Feature", "properties": { "region": "Centrale", "prefecture": "Tchaoudjo", "commune": "Tchaoudjo 1", "canton": "Kparataou", "population": 13737, "FRI": 0.1529, "classe_fri": "Faible", "rwi_min": -0.778, "urban_ratio": 0.0, "infrastructure_documentee": false, "WUI": 0.3519, "priorite": "Elevee" }, "geometry": { "type": "Polygon", "coordinates": [ [ [ 1.381962126289252, 9.004720817302697 ], [ 1.381357634412323, 8.987652185546311 ], [ 1.371949406513688, 8.964312248993739 ], [ 1.366441942129723, 8.95758957662629 ], [ 1.371414062724628, 8.953846263956811 ], [ 1.369119211322223, 8.949721024530094 ], [ 1.369958892688818, 8.933492276360889 ], [ 1.367434566473307, 8.932804744880283 ], [ 1.35519572851727, 8.940826095952803 ], [ 1.35205951956461, 8.93952734989935 ], [ 1.355422227002723, 8.933539467701006 ], [ 1.342647920054621, 8.923073532165596 ], [ 1.347160964762303, 8.921927594027625 ], [ 1.343862497240427, 8.913177138760297 ], [ 1.345541715135882, 8.908028405596552 ], [ 1.329309261143055, 8.899226296224523 ], [ 1.329462201754067, 8.895712214301797 ], [ 1.324413677778138, 8.895024681911917 ], [ 1.324107672725986, 8.89219807433285 ], [ 1.328391376531696, 8.889447898351744 ], [ 1.325331571153644, 8.887614481752204 ], [ 1.326708538460471, 8.882496107197156 ], [ 1.319135689494894, 8.878599985028814 ], [ 1.317452845190063, 8.884558694207449 ], [ 1.314469573997785, 8.883947535560058 ], [ 1.313222757817234, 8.880014412585528 ], [ 1.306108851659916, 8.879708802655582 ], [ 1.309245063196573, 8.876729449126048 ], [ 1.31681791529973, 8.875201589080934 ], [ 1.315364549038839, 8.868937328142804 ], [ 1.323938690934052, 8.862334460635241 ], [ 1.318354689193528, 8.859431532617037 ], [ 1.318048684021751, 8.855535414419853 ], [ 1.321875773234241, 8.853654521567265 ], [ 1.32034587768569, 8.837764610149017 ], [ 1.323864630553553, 8.83509080714717 ], [ 1.320957893535681, 8.832493430962499 ], [ 1.323176216290155, 8.828520939895734 ], [ 1.320958287956925, 8.819777807889221 ], [ 1.328148603204745, 8.812062003707645 ], [ 1.325093592034394, 8.80331182991976 ], [ 1.314078525032494, 8.801020000467929 ], [ 1.316373381327809, 8.796130802759883 ], [ 1.313619582942804, 8.793304249725523 ], [ 1.309259476380603, 8.793151445139207 ], [ 1.308265053370992, 8.790248519170657 ], [ 1.311703904988271, 8.786764289976848 ], [ 1.30833822424548, 8.781416735690613 ], [ 1.315146127429455, 8.775840008702266 ], [ 1.314754394294573, 8.771766192786869 ], [ 1.299838293903121, 8.767182537242068 ], [ 1.298078919372224, 8.763362847473731 ], [ 1.302974507539175, 8.760001515272537 ], [ 1.30311151947074, 8.756826946374964 ], [ 1.289572252230464, 8.754764293044142 ], [ 1.282228877057171, 8.744527537568715 ], [ 1.274885624708705, 8.749034754234915 ], [ 1.275032352151651, 8.73608308186839 ], [ 1.272900995317531, 8.73622312626274 ], [ 1.258663356915205, 8.745470537805494 ], [ 1.253775601237311, 8.745857369913258 ], [ 1.262466493434641, 8.757154298476573 ], [ 1.261063332847344, 8.760269089058923 ], [ 1.264129556061134, 8.76453012173217 ], [ 1.259739909617946, 8.768347517662045 ], [ 1.267468854095812, 8.776467596381741 ], [ 1.265818389668985, 8.788510067663761 ], [ 1.262454415550331, 8.792920591237698 ], [ 1.265108280714737, 8.79741001507603 ], [ 1.26293275922899, 8.800649141281625 ], [ 1.259234147746446, 8.799583113276798 ], [ 1.252186039384306, 8.805281216540319 ], [ 1.246064815473123, 8.82027034478274 ], [ 1.239252312771582, 8.824293463323526 ], [ 1.240776130175195, 8.828393982574774 ], [ 1.243861139781997, 8.82871543853172 ], [ 1.239611416753019, 8.835347251496342 ], [ 1.247945025724105, 8.835386288109765 ], [ 1.249242895301417, 8.843783800818306 ], [ 1.242920104284172, 8.848180157544874 ], [ 1.242664929296506, 8.853167759011928 ], [ 1.234109541613953, 8.856402166358992 ], [ 1.228871986622194, 8.854330731836557 ], [ 1.211937498748417, 8.866837103334184 ], [ 1.213090801590598, 8.873033748208064 ], [ 1.202820202919678, 8.890278576348752 ], [ 1.201482903863211, 8.90073556605951 ], [ 1.204810184035606, 8.904230917454871 ], [ 1.198089546987129, 8.910747662898372 ], [ 1.214972064643611, 8.930681603089083 ], [ 1.214124378466354, 8.935691813560332 ], [ 1.208715591821127, 8.936893712683561 ], [ 1.19090754856513, 8.948166012046082 ], [ 1.191918984889656, 8.951752542433374 ], [ 1.18508929276305, 8.968974643066986 ], [ 1.201790071573834, 8.985128049978798 ], [ 1.213441276654572, 8.990576982777993 ], [ 1.223286557571248, 8.987375501644214 ], [ 1.274522357475133, 8.992223874720327 ], [ 1.291351515845333, 9.003252238189646 ], [ 1.302116005538312, 9.00366693792936 ], [ 1.338425581948503, 9.018818466460981 ], [ 1.380684083257403, 9.032326904759508 ], [ 1.376055531724315, 9.022228310373361 ], [ 1.381129572027913, 9.012925278771963 ], [ 1.379614434351717, 9.008729410452894 ], [ 1.381962126289252, 9.004720817302697 ] ] ] } },
{ "type": "Feature", "properties": { "region": "Centrale", "prefecture": "Tchaoudjo", "commune": "Tchaoudjo 1", "canton": "Sokodè (Komah)", "population": 85029, "FRI": 0.3759, "classe_fri": "Eleve", "rwi_min": -0.794, "urban_ratio": 0.1936, "infrastructure_documentee": false, "WUI": 0.5336, "priorite": "Critique" }, "geometry": { "type": "Polygon", "coordinates": [ [ [ 1.026402618336179, 8.977229422588247 ], [ 1.037731816649831, 9.022759258987595 ], [ 1.074125145552126, 9.0309331418312 ], [ 1.119234506829632, 9.006301643758704 ], [ 1.128709931799686, 9.00512201694197 ], [ 1.135952958073236, 8.997688837531038 ], [ 1.145447464292102, 8.992722670222435 ], [ 1.147113478088384, 8.988944894758143 ], [ 1.153506029443591, 8.9867257282085 ], [ 1.167471477209186, 8.993139822882265 ], [ 1.166879038438671, 9.008588637918802 ], [ 1.187192074649687, 9.022094586172322 ], [ 1.196880527269278, 9.019583985008945 ], [ 1.200012001668605, 9.016017741392149 ], [ 1.194460419115039, 8.999080320070682 ], [ 1.201790071573834, 8.985128049978798 ], [ 1.18508929276305, 8.968974643066986 ], [ 1.191918984889656, 8.951752542433374 ], [ 1.167949732147698, 8.954883671035713 ], [ 1.157860798144958, 8.962546655198478 ], [ 1.152257081753393, 8.958843106328354 ], [ 1.105841969050134, 8.979538613179081 ], [ 1.101580673899495, 8.967749224487639 ], [ 1.083692980887357, 8.964024359824958 ], [ 1.026402618336179, 8.977229422588247 ] ] ] } },
{ "type": "Feature", "properties": { "region": "Centrale", "prefecture": "Tchaoudjo", "commune": "Tchaoudjo 1", "canton": "Kpangalam", "population": 41462, "FRI": 0.213, "classe_fri": "Moyen", "rwi_min": -0.719, "urban_ratio": 0.0546, "infrastructure_documentee": false, "WUI": 0.403, "priorite": "Critique" }, "geometry": { "type": "Polygon", "coordinates": [ [ [ 1.219338368050345, 9.056260000806494 ], [ 1.218980750682695, 9.036397487057489 ], [ 1.207115105000086, 9.031530104944778 ], [ 1.196880527269278, 9.019583985008945 ], [ 1.187192074649687, 9.022094586172322 ], [ 1.166879038438671, 9.008588637918802 ], [ 1.167471477209186, 8.993139822882265 ], [ 1.153506029443591, 8.9867257282085 ], [ 1.147113478088384, 8.988944894758143 ], [ 1.145447464292102, 8.992722670222435 ], [ 1.135952958073236, 8.997688837531038 ], [ 1.128709931799686, 9.00512201694197 ], [ 1.119234506829632, 9.006301643758704 ], [ 1.074125145552126, 9.0309331418312 ], [ 1.037731816649831, 9.022759258987595 ], [ 1.026402618336179, 8.977229422588247 ], [ 0.962985841768977, 9.027139435039588 ], [ 0.97268664218942, 9.054172981844603 ], [ 0.976730730692838, 9.057923267484632 ], [ 0.995448548247737, 9.055869924203668 ], [ 0.99726313062588, 9.062273327816317 ], [ 1.004824084356593, 9.063058605296714 ], [ 1.0020140209642, 9.076016204903619 ], [ 1.011084122775317, 9.077075994450658 ], [ 1.007434369350212, 9.085548664673897 ], [ 1.008117626322549, 9.092305517821208 ], [ 1.022909950418887, 9.098115992601635 ], [ 1.033297193831548, 9.081186825044323 ], [ 1.036332473068614, 9.090923727907343 ], [ 1.062976433578331, 9.094545205877749 ], [ 1.099763808536658, 9.068543509767146 ], [ 1.1720800599358, 9.048855663766956 ], [ 1.189486722644046, 9.046997820310617 ], [ 1.219338368050345, 9.056260000806494 ] ] ] } },
{ "type": "Feature", "properties": { "region": "Centrale", "prefecture": "Tchaoudjo", "commune": "Tchaoudjo 2", "canton": "Lama-Tessi", "population": 22809, "FRI": 0.0801, "classe_fri": "Tres faible", "rwi_min": -0.826, "urban_ratio": 0.0, "infrastructure_documentee": false, "WUI": 0.3229, "priorite": "Moyenne" }, "geometry": { "type": "Polygon", "coordinates": [ [ [ 0.959905274485727, 8.967473882119194 ], [ 1.039534387481746, 8.933319881101772 ], [ 1.049596245111941, 8.937568179824513 ], [ 1.061967694332537, 8.9332331263073 ], [ 1.064070518582882, 8.924751206271681 ], [ 1.098653707598538, 8.913264748046375 ], [ 1.122711463418144, 8.897219265842653 ], [ 1.129774759673847, 8.884156818713807 ], [ 1.124699875143677, 8.870419405462831 ], [ 1.148132569669438, 8.824232338151656 ], [ 1.146790245017101, 8.804578477609335 ], [ 1.157411750837985, 8.740888888554325 ], [ 1.132866867590533, 8.731493141569487 ], [ 1.122933244352976, 8.736028350842133 ], [ 1.121852183633226, 8.745588330323637 ], [ 1.123730050819367, 8.750034326991015 ], [ 1.121149132121064, 8.752171827012075 ], [ 1.107111552911706, 8.745885091929523 ], [ 1.098902081085349, 8.753879807314012 ], [ 1.087130607205647, 8.752119555321759 ], [ 1.080583777097465, 8.747907409519561 ], [ 1.074084732242652, 8.747850861293701 ], [ 1.072699737911508, 8.75130856436903 ], [ 1.069489323710337, 8.750931370959698 ], [ 1.067600967464143, 8.74571336052762 ], [ 1.065397669092308, 8.745776216377857 ], [ 1.065586478631605, 8.7492339752591 ], [ 1.061620695375668, 8.754074737225562 ], [ 1.058850967461019, 8.75005121682392 ], [ 1.052367202997404, 8.74810234020876 ], [ 1.053217623884304, 8.758141906430652 ], [ 1.048102147863076, 8.759595762525382 ], [ 1.051574796556668, 8.768823663892755 ], [ 1.050520543568918, 8.772353797149446 ], [ 1.04585468895972, 8.774047362253542 ], [ 1.042816120347958, 8.772499052696471 ], [ 1.041327786421272, 8.777763304594453 ], [ 1.036304773511125, 8.776091141308891 ], [ 1.029102935806882, 8.785454385944751 ], [ 1.022281568060357, 8.784463501518298 ], [ 1.015642275291094, 8.788616394704482 ], [ 1.010495201666435, 8.787997071253985 ], [ 1.005833490780434, 8.794236155038885 ], [ 1.007692969673159, 8.801296929150711 ], [ 1.005144685080227, 8.80698788079715 ], [ 0.994239691257465, 8.809495871966392 ], [ 0.992249806815072, 8.812474439065642 ], [ 0.988494331549775, 8.8118729689711 ], [ 0.987360696550219, 8.815340415848064 ], [ 0.974435774343566, 8.821300534731552 ], [ 0.972108675592538, 8.834588621332275 ], [ 0.963924331055095, 8.849574611687554 ], [ 0.966357491194997, 8.856994104944761 ], [ 0.961769206733834, 8.862404513411514 ], [ 0.968239633879918, 8.883284102978541 ], [ 0.965807382229072, 8.894822696225393 ], [ 0.951362272664123, 8.909649068073964 ], [ 0.913546195831511, 8.92094266231396 ], [ 0.910722727318551, 8.928600569809559 ], [ 0.902066100437857, 8.937207177262405 ], [ 0.904167097035989, 8.948430306721399 ], [ 0.895863485390861, 8.95994479486518 ], [ 0.959905274485727, 8.967473882119194 ] ] ] } },
{ "type": "Feature", "properties": { "region": "Centrale", "prefecture": "Tchaoudjo", "commune": "Tchaoudjo 3", "canton": "Kéméni", "population": 2322, "FRI": 0.0581, "classe_fri": "Tres faible", "rwi_min": -0.752, "urban_ratio": 0.0, "infrastructure_documentee": false, "WUI": 0.2886, "priorite": "Surveillance" }, "geometry": { "type": "Polygon", "coordinates": [ [ [ 1.29163357555761, 9.171826026939586 ], [ 1.248720798554535, 9.186459044052024 ], [ 1.228669812392089, 9.200892362073439 ], [ 1.221646916555587, 9.222854423272803 ], [ 1.224585137422387, 9.231804319228596 ], [ 1.236257192212385, 9.248909434402851 ], [ 1.256458946324304, 9.264296375216427 ], [ 1.284608696699013, 9.264611732413471 ], [ 1.290800560728733, 9.257038342339568 ], [ 1.300967954191122, 9.252231944289985 ], [ 1.306603173535951, 9.253274133001616 ], [ 1.30785548861186, 9.249383247347424 ], [ 1.313699447680634, 9.251328664524484 ], [ 1.294322092552656, 9.212568167285953 ], [ 1.29163357555761, 9.171826026939586 ] ] ] } },
{ "type": "Feature", "properties": { "region": "Centrale", "prefecture": "Tchaoudjo", "commune": "Tchaoudjo 3", "canton": "Aléhéridè", "population": 5580, "FRI": 0.0714, "classe_fri": "Tres faible", "rwi_min": -0.913, "urban_ratio": 0.0, "infrastructure_documentee": false, "WUI": 0.3108, "priorite": "Moyenne" }, "geometry": { "type": "Polygon", "coordinates": [ [ [ 1.248720798554535, 9.186459044052024 ], [ 1.238658003720492, 9.169985729707836 ], [ 1.22341970018171, 9.159064035522753 ], [ 1.206737923677441, 9.158981805958346 ], [ 1.20432118767865, 9.189055054496636 ], [ 1.170010917514529, 9.192310753296464 ], [ 1.100407569197288, 9.190006870239939 ], [ 1.054237988510114, 9.196514179859051 ], [ 1.032979984562546, 9.204584541932196 ], [ 1.009447583633113, 9.199534211256442 ], [ 1.018349103695197, 9.219778226924124 ], [ 1.02640913810551, 9.249400903855465 ], [ 1.052101330153835, 9.273020461804256 ], [ 1.060889012875078, 9.275346681878348 ], [ 1.081143342243294, 9.267726064501037 ], [ 1.095013058542324, 9.267514570852411 ], [ 1.117712157536594, 9.258186819981225 ], [ 1.148134134543581, 9.25217096465251 ], [ 1.17156817175857, 9.251834616594589 ], [ 1.188329044748601, 9.244461398093915 ], [ 1.188604427660366, 9.230023445795432 ], [ 1.196053720893609, 9.221521005007894 ], [ 1.198325948291894, 9.212320091689577 ], [ 1.214887285636553, 9.227797177828329 ], [ 1.21847130141389, 9.221894625090314 ], [ 1.221646916555587, 9.222854423272803 ], [ 1.228669812392089, 9.200892362073439 ], [ 1.248720798554535, 9.186459044052024 ] ] ] } },
{ "type": "Feature", "properties": { "region": "Centrale", "prefecture": "Tchaoudjo", "commune": "Tchaoudjo 3", "canton": "Kolina", "population": 4013, "FRI": 0.0679, "classe_fri": "Tres faible", "rwi_min": -0.674, "urban_ratio": 0.0, "infrastructure_documentee": false, "WUI": 0.2894, "priorite": "Surveillance" }, "geometry": { "type": "Polygon", "coordinates": [ [ [ 1.0020140209642, 9.076016204903619 ], [ 0.99314690571181, 9.090339265087763 ], [ 0.989293268968649, 9.102133330364232 ], [ 0.980596781489774, 9.153072109111212 ], [ 0.983257965515724, 9.164032934619408 ], [ 0.996813591071901, 9.180851969237313 ], [ 1.015670850412971, 9.159878107116326 ], [ 1.043295215119602, 9.154503083850221 ], [ 1.134567630078149, 9.126537673071434 ], [ 1.201293635685843, 9.12554382978283 ], [ 1.232972412862805, 9.132657861798542 ], [ 1.259337348447391, 9.121119146933395 ], [ 1.24799978919776, 9.091695016519951 ], [ 1.21966789303219, 9.074570701297572 ], [ 1.219338368050345, 9.056260000806494 ], [ 1.189486722644046, 9.046997820310617 ], [ 1.146055676576195, 9.055018072721472 ], [ 1.099763808536658, 9.068543509767146 ], [ 1.062976433578331, 9.094545205877749 ], [ 1.036332473068614, 9.090923727907343 ], [ 1.033297193831548, 9.081186825044323 ], [ 1.022909950418887, 9.098115992601635 ], [ 1.008117626322549, 9.092305517821208 ], [ 1.007434369350212, 9.085548664673897 ], [ 1.011084122775317, 9.077075994450658 ], [ 1.0020140209642, 9.076016204903619 ] ] ] } },
{ "type": "Feature", "properties": { "region": "Centrale", "prefecture": "Tchaoudjo", "commune": "Tchaoudjo 3", "canton": "Amaïde", "population": 3633, "FRI": 0.0751, "classe_fri": "Tres faible", "rwi_min": -0.828, "urban_ratio": 0.0, "infrastructure_documentee": false, "WUI": 0.3048, "priorite": "Moyenne" }, "geometry": { "type": "Polygon", "coordinates": [ [ [ 0.996813591071901, 9.180851969237313 ], [ 0.990516679303407, 9.173120201730674 ], [ 1.009447583633113, 9.199534211256442 ], [ 1.032979984562546, 9.204584541932196 ], [ 1.054237988510114, 9.196514179859051 ], [ 1.100407569197288, 9.190006870239939 ], [ 1.170010917514529, 9.192310753296464 ], [ 1.20432118767865, 9.189055054496636 ], [ 1.206737923677441, 9.158981805958346 ], [ 1.22341970018171, 9.159064035522753 ], [ 1.238658003720492, 9.169985729707836 ], [ 1.248720798554535, 9.186459044052024 ], [ 1.29163357555761, 9.171826026939586 ], [ 1.272855942074149, 9.136329129607359 ], [ 1.259337348447391, 9.121119146933395 ], [ 1.232972412862805, 9.132657861798542 ], [ 1.201293635685843, 9.12554382978283 ], [ 1.134567630078149, 9.126537673071434 ], [ 1.043295215119602, 9.154503083850221 ], [ 1.015670850412971, 9.159878107116326 ], [ 0.996813591071901, 9.180851969237313 ] ] ] } },
{ "type": "Feature", "properties": { "region": "Centrale", "prefecture": "Tchaoudjo", "commune": "Tchaoudjo 4", "canton": "Wassarabo", "population": 2406, "FRI": 0.0563, "classe_fri": "Tres faible", "rwi_min": -0.933, "urban_ratio": 0.0, "infrastructure_documentee": false, "WUI": 0.3014, "priorite": "Moyenne" }, "geometry": { "type": "Polygon", "coordinates": [ [ [ 1.196880527269278, 9.019583985008945 ], [ 1.207115105000086, 9.031530104944778 ], [ 1.218980750682695, 9.036397487057489 ], [ 1.219198692055724, 9.033942572221726 ], [ 1.248637834668344, 9.034391261713255 ], [ 1.25932497278947, 9.038330818975176 ], [ 1.267309869972775, 9.03496037562474 ], [ 1.275220057808419, 9.027871138096458 ], [ 1.28573106054777, 9.023954484424435 ], [ 1.302116005538312, 9.00366693792936 ], [ 1.291351515845333, 9.003252238189646 ], [ 1.274522357475133, 8.992223874720327 ], [ 1.223286557571248, 8.987375501644214 ], [ 1.213441276654572, 8.990576982777993 ], [ 1.201790071573834, 8.985128049978798 ], [ 1.194460419115039, 8.999080320070682 ], [ 1.200012001668605, 9.016017741392149 ], [ 1.196880527269278, 9.019583985008945 ] ] ] } },
{ "type": "Feature", "properties": { "region": "Centrale", "prefecture": "Tchaoudjo", "commune": "Tchaoudjo 4", "canton": "Kpassaouade", "population": 3561, "FRI": 0.061, "classe_fri": "Tres faible", "rwi_min": -0.811, "urban_ratio": 0.0, "infrastructure_documentee": false, "WUI": 0.2957, "priorite": "Surveillance" }, "geometry": { "type": "Polygon", "coordinates": [ [ [ 1.219198692055724, 9.033942572221726 ], [ 1.21966789303219, 9.074570701297572 ], [ 1.24799978919776, 9.091695016519951 ], [ 1.386987426282727, 9.07739898477754 ], [ 1.380171507109049, 9.064465557412372 ], [ 1.376612094788297, 9.065221912301105 ], [ 1.376460710830558, 9.063406690090984 ], [ 1.381837644703738, 9.061137622887086 ], [ 1.375689289689747, 9.054443900302921 ], [ 1.380914840742061, 9.049830178203477 ], [ 1.37712466737314, 9.038680153144316 ], [ 1.377654839803771, 9.033839560311204 ], [ 1.380684083257403, 9.032326904759508 ], [ 1.338425581948503, 9.018818466460981 ], [ 1.302116005538312, 9.00366693792936 ], [ 1.28573106054777, 9.023954484424435 ], [ 1.275220057808419, 9.027871138096458 ], [ 1.267309869972775, 9.03496037562474 ], [ 1.25932497278947, 9.038330818975176 ], [ 1.248637834668344, 9.034391261713255 ], [ 1.219198692055724, 9.033942572221726 ] ] ] } },
{ "type": "Feature", "properties": { "region": "Centrale", "prefecture": "Tchaoudjo", "commune": "Tchaoudjo 4", "canton": "Agouloudè", "population": 12362, "FRI": 0.0724, "classe_fri": "Tres faible", "rwi_min": -0.745, "urban_ratio": 0.0, "infrastructure_documentee": false, "WUI": 0.3041, "priorite": "Moyenne" }, "geometry": { "type": "Polygon", "coordinates": [ [ [ 1.452705275570582, 9.276117263253814 ], [ 1.441419402180455, 9.255851878940582 ], [ 1.441338217556809, 9.239325691246858 ], [ 1.42223633962235, 9.221655296875875 ], [ 1.421024619642687, 9.217268494982555 ], [ 1.399579710373257, 9.204909943855318 ], [ 1.397080513825786, 9.196060755728857 ], [ 1.399041261866952, 9.192013243657701 ], [ 1.393967231682474, 9.187702080637553 ], [ 1.402905524989721, 9.174959540661181 ], [ 1.40192094764378, 9.167396142890889 ], [ 1.405328977691227, 9.163463191878014 ], [ 1.408667343270021, 9.150481446312233 ], [ 1.406622553644935, 9.148741864074982 ], [ 1.408591590678342, 9.142615539008007 ], [ 1.414429283965464, 9.136834869620056 ], [ 1.413975003474895, 9.13275057667205 ], [ 1.404205468825049, 9.123523234075508 ], [ 1.402380830203035, 9.116662234733845 ], [ 1.39609507737178, 9.112048561820059 ], [ 1.397761088060371, 9.103804450298121 ], [ 1.393141468288165, 9.101611018564403 ], [ 1.394649879219531, 9.092187848331669 ], [ 1.389878751317518, 9.079859497374047 ], [ 1.386987426282727, 9.07739898477754 ], [ 1.24799978919776, 9.091695016519951 ], [ 1.259337348447391, 9.121119146933395 ], [ 1.272855942074149, 9.136329129607359 ], [ 1.288380323925977, 9.163009822422605 ], [ 1.29163357555761, 9.171826026939586 ], [ 1.294322092552656, 9.212568167285953 ], [ 1.313699447680634, 9.251328664524484 ], [ 1.319270972088271, 9.250544522138567 ], [ 1.324865133208321, 9.252988807910373 ], [ 1.34545622476207, 9.273947500894785 ], [ 1.383780387136172, 9.294866453688757 ], [ 1.421228089385246, 9.30812164237118 ], [ 1.452705275570582, 9.276117263253814 ] ] ] } },
{ "type": "Feature", "properties": { "region": "Kara", "prefecture": "Assoli", "commune": "Assoli 1", "canton": "Dako (Daoude)", "population": 11085, "FRI": 0.0696, "classe_fri": "Tres faible", "rwi_min": -0.608, "urban_ratio": 0.0, "infrastructure_documentee": false, "WUI": 0.2911, "priorite": "Surveillance" }, "geometry": { "type": "Polygon", "coordinates": [ [ [ 1.02640913810551, 9.249400903855465 ], [ 1.023983443807451, 9.273619892639333 ], [ 1.016162866179986, 9.29219312571486 ], [ 1.012054768199583, 9.295721456796093 ], [ 0.997376697679705, 9.298277828619769 ], [ 0.98786628783385, 9.314623389857289 ], [ 0.981683355712522, 9.318871242896176 ], [ 0.978651783610513, 9.326148915327934 ], [ 0.973551334578304, 9.327858139179661 ], [ 0.969051372635451, 9.333408227543117 ], [ 0.953343397903305, 9.338816440885896 ], [ 0.942878968423217, 9.336698486710533 ], [ 0.937729439084084, 9.34012571884862 ], [ 0.939863972915423, 9.346594823415561 ], [ 0.938465513267145, 9.347918068345372 ], [ 0.943252316551272, 9.352944862046041 ], [ 0.940823174432619, 9.362501517968482 ], [ 0.944968439946082, 9.369003909304075 ], [ 0.945336606223706, 9.374334226692042 ], [ 0.938659379363722, 9.393972239261014 ], [ 0.942478177056235, 9.396821207288045 ], [ 0.94183404885167, 9.400037735935395 ], [ 0.951870483507269, 9.403452857821089 ], [ 0.951279191518661, 9.410692343200386 ], [ 0.958237952415556, 9.415401703008458 ], [ 0.959951613455517, 9.42180378394508 ], [ 0.966332678095654, 9.425642001757815 ], [ 0.968969667190961, 9.43150361051724 ], [ 0.978728843319113, 9.431662271066111 ], [ 0.99143295654418, 9.430068620746999 ], [ 1.010407024151905, 9.42319540049527 ], [ 1.031428471578646, 9.421626421323635 ], [ 1.060991158913192, 9.400037056058055 ], [ 1.074137254673419, 9.3842645233063 ], [ 1.085622006228605, 9.375364816181586 ], [ 1.091521205889807, 9.37455776993766 ], [ 1.100949771741021, 9.375278532245252 ], [ 1.122895324123497, 9.385811937451408 ], [ 1.157742864250298, 9.397309195876737 ], [ 1.149191335683749, 9.379574443387758 ], [ 1.132409169235148, 9.357895534147563 ], [ 1.130240371907495, 9.339567794657585 ], [ 1.11680645964474, 9.317858868495435 ], [ 1.093903239477061, 9.312674606897206 ], [ 1.068829713334659, 9.271117176815034 ], [ 1.060889012875078, 9.275346681878348 ], [ 1.052101330153835, 9.273020461804256 ], [ 1.02640913810551, 9.249400903855465 ] ] ] } },
{ "type": "Feature", "properties": { "region": "Kara", "prefecture": "Assoli", "commune": "Assoli 1", "canton": "Bouladè", "population": 13207, "FRI": 0.0729, "classe_fri": "Tres faible", "rwi_min": -0.813, "urban_ratio": 0.0, "infrastructure_documentee": false, "WUI": 0.3102, "priorite": "Moyenne" }, "geometry": { "type": "Polygon", "coordinates": [ [ [ 1.149191335683749, 9.379574443387758 ], [ 1.157742864250298, 9.397309195876737 ], [ 1.175697127568577, 9.402207186003444 ], [ 1.202673061087683, 9.43155888842352 ], [ 1.209374505231275, 9.436056478042806 ], [ 1.223081975032898, 9.440338579000954 ], [ 1.25066125310911, 9.440084461391463 ], [ 1.256506835973314, 9.384776303080603 ], [ 1.25139042378456, 9.374759329552804 ], [ 1.238467141832211, 9.369870787323745 ], [ 1.165735040275594, 9.364467190706824 ], [ 1.149191335683749, 9.379574443387758 ] ] ] } },
{ "type": "Feature", "properties": { "region": "Kara", "prefecture": "Assoli", "commune": "Assoli 1", "canton": "Bafilo", "population": 42955, "FRI": 0.1716, "classe_fri": "Moyen", "rwi_min": -0.663, "urban_ratio": 0.0457, "infrastructure_documentee": false, "WUI": 0.3772, "priorite": "Elevee" }, "geometry": { "type": "Polygon", "coordinates": [ [ [ 1.25139042378456, 9.374759329552804 ], [ 1.273633022518536, 9.365214206992031 ], [ 1.291894686668595, 9.361555715733044 ], [ 1.290250616927452, 9.35369940646005 ], [ 1.28598306199612, 9.350640738712045 ], [ 1.295687673379613, 9.346940485311357 ], [ 1.27684415392511, 9.319739906321912 ], [ 1.238449265218224, 9.333571483245295 ], [ 1.225898571898739, 9.319668808312704 ], [ 1.212146350325792, 9.309264655319391 ], [ 1.207704307927083, 9.299015722427704 ], [ 1.188163200912784, 9.315308889844843 ], [ 1.152668399743854, 9.325973272272611 ], [ 1.11680645964474, 9.317858868495435 ], [ 1.130240371907495, 9.339567794657585 ], [ 1.132409169235148, 9.357895534147563 ], [ 1.149191335683749, 9.379574443387758 ], [ 1.165735040275594, 9.364467190706824 ], [ 1.238467141832211, 9.369870787323745 ], [ 1.25139042378456, 9.374759329552804 ] ] ] } },
{ "type": "Feature", "properties": { "region": "Kara", "prefecture": "Assoli", "commune": "Assoli 2", "canton": "Alédjo", "population": 15079, "FRI": 0.1223, "classe_fri": "Faible", "rwi_min": -0.65, "urban_ratio": 0.0, "infrastructure_documentee": false, "WUI": 0.3265, "priorite": "Elevee" }, "geometry": { "type": "Polygon", "coordinates": [ [ [ 1.068829713334659, 9.271117176815034 ], [ 1.093903239477061, 9.312674606897206 ], [ 1.152668399743854, 9.325973272272611 ], [ 1.188163200912784, 9.315308889844843 ], [ 1.207704307927083, 9.299015722427704 ], [ 1.217071514812853, 9.295378741536112 ], [ 1.239078719955499, 9.297905569617871 ], [ 1.257682362307603, 9.293526209109713 ], [ 1.256458946324304, 9.264296375216427 ], [ 1.236257192212385, 9.248909434402851 ], [ 1.220351627035162, 9.221686018172221 ], [ 1.214887285636553, 9.227797177828329 ], [ 1.198325948291894, 9.212320091689577 ], [ 1.196053720893609, 9.221521005007894 ], [ 1.188604427660366, 9.230023445795432 ], [ 1.188329044748601, 9.244461398093915 ], [ 1.17156817175857, 9.251834616594589 ], [ 1.148134134543581, 9.25217096465251 ], [ 1.111147838244534, 9.259878609574486 ], [ 1.095013058542324, 9.267514570852411 ], [ 1.081143342243294, 9.267726064501037 ], [ 1.068829713334659, 9.271117176815034 ] ] ] } },
{ "type": "Feature", "properties": { "region": "Kara", "prefecture": "Assoli", "commune": "Assoli 2", "canton": "Koumondè", "population": 7096, "FRI": 0.0354, "classe_fri": "Tres faible", "rwi_min": -0.027, "urban_ratio": 0.0, "infrastructure_documentee": false, "WUI": 0.2249, "priorite": "Surveillance" }, "geometry": { "type": "Polygon", "coordinates": [ [ [ 1.207704307927083, 9.299015722427704 ], [ 1.212146350325792, 9.309264655319391 ], [ 1.225898571898739, 9.319668808312704 ], [ 1.238449265218224, 9.333571483245295 ], [ 1.27684415392511, 9.319739906321912 ], [ 1.257682362307603, 9.293526209109713 ], [ 1.239078719955499, 9.297905569617871 ], [ 1.217071514812853, 9.295378741536112 ], [ 1.207704307927083, 9.299015722427704 ] ] ] } },
{ "type": "Feature", "properties": { "region": "Kara", "prefecture": "Assoli", "commune": "Assoli 3", "canton": "Soudou", "population": 32505, "FRI": 0.1081, "classe_fri": "Faible", "rwi_min": -0.845, "urban_ratio": 0.0, "infrastructure_documentee": false, "WUI": 0.3477, "priorite": "Elevee" }, "geometry": { "type": "Polygon", "coordinates": [ [ [ 1.400095069583033, 9.424058657126706 ], [ 1.398861491478319, 9.366271304558362 ], [ 1.404896505912931, 9.342035541124318 ], [ 1.421228089385246, 9.30812164237118 ], [ 1.383780387136172, 9.294866453688757 ], [ 1.34545622476207, 9.273947500894785 ], [ 1.33028444822274, 9.256655234771749 ], [ 1.319270972088271, 9.250544522138567 ], [ 1.30785548861186, 9.249383247347424 ], [ 1.306603173535951, 9.253274133001616 ], [ 1.300967954191122, 9.252231944289985 ], [ 1.290800560728733, 9.257038342339568 ], [ 1.284608696699013, 9.264611732413471 ], [ 1.256458946324304, 9.264296375216427 ], [ 1.257682362307603, 9.293526209109713 ], [ 1.295687673379613, 9.346940485311357 ], [ 1.28598306199612, 9.350640738712045 ], [ 1.290250616927452, 9.35369940646005 ], [ 1.291894686668595, 9.361555715733044 ], [ 1.273633022518536, 9.365214206992031 ], [ 1.25139042378456, 9.374759329552804 ], [ 1.256506835973314, 9.384776303080603 ], [ 1.25066125310911, 9.440084461391463 ], [ 1.276582168054126, 9.436061909475381 ], [ 1.30977069321164, 9.442178168011711 ], [ 1.331348586616761, 9.462185329537368 ], [ 1.364237324629974, 9.460681026475438 ], [ 1.365841825557456, 9.446573446890531 ], [ 1.37030462472745, 9.439655227363383 ], [ 1.380362427963792, 9.43612960554967 ], [ 1.383773175634175, 9.43177688199253 ], [ 1.400095069583033, 9.424058657126706 ] ] ] } },
{ "type": "Feature", "properties": { "region": "Kara", "prefecture": "Bassar", "commune": "Bassar 1", "canton": "Baghan", "population": 2176, "FRI": 0.0963, "classe_fri": "Tres faible", "rwi_min": -0.453, "urban_ratio": 0.0, "infrastructure_documentee": false, "WUI": 0.2867, "priorite": "Surveillance" }, "geometry": { "type": "Polygon", "coordinates": [ [ [ 0.759954657359803, 9.056738212688519 ], [ 0.75442725718987, 9.053020543976615 ], [ 0.739854060505193, 9.052912000134029 ], [ 0.729363325471427, 9.056291736446346 ], [ 0.726092039070886, 9.060122035474636 ], [ 0.722426036412226, 9.059502444386279 ], [ 0.718872716564142, 9.056629680438963 ], [ 0.712299689632415, 9.039011886460376 ], [ 0.7132021825335, 9.035801180989846 ], [ 0.705305864451771, 9.038842921198617 ], [ 0.69915236729859, 9.027034985229754 ], [ 0.70101363322018, 9.023035660359209 ], [ 0.695204332515375, 9.022134416274033 ], [ 0.692271349041256, 9.017909782210893 ], [ 0.685277652468244, 9.019317998326674 ], [ 0.676466811912023, 9.014654635064655 ], [ 0.665731636398495, 8.993660283210847 ], [ 0.661613747200396, 8.993917307677856 ], [ 0.653378093627545, 8.989676312102674 ], [ 0.656595153130962, 8.994431410756242 ], [ 0.655565779681461, 8.998415333356862 ], [ 0.646557970555985, 9.002784878883366 ], [ 0.629283553229613, 8.999953232806833 ], [ 0.615414302571672, 8.992527797335624 ], [ 0.605124821295328, 8.996385900123022 ], [ 0.609554939483705, 9.013095263513915 ], [ 0.628774890611022, 9.032255453290057 ], [ 0.597413781474438, 9.05795514285693 ], [ 0.619489798175242, 9.093226912258533 ], [ 0.656491667221604, 9.111325202144794 ], [ 0.655133285828246, 9.130352440893136 ], [ 0.692929497954789, 9.139784896431978 ], [ 0.729564806359219, 9.145710658694536 ], [ 0.782937247839784, 9.132829001493057 ], [ 0.787859444427083, 9.124487613434779 ], [ 0.785532917316461, 9.111489219393762 ], [ 0.779747643048029, 9.111169223995949 ], [ 0.778223846447017, 9.107401348796579 ], [ 0.771876646538919, 9.105312429653427 ], [ 0.761534829274673, 9.07295974476947 ], [ 0.759954657359803, 9.056738212688519 ] ] ] } },
{ "type": "Feature", "properties": { "region": "Kara", "prefecture": "Bassar", "commune": "Bassar 1", "canton": "Bassar", "population": 45754, "FRI": 0.2867, "classe_fri": "Moyen", "rwi_min": -0.816, "urban_ratio": 0.0042, "infrastructure_documentee": false, "WUI": 0.4543, "priorite": "Critique" }, "geometry": { "type": "Polygon", "coordinates": [ [ [ 0.940729808967092, 9.386971392093242 ], [ 0.944046796999276, 9.382588195985058 ], [ 0.945336606223706, 9.374334226692042 ], [ 0.944968439946082, 9.369003909304075 ], [ 0.940823174432619, 9.362501517968482 ], [ 0.943252316551272, 9.352944862046041 ], [ 0.938465513267145, 9.347918068345372 ], [ 0.939863972915423, 9.346594823415561 ], [ 0.937729439084084, 9.34012571884862 ], [ 0.946713434670352, 9.33608924420362 ], [ 0.953343397903305, 9.338816440885896 ], [ 0.96186288129777, 9.33687032460047 ], [ 0.978651783610513, 9.326148915327934 ], [ 0.981683355712522, 9.318871242896176 ], [ 0.98786628783385, 9.314623389857289 ], [ 0.997376697679705, 9.298277828619769 ], [ 1.012054768199583, 9.295721456796093 ], [ 1.016162866179986, 9.29219312571486 ], [ 1.022340229927052, 9.279609861124111 ], [ 1.025955585084443, 9.264570253681306 ], [ 1.02640913810551, 9.249400903855465 ], [ 1.016202096695586, 9.213549909278733 ], [ 1.005454785552447, 9.192147455053197 ], [ 0.983257965515724, 9.164032934619408 ], [ 0.980596781489774, 9.153072109111212 ], [ 0.989293268968649, 9.102133330364232 ], [ 0.99314690571181, 9.090339265087763 ], [ 1.0020140209642, 9.076016204903619 ], [ 1.004824084356593, 9.063058605296714 ], [ 0.99726313062588, 9.062273327816317 ], [ 0.995448548247737, 9.055869924203668 ], [ 0.976730730692838, 9.057923267484632 ], [ 0.97268664218942, 9.054172981844603 ], [ 0.962985841768977, 9.027139435039588 ], [ 0.965732209460234, 9.023945774332349 ], [ 0.963362136388447, 9.022780993948439 ], [ 0.957831796171212, 9.02304401875222 ], [ 0.94926090683337, 9.017771761040089 ], [ 0.938570510421842, 9.016808398308511 ], [ 0.931181587203941, 9.010976343813386 ], [ 0.927069964847155, 9.014725555507514 ], [ 0.905408804486148, 9.012514627694452 ], [ 0.901118498977133, 9.009836653983132 ], [ 0.90099929108163, 9.006682573435638 ], [ 0.893193271624188, 9.003528495556475 ], [ 0.886020124337151, 9.007501037009886 ], [ 0.876724399540614, 9.003692372109811 ], [ 0.862282304693549, 9.008043908187906 ], [ 0.856144801381585, 9.008043910622504 ], [ 0.848100366349359, 9.003580601250292 ], [ 0.822766045024273, 9.016603780146795 ], [ 0.817466315788864, 9.014468049876017 ], [ 0.816002706992691, 9.025585897190805 ], [ 0.812399378475825, 9.027443261504215 ], [ 0.80908664842952, 9.027095017857672 ], [ 0.807226913205376, 9.02192921497678 ], [ 0.804379116924985, 9.021000506238336 ], [ 0.795018419308556, 9.028332849517742 ], [ 0.792956598005459, 9.033039309979552 ], [ 0.788244080427209, 9.033774702644694 ], [ 0.78438647911062, 9.039196170080182 ], [ 0.782832955620935, 9.055375178218306 ], [ 0.775521292204557, 9.065739176862447 ], [ 0.766610048663219, 9.063779269569659 ], [ 0.76542552188042, 9.057019863551321 ], [ 0.759954657359803, 9.056738212688519 ], [ 0.761534829274673, 9.07295974476947 ], [ 0.771876646538919, 9.105312429653427 ], [ 0.778223846447017, 9.107401348796579 ], [ 0.779747643048029, 9.111169223995949 ], [ 0.785532917316461, 9.111489219393762 ], [ 0.787859444427083, 9.124487613434779 ], [ 0.782937247839784, 9.132829001493057 ], [ 0.729564806359219, 9.145710658694536 ], [ 0.692929497954789, 9.139784896431978 ], [ 0.655133285828246, 9.130352440893136 ], [ 0.646597636120297, 9.136184583118531 ], [ 0.642378401511476, 9.148128186955148 ], [ 0.642270628425963, 9.175447034378005 ], [ 0.636176264017006, 9.178482119395044 ], [ 0.638332257563852, 9.181741947404079 ], [ 0.634961494197368, 9.19458972956979 ], [ 0.651001652105191, 9.213570319660594 ], [ 0.656907739609797, 9.217452481644131 ], [ 0.65908874135278, 9.225666512205301 ], [ 0.666438723332419, 9.232269925188737 ], [ 0.699057466384651, 9.226864144380388 ], [ 0.738408618200885, 9.271104859590336 ], [ 0.738470881358463, 9.328336095464659 ], [ 0.743301153520519, 9.340850829295821 ], [ 0.768511223733303, 9.357331336547366 ], [ 0.788803577329856, 9.367075306559126 ], [ 0.775183424222029, 9.395644083310154 ], [ 0.791590916092012, 9.398658848109271 ], [ 0.79636313894254, 9.405750209500297 ], [ 0.816300951590599, 9.40883548408827 ], [ 0.846144182653969, 9.405374172552488 ], [ 0.851849400072412, 9.410192743021478 ], [ 0.863300935976269, 9.413223717046199 ], [ 0.887454941843504, 9.392866811660827 ], [ 0.940729808967092, 9.386971392093242 ] ] ] } },
{ "type": "Feature", "properties": { "region": "Kara", "prefecture": "Bassar", "commune": "Bassar 1", "canton": "Kalanga", "population": 6010, "FRI": 0.1218, "classe_fri": "Faible", "rwi_min": -0.714, "urban_ratio": 0.0, "infrastructure_documentee": false, "WUI": 0.3237, "priorite": "Moyenne" }, "geometry": { "type": "Polygon", "coordinates": [ [ [ 0.743301153520519, 9.340850829295821 ], [ 0.738470881358463, 9.328336095464659 ], [ 0.738408618200885, 9.271104859590336 ], [ 0.699057466384651, 9.226864144380388 ], [ 0.666438723332419, 9.232269925188737 ], [ 0.65908874135278, 9.225666512205301 ], [ 0.656907739609797, 9.217452481644131 ], [ 0.647589213788228, 9.209656954064068 ], [ 0.642771920895124, 9.210099957679907 ], [ 0.639389012942448, 9.227587624443583 ], [ 0.639414256368464, 9.247460717548178 ], [ 0.636522732342126, 9.251313754688404 ], [ 0.638301272360105, 9.25963906434424 ], [ 0.632287078673288, 9.267571261566346 ], [ 0.635829265517875, 9.269302944257618 ], [ 0.638757185658891, 9.277180322143922 ], [ 0.638577736059995, 9.286859333665904 ], [ 0.641819188557289, 9.299294198462809 ], [ 0.6546457578414, 9.335765246415802 ], [ 0.666670085363018, 9.353112437088472 ], [ 0.681980013361204, 9.352871137962623 ], [ 0.698253503899631, 9.363056255780711 ], [ 0.716302209369678, 9.351812462005773 ], [ 0.735125355636123, 9.353641486093714 ], [ 0.741865481672609, 9.34873014171311 ], [ 0.743301153520519, 9.340850829295821 ] ] ] } },
{ "type": "Feature", "properties": { "region": "Kara", "prefecture": "Bassar", "commune": "Bassar 2", "canton": "Dimori", "population": 11032, "FRI": 0.1502, "classe_fri": "Faible", "rwi_min": -0.785, "urban_ratio": 0.0, "infrastructure_documentee": false, "WUI": 0.3487, "priorite": "Elevee" }, "geometry": { "type": "Polygon", "coordinates": [ [ [ 0.537167776426692, 9.242207838799423 ], [ 0.58643076150676, 9.24479928025767 ], [ 0.598493774219643, 9.242721606554936 ], [ 0.613965156064889, 9.211404939841977 ], [ 0.647589213788228, 9.209656954064068 ], [ 0.634961494197368, 9.19458972956979 ], [ 0.638332257563852, 9.181741947404079 ], [ 0.636176264017006, 9.178482119395044 ], [ 0.642270628425963, 9.175447034378005 ], [ 0.642378401511476, 9.148128186955148 ], [ 0.646597636120297, 9.136184583118531 ], [ 0.655133285828246, 9.130352440893136 ], [ 0.656491667221604, 9.111325202144794 ], [ 0.619489798175242, 9.093226912258533 ], [ 0.597413781474438, 9.05795514285693 ], [ 0.628774890611022, 9.032255453290057 ], [ 0.609554939483705, 9.013095263513915 ], [ 0.605124821295328, 8.996385900123022 ], [ 0.615414302571672, 8.992527797335624 ], [ 0.627322390158734, 8.999091399215729 ], [ 0.626215996678196, 8.968932027769988 ], [ 0.620410529665397, 8.96415269549364 ], [ 0.615578027987996, 8.951303591775229 ], [ 0.600041959129585, 8.946066961159211 ], [ 0.599701211767546, 8.931292145254892 ], [ 0.590708104853535, 8.9271488291889 ], [ 0.583218383742614, 8.914518753837571 ], [ 0.582441487177849, 8.909088172303004 ], [ 0.577681642057267, 8.907417052393905 ], [ 0.579575135549765, 8.896798354714063 ], [ 0.583506152475179, 8.890460803195191 ], [ 0.581612647626023, 8.883866574058247 ], [ 0.574524296534976, 8.879939112092334 ], [ 0.566205253902384, 8.885474004178898 ], [ 0.560961800593346, 8.882273834969483 ], [ 0.556689403372202, 8.88537701259431 ], [ 0.553436529844834, 8.882952663796559 ], [ 0.552039293059688, 8.87425809245296 ], [ 0.547160111066291, 8.869626494607651 ], [ 0.539527398044125, 8.867021231800258 ], [ 0.539479048228717, 8.863885272005204 ], [ 0.524867815731933, 8.874597942059774 ], [ 0.526940644552074, 8.879275135214078 ], [ 0.521766229199311, 8.884074839905855 ], [ 0.521745792045811, 8.889917732101129 ], [ 0.514670013355253, 8.898315602379427 ], [ 0.514827266729988, 8.901569793354058 ], [ 0.511851022014312, 8.902380156150466 ], [ 0.512149878553605, 8.914276066256619 ], [ 0.508766119348078, 8.917791049505182 ], [ 0.513801860422032, 8.926154272416532 ], [ 0.513189478497597, 8.938738518331915 ], [ 0.50951802193294, 8.941027814747748 ], [ 0.507204763832722, 8.949313028344587 ], [ 0.49960826317748, 8.953686308044706 ], [ 0.470394803996832, 9.002540286699672 ], [ 0.466278511384343, 9.004622858661858 ], [ 0.469721709466599, 9.007732924700683 ], [ 0.470034458028685, 9.018459201969927 ], [ 0.465082240860819, 9.023135362045608 ], [ 0.46106342828647, 9.037496787183361 ], [ 0.455701970112956, 9.045897467654958 ], [ 0.455965707072735, 9.053949592571668 ], [ 0.457042610434888, 9.060812394414095 ], [ 0.462392949965137, 9.060892977100039 ], [ 0.46288926243799, 9.071212956788427 ], [ 0.459122928793999, 9.071264032756302 ], [ 0.466974065059697, 9.09365850785338 ], [ 0.47664576645125, 9.098846473112555 ], [ 0.485320179931744, 9.099541475139379 ], [ 0.486743789204842, 9.111897250107058 ], [ 0.483306776672739, 9.118291582002882 ], [ 0.484315279665494, 9.123324317055628 ], [ 0.48054727497735, 9.140095441368031 ], [ 0.476451353355237, 9.144298021079502 ], [ 0.485103324656357, 9.1510629505166 ], [ 0.488569068392516, 9.151173410047491 ], [ 0.490455220979085, 9.154613834039413 ], [ 0.500886864466342, 9.15498268903541 ], [ 0.504524479927685, 9.160616918108216 ], [ 0.511598057075173, 9.163971323821356 ], [ 0.5145001756378, 9.169202000417055 ], [ 0.514880609743793, 9.176780760928981 ], [ 0.521454767066495, 9.187116959748534 ], [ 0.52186552389849, 9.193993482783711 ], [ 0.524758916001535, 9.1953349759823 ], [ 0.524976901320884, 9.203192607612054 ], [ 0.531552365844725, 9.212520418879253 ], [ 0.52947658267162, 9.218688998573422 ], [ 0.519602465644049, 9.228485304595699 ], [ 0.515265323966673, 9.237979910701199 ], [ 0.537167776426692, 9.242207838799423 ] ] ] } },
{ "type": "Feature", "properties": { "region": "Kara", "prefecture": "Bassar", "commune": "Bassar 2", "canton": "Bitchabe", "population": 6206, "FRI": 0.134, "classe_fri": "Faible", "rwi_min": -0.751, "urban_ratio": 0.0, "infrastructure_documentee": false, "WUI": 0.3333, "priorite": "Elevee" }, "geometry": { "type": "Polygon", "coordinates": [ [ [ 0.587439523340395, 9.367723678632117 ], [ 0.658160955472271, 9.34092015517064 ], [ 0.641819188557289, 9.299294198462809 ], [ 0.638577736059995, 9.286859333665904 ], [ 0.638757185658891, 9.277180322143922 ], [ 0.635829265517875, 9.269302944257618 ], [ 0.632287078673288, 9.267571261566346 ], [ 0.638301272360105, 9.25963906434424 ], [ 0.636522732342126, 9.251313754688404 ], [ 0.639414256368464, 9.247460717548178 ], [ 0.639389012942448, 9.227587624443583 ], [ 0.642771920895124, 9.210099957679907 ], [ 0.613965156064889, 9.211404939841977 ], [ 0.598493774219643, 9.242721606554936 ], [ 0.58643076150676, 9.24479928025767 ], [ 0.537167776426692, 9.242207838799423 ], [ 0.515265323966673, 9.237979910701199 ], [ 0.505703330519807, 9.255103581068603 ], [ 0.507446117744012, 9.261146278158842 ], [ 0.517565174966051, 9.273996573802872 ], [ 0.516088366171689, 9.276350510489095 ], [ 0.528441570830164, 9.285673995401215 ], [ 0.538613006326038, 9.306348271020141 ], [ 0.542290057410631, 9.306131348276919 ], [ 0.544216782159231, 9.303085742453755 ], [ 0.552977445258489, 9.304369946787634 ], [ 0.555101576141537, 9.316634179010537 ], [ 0.545203114972827, 9.340439189276799 ], [ 0.554882342505161, 9.363256039999397 ], [ 0.587439523340395, 9.367723678632117 ] ] ] } },
{ "type": "Feature", "properties": { "region": "Kara", "prefecture": "Bassar", "commune": "Bassar 2", "canton": "Bangeli", "population": 14879, "FRI": 0.0962, "classe_fri": "Tres faible", "rwi_min": -0.696, "urban_ratio": 0.0, "infrastructure_documentee": false, "WUI": 0.3155, "priorite": "Moyenne" }, "geometry": { "type": "Polygon", "coordinates": [ [ [ 0.685289361314526, 9.50578959678729 ], [ 0.698805853741938, 9.491538144976055 ], [ 0.730572763733948, 9.50057711209867 ], [ 0.714666397823823, 9.477094960235018 ], [ 0.716986865436578, 9.469946883360759 ], [ 0.732012261589668, 9.469553778286238 ], [ 0.732866085803175, 9.4448312374639 ], [ 0.756984486090831, 9.428892851622152 ], [ 0.752537781039259, 9.413556418966367 ], [ 0.775183424222029, 9.395644083310154 ], [ 0.788803577329856, 9.367075306559126 ], [ 0.768511223733303, 9.357331336547366 ], [ 0.743301153520519, 9.340850829295821 ], [ 0.741865481672609, 9.34873014171311 ], [ 0.735125355636123, 9.353641486093714 ], [ 0.716302209369678, 9.351812462005773 ], [ 0.698253503899631, 9.363056255780711 ], [ 0.681980013361204, 9.352871137962623 ], [ 0.666670085363018, 9.353112437088472 ], [ 0.658160955472271, 9.34092015517064 ], [ 0.587439523340395, 9.367723678632117 ], [ 0.554882342505161, 9.363256039999397 ], [ 0.566867173602916, 9.405643208174391 ], [ 0.556647786624959, 9.412026621967279 ], [ 0.572663146514288, 9.425101469582035 ], [ 0.610291566236685, 9.449258783471276 ], [ 0.631560362080348, 9.45833037421936 ], [ 0.645865865922521, 9.467413684889689 ], [ 0.658284568951781, 9.476918459402807 ], [ 0.685289361314526, 9.50578959678729 ] ] ] } },
{ "type": "Feature", "properties": { "region": "Kara", "prefecture": "Bassar", "commune": "Bassar 3", "canton": "Manga", "population": 5789, "FRI": 0.1173, "classe_fri": "Faible", "rwi_min": -0.606, "urban_ratio": 0.0, "infrastructure_documentee": false, "WUI": 0.3128, "priorite": "Moyenne" }, "geometry": { "type": "Polygon", "coordinates": [ [ [ 0.769004724794505, 9.595577346251963 ], [ 0.765704331070156, 9.570082537856898 ], [ 0.774690627153007, 9.556500289628019 ], [ 0.773989650162539, 9.542659550747405 ], [ 0.777473970053602, 9.523644654504965 ], [ 0.756454830962924, 9.502903056119566 ], [ 0.730572763733948, 9.50057711209867 ], [ 0.698805853741938, 9.491538144976055 ], [ 0.685219862422884, 9.505862869383455 ], [ 0.685335899825721, 9.517338155055597 ], [ 0.681154646294719, 9.534196479040009 ], [ 0.659256256259093, 9.568670505370843 ], [ 0.658403249470028, 9.573782178591365 ], [ 0.661372017837608, 9.580267503036261 ], [ 0.668241296168144, 9.586186218723423 ], [ 0.685914926289389, 9.580048337445024 ], [ 0.696556895853172, 9.582315880252693 ], [ 0.700424126455537, 9.586533203982331 ], [ 0.717104505015051, 9.589907372158098 ], [ 0.73740100974554, 9.587569746810098 ], [ 0.740956019116344, 9.592721238852333 ], [ 0.75966409456334, 9.600868129895632 ], [ 0.769004724794505, 9.595577346251963 ] ] ] } },
{ "type": "Feature", "properties": { "region": "Kara", "prefecture": "Bassar", "commune": "Bassar 3", "canton": "Kabou", "population": 29360, "FRI": 0.1863, "classe_fri": "Moyen", "rwi_min": -0.892, "urban_ratio": 0.0, "infrastructure_documentee": false, "WUI": 0.3916, "priorite": "Critique" }, "geometry": { "type": "Polygon", "coordinates": [ [ [ 0.920170587451529, 9.647389786037488 ], [ 0.917176958058998, 9.642771217742386 ], [ 0.919894233696968, 9.633943376898848 ], [ 0.925483280259651, 9.631630205368646 ], [ 0.931281336725262, 9.622426974304586 ], [ 0.934245309489122, 9.622941818325485 ], [ 0.942621822632024, 9.632465749304247 ], [ 0.947051076472671, 9.632554456639408 ], [ 0.95178076669677, 9.625849979217257 ], [ 0.960386491834021, 9.623948976612509 ], [ 0.967210698709441, 9.61340825146541 ], [ 0.981501558953179, 9.610106787091265 ], [ 0.989651836429323, 9.603947906830774 ], [ 1.000992969588091, 9.605928773521599 ], [ 1.006245836829129, 9.599718808309321 ], [ 1.011502200035313, 9.597638363307937 ], [ 1.009046251958417, 9.584213018864141 ], [ 0.997599834925708, 9.566336328545969 ], [ 0.923165910294854, 9.567466268575416 ], [ 0.915296742352713, 9.540537870029191 ], [ 0.897057667353819, 9.520836948313011 ], [ 0.872730812956664, 9.521145028385776 ], [ 0.852111347237336, 9.515779286147506 ], [ 0.852731495027178, 9.489927929314122 ], [ 0.869912545148771, 9.475909257990391 ], [ 0.883667489921961, 9.459135141323364 ], [ 0.876454205868474, 9.438133710652036 ], [ 0.863300935976269, 9.413223717046199 ], [ 0.851849400072412, 9.410192743021478 ], [ 0.846144182653969, 9.405374172552488 ], [ 0.816300951590599, 9.40883548408827 ], [ 0.79636313894254, 9.405750209500297 ], [ 0.791590916092012, 9.398658848109271 ], [ 0.775183424222029, 9.395644083310154 ], [ 0.752537781039259, 9.413556418966367 ], [ 0.756984486090831, 9.428892851622152 ], [ 0.732866085803175, 9.4448312374639 ], [ 0.732012261589668, 9.469553778286238 ], [ 0.716986865436578, 9.469946883360759 ], [ 0.714666397823823, 9.477094960235018 ], [ 0.730572763733948, 9.50057711209867 ], [ 0.756454830962924, 9.502903056119566 ], [ 0.777473970053602, 9.523644654504965 ], [ 0.773989650162539, 9.542659550747405 ], [ 0.774690627153007, 9.556500289628019 ], [ 0.765704331070156, 9.570082537856898 ], [ 0.769004724794505, 9.595577346251963 ], [ 0.773465833604161, 9.59251429437191 ], [ 0.783659865005976, 9.593217591382077 ], [ 0.802501323757515, 9.601810952760875 ], [ 0.812342868832289, 9.630018450150178 ], [ 0.820879186457076, 9.64043103734546 ], [ 0.822866607315777, 9.6420850071505 ], [ 0.830815901861391, 9.639328406068316 ], [ 0.835342536909596, 9.635028115431535 ], [ 0.844727069202418, 9.63591023749539 ], [ 0.850137020044882, 9.641864495323492 ], [ 0.851461927539261, 9.652119044195924 ], [ 0.857644728843717, 9.661491466284806 ], [ 0.878620417736256, 9.679125356774811 ], [ 0.901170110110804, 9.673609041693911 ], [ 0.903805359815161, 9.660506578446331 ], [ 0.912027196609728, 9.662864246218932 ], [ 0.919923415626123, 9.658636699981882 ], [ 0.920170587451529, 9.647389786037488 ] ] ] } },
{ "type": "Feature", "properties": { "region": "Kara", "prefecture": "Bassar", "commune": "Bassar 4", "canton": "Sanda-Afohou", "population": 4529, "FRI": 0.0834, "classe_fri": "Tres faible", "rwi_min": -0.688, "urban_ratio": 0.0, "infrastructure_documentee": false, "WUI": 0.2994, "priorite": "Moyenne" }, "geometry": { "type": "Polygon", "coordinates": [ [ [ 0.997599834925708, 9.566336328545969 ], [ 0.991308902565202, 9.550283308503555 ], [ 0.993436830044944, 9.535460712866167 ], [ 0.989020912711537, 9.52406011112984 ], [ 0.984519397571288, 9.521414412018014 ], [ 0.98802467592912, 9.495149985855404 ], [ 0.983855454420443, 9.490708608481647 ], [ 0.986924580035344, 9.477858318690544 ], [ 0.982675846621924, 9.472103778816573 ], [ 0.977254370475223, 9.470447330634347 ], [ 0.973250260622817, 9.462429522628774 ], [ 0.972718147591975, 9.452076465717516 ], [ 0.968933538227279, 9.444817999212445 ], [ 0.968969667190961, 9.43150361051724 ], [ 0.966332678095654, 9.425642001757815 ], [ 0.959951613455517, 9.42180378394508 ], [ 0.958237952415556, 9.415401703008458 ], [ 0.951279191518661, 9.410692343200386 ], [ 0.951870483507269, 9.403452857821089 ], [ 0.943858636511266, 9.39929213720538 ], [ 0.919985767894827, 9.419371780577672 ], [ 0.934341714239559, 9.454994734847677 ], [ 0.929663696256249, 9.469888742455865 ], [ 0.929276384532935, 9.496198484001706 ], [ 0.915296742352713, 9.540537870029191 ], [ 0.923165910294854, 9.567466268575416 ], [ 0.997599834925708, 9.566336328545969 ] ] ] } },
{ "type": "Feature", "properties": { "region": "Kara", "prefecture": "Bassar", "commune": "Bassar 4", "canton": "Sanda-Kagbanda", "population": 7079, "FRI": 0.0988, "classe_fri": "Tres faible", "rwi_min": -0.725, "urban_ratio": 0.0, "infrastructure_documentee": false, "WUI": 0.3128, "priorite": "Moyenne" }, "geometry": { "type": "Polygon", "coordinates": [ [ [ 0.940729808967092, 9.386971392093242 ], [ 0.887454941843504, 9.392866811660827 ], [ 0.863300935976269, 9.413223717046199 ], [ 0.876454205868474, 9.438133710652036 ], [ 0.883667489921961, 9.459135141323364 ], [ 0.869912545148771, 9.475909257990391 ], [ 0.852731495027178, 9.489927929314122 ], [ 0.852111347237336, 9.515779286147506 ], [ 0.872730812956664, 9.521145028385776 ], [ 0.897057667353819, 9.520836948313011 ], [ 0.915296742352713, 9.540537870029191 ], [ 0.929276384532935, 9.496198484001706 ], [ 0.929663696256249, 9.469888742455865 ], [ 0.934341714239559, 9.454994734847677 ], [ 0.919985767894827, 9.419371780577672 ], [ 0.94183404885167, 9.400037735935395 ], [ 0.942478177056235, 9.396821207288045 ], [ 0.938659379363722, 9.393972239261014 ], [ 0.940729808967092, 9.386971392093242 ] ] ] } },
{ "type": "Feature", "properties": { "region": "Kara", "prefecture": "Binah", "commune": "Binah 1", "canton": "Solla", "population": 9582, "FRI": 0.0668, "classe_fri": "Tres faible", "rwi_min": -0.654, "urban_ratio": 0.0, "infrastructure_documentee": false, "WUI": 0.2918, "priorite": "Surveillance" }, "geometry": { "type": "Polygon", "coordinates": [ [ [ 1.333573210011238, 10.011824352687961 ], [ 1.353275240689463, 10.000364170220145 ], [ 1.357001211363385, 9.958939808634849 ], [ 1.354130106343785, 9.913716486084045 ], [ 1.35507080313471, 9.876953481233132 ], [ 1.343533704706611, 9.879374861780073 ], [ 1.323815115397869, 9.876628465000671 ], [ 1.288646475835727, 9.889541783227275 ], [ 1.290246821252782, 9.895615165759088 ], [ 1.29716957150757, 9.901719190168112 ], [ 1.3010744774885, 9.909326915803913 ], [ 1.30978622941938, 9.966606472788031 ], [ 1.319038531008335, 9.979699518342647 ], [ 1.333573210011238, 10.011824352687961 ] ] ] } },
{ "type": "Feature", "properties": { "region": "Kara", "prefecture": "Binah", "commune": "Binah 1", "canton": "Pessaré", "population": 5024, "FRI": 0.064, "classe_fri": "Tres faible", "rwi_min": -0.719, "urban_ratio": 0.0, "infrastructure_documentee": false, "WUI": 0.2915, "priorite": "Surveillance" }, "geometry": { "type": "Polygon", "coordinates": [ [ [ 1.224399005902693, 9.81636184550127 ], [ 1.254994352551615, 9.817457108654104 ], [ 1.28430897686756, 9.812822018638713 ], [ 1.2861377636465, 9.800612788800679 ], [ 1.302922596487027, 9.786342455010809 ], [ 1.30027323353821, 9.78106678102673 ], [ 1.283280173718256, 9.77834020397728 ], [ 1.208659170683367, 9.780772273661039 ], [ 1.217478301027704, 9.801536910299136 ], [ 1.223795257277426, 9.807943499750182 ], [ 1.225717149484701, 9.813400712564944 ], [ 1.224399005902693, 9.81636184550127 ] ] ] } },
{ "type": "Feature", "properties": { "region": "Kara", "prefecture": "Binah", "commune": "Binah 1", "canton": "Boufalé", "population": 3963, "FRI": 0.0614, "classe_fri": "Tres faible", "rwi_min": -0.497, "urban_ratio": 0.0, "infrastructure_documentee": false, "WUI": 0.2723, "priorite": "Surveillance" }, "geometry": { "type": "Polygon", "coordinates": [ [ [ 1.35507080313471, 9.876953481233132 ], [ 1.359941186758853, 9.823151091646169 ], [ 1.322763154281782, 9.806563406325296 ], [ 1.313935220013908, 9.823138690627719 ], [ 1.297030571530637, 9.826813620662156 ], [ 1.28833684203488, 9.825317209790542 ], [ 1.281770416058333, 9.82062725551395 ], [ 1.28430897686756, 9.812822018638713 ], [ 1.254994352551615, 9.817457108654104 ], [ 1.224399005902693, 9.81636184550127 ], [ 1.229442567663052, 9.831731026417033 ], [ 1.23798949227407, 9.845410333105713 ], [ 1.238488059677829, 9.85472829236029 ], [ 1.246942004448826, 9.867353182655545 ], [ 1.250110197732749, 9.861024829880865 ], [ 1.253651218527428, 9.857364366806816 ], [ 1.255808669925103, 9.857923087838707 ], [ 1.27955060854029, 9.873459301481841 ], [ 1.288646475835727, 9.889541783227275 ], [ 1.323815115397869, 9.876628465000671 ], [ 1.343533704706611, 9.879374861780073 ], [ 1.35507080313471, 9.876953481233132 ] ] ] } },
{ "type": "Feature", "properties": { "region": "Kara", "prefecture": "Binah", "commune": "Binah 1", "canton": "Pitikita", "population": 3739, "FRI": 0.0601, "classe_fri": "Tres faible", "rwi_min": -0.503, "urban_ratio": 0.0, "infrastructure_documentee": false, "WUI": 0.2719, "priorite": "Surveillance" }, "geometry": { "type": "Polygon", "coordinates": [ [ [ 1.30027323353821, 9.78106678102673 ], [ 1.299516142566523, 9.753172887004892 ], [ 1.284229305749559, 9.744380976979068 ], [ 1.258539145546111, 9.748864724194663 ], [ 1.2263507253741, 9.74425584892383 ], [ 1.211727406338533, 9.731322862865351 ], [ 1.199082604158972, 9.750208062721846 ], [ 1.191598210042483, 9.756387047660404 ], [ 1.193488505230191, 9.759968998510763 ], [ 1.201553957441753, 9.763225462981747 ], [ 1.207300082426056, 9.772037422193197 ], [ 1.208659170683367, 9.780772273661039 ], [ 1.270363122058471, 9.777591191845042 ], [ 1.30027323353821, 9.78106678102673 ] ] ] } },
{ "type": "Feature", "properties": { "region": "Kara", "prefecture": "Binah", "commune": "Binah 1", "canton": "Lama-Dessi", "population": 7139, "FRI": 0.0671, "classe_fri": "Tres faible", "rwi_min": -0.598, "urban_ratio": 0.0, "infrastructure_documentee": false, "WUI": 0.2857, "priorite": "Surveillance" }, "geometry": { "type": "Polygon", "coordinates": [ [ [ 1.284229305749559, 9.744380976979068 ], [ 1.295010751928705, 9.724440983766064 ], [ 1.310811864603425, 9.716487570811996 ], [ 1.294675657997562, 9.678594437295187 ], [ 1.2744990650635, 9.69300744561238 ], [ 1.271386428166518, 9.691241223056142 ], [ 1.261270615797128, 9.692795498237404 ], [ 1.250788837028124, 9.699969138814446 ], [ 1.248100695430586, 9.705621001006778 ], [ 1.231953208943114, 9.709886870917662 ], [ 1.211727406338533, 9.731322862865351 ], [ 1.2263507253741, 9.74425584892383 ], [ 1.258539145546111, 9.748864724194663 ], [ 1.284229305749559, 9.744380976979068 ] ] ] } },
{ "type": "Feature", "properties": { "region": "Kara", "prefecture": "Binah", "commune": "Binah 1", "canton": "Pagouda", "population": 16463, "FRI": 0.0828, "classe_fri": "Tres faible", "rwi_min": -0.654, "urban_ratio": 0.0, "infrastructure_documentee": true, "WUI": 0.2062, "priorite": "Surveillance" }, "geometry": { "type": "Polygon", "coordinates": [ [ [ 1.359915963260867, 9.823140243014871 ], [ 1.363598089014344, 9.803697726466995 ], [ 1.358329111328295, 9.760084676043379 ], [ 1.360385394228442, 9.682325935265247 ], [ 1.357758281501543, 9.685052566820687 ], [ 1.347066846691537, 9.687650092079354 ], [ 1.33362222195444, 9.680962948611157 ], [ 1.315869017678967, 9.683610578118666 ], [ 1.294675657997562, 9.678594437295187 ], [ 1.310811864603425, 9.716487570811996 ], [ 1.295010751928705, 9.724440983766064 ], [ 1.284229305749559, 9.744380976979068 ], [ 1.299516142566523, 9.753172887004892 ], [ 1.30027323353821, 9.78106678102673 ], [ 1.302922596487027, 9.786342455010809 ], [ 1.2861377636465, 9.800612788800679 ], [ 1.281770416058333, 9.82062725551395 ], [ 1.28833684203488, 9.825317209790542 ], [ 1.297030571530637, 9.826813620662156 ], [ 1.313935220013908, 9.823138690627719 ], [ 1.322763154281782, 9.806563406325296 ], [ 1.359915963260867, 9.823140243014871 ] ] ] } },
{ "type": "Feature", "properties": { "region": "Kara", "prefecture": "Binah", "commune": "Binah 2", "canton": "Sirka", "population": 8385, "FRI": 0.1067, "classe_fri": "Faible", "rwi_min": -0.671, "urban_ratio": 0.0, "infrastructure_documentee": false, "WUI": 0.314, "priorite": "Moyenne" }, "geometry": { "type": "Polygon", "coordinates": [ [ [ 1.291916064969263, 9.61544786614443 ], [ 1.362484002557961, 9.601183164389692 ], [ 1.337856273143336, 9.551719993755615 ], [ 1.358780985498195, 9.50055499814083 ], [ 1.35954442889579, 9.482903603719205 ], [ 1.344474593009645, 9.48927939550752 ], [ 1.340249170875419, 9.485856497291975 ], [ 1.326860264147272, 9.493145597120879 ], [ 1.319765393203564, 9.510103211471668 ], [ 1.313093212011394, 9.517944895183389 ], [ 1.289365494319176, 9.52546710996638 ], [ 1.27793474811697, 9.520716516186162 ], [ 1.274601313854211, 9.523060943998367 ], [ 1.273797380165347, 9.531431726448458 ], [ 1.271778490553635, 9.531853694111355 ], [ 1.264078741901537, 9.524585874943931 ], [ 1.251740460077458, 9.536455527048025 ], [ 1.254169859993866, 9.541450557216676 ], [ 1.252384973151958, 9.546050932572548 ], [ 1.254599921037509, 9.554542471478127 ], [ 1.257672284154186, 9.554685194089995 ], [ 1.263174046438896, 9.560607859042932 ], [ 1.264749915723079, 9.571558443489838 ], [ 1.268902170154574, 9.573372879278056 ], [ 1.269759580435786, 9.580865366264486 ], [ 1.273903675134899, 9.585218206412041 ], [ 1.274410788134764, 9.598821530223985 ], [ 1.291916064969263, 9.61544786614443 ] ] ] } },
{ "type": "Feature", "properties": { "region": "Kara", "prefecture": "Binah", "commune": "Binah 2", "canton": "Kétao", "population": 14047, "FRI": 0.0723, "classe_fri": "Tres faible", "rwi_min": -0.596, "urban_ratio": 0.0, "infrastructure_documentee": false, "WUI": 0.2941, "priorite": "Surveillance" }, "geometry": { "type": "Polygon", "coordinates": [ [ [ 1.294675657997562, 9.678594437295187 ], [ 1.315869017678967, 9.683610578118666 ], [ 1.33362222195444, 9.680962948611157 ], [ 1.3409899134207, 9.653655635837332 ], [ 1.338329441975495, 9.606067617250771 ], [ 1.291916064969263, 9.61544786614443 ], [ 1.295006037256593, 9.621680867724599 ], [ 1.29214397840993, 9.625099256595263 ], [ 1.288392642106401, 9.646491041093197 ], [ 1.291877839441892, 9.664874918261628 ], [ 1.296567381918517, 9.672591402294085 ], [ 1.294675657997562, 9.678594437295187 ] ] ] } },
{ "type": "Feature", "properties": { "region": "Kara", "prefecture": "Binah", "commune": "Binah 2", "canton": "Kémérida", "population": 5700, "FRI": 0.0631, "classe_fri": "Tres faible", "rwi_min": -0.573, "urban_ratio": 0.0, "infrastructure_documentee": true, "WUI": 0.1805, "priorite": "Surveillance" }, "geometry": { "type": "Polygon", "coordinates": [ [ [ 1.33362222195444, 9.680962948611157 ], [ 1.347066846691537, 9.687650092079354 ], [ 1.357758281501543, 9.685052566820687 ], [ 1.360385394228442, 9.682325935265247 ], [ 1.359057170420538, 9.67675182429824 ], [ 1.362345192353799, 9.67349589397641 ], [ 1.366009443286339, 9.662229517919446 ], [ 1.36217493166966, 9.652902990666052 ], [ 1.362484002557961, 9.601183164389692 ], [ 1.338329441975495, 9.606067617250771 ], [ 1.3409899134207, 9.653655635837332 ], [ 1.33362222195444, 9.680962948611157 ] ] ] } },
{ "type": "Feature", "properties": { "region": "Kara", "prefecture": "Dankpen", "commune": "Dankpen 1", "canton": "Naompoch", "population": 12702, "FRI": 0.1141, "classe_fri": "Faible", "rwi_min": -0.757, "urban_ratio": 0.0, "infrastructure_documentee": true, "WUI": 0.2282, "priorite": "Surveillance" }, "geometry": { "type": "Polygon", "coordinates": [ [ [ 0.661847716714132, 9.889471965242905 ], [ 0.674299192960507, 9.899731479445592 ], [ 0.68141224194782, 9.896534759494365 ], [ 0.676320100586917, 9.867207765344117 ], [ 0.681041454784047, 9.861112116606664 ], [ 0.701200683465255, 9.856899866374238 ], [ 0.703555440701835, 9.845795544524238 ], [ 0.72553605325745, 9.818013200464694 ], [ 0.72514162004787, 9.812714740309223 ], [ 0.719911865279509, 9.809262942112806 ], [ 0.718684149132655, 9.77962217655363 ], [ 0.702589207337905, 9.786083877429803 ], [ 0.697082672406254, 9.78540597658438 ], [ 0.678036375900765, 9.769047699190864 ], [ 0.633876784896098, 9.742863828757924 ], [ 0.602868265811707, 9.744782557929845 ], [ 0.601959803673717, 9.77548085428829 ], [ 0.604835816135929, 9.782675525382013 ], [ 0.60585504846663, 9.808647196153753 ], [ 0.595201837768754, 9.829069873318971 ], [ 0.620345333696143, 9.853546905519902 ], [ 0.627751394699325, 9.871706083506909 ], [ 0.622281626113855, 9.88491836350231 ], [ 0.62592722807792, 9.89391095099421 ], [ 0.635546478452251, 9.899569726113731 ], [ 0.645068965818798, 9.901842317895246 ], [ 0.652623760721766, 9.888506938555629 ], [ 0.661847716714132, 9.889471965242905 ] ] ] } },
{ "type": "Feature", "properties": { "region": "Kara", "prefecture": "Dankpen", "commune": "Dankpen 1", "canton": "Katchamba", "population": 9918, "FRI": 0.0779, "classe_fri": "Tres faible", "rwi_min": -0.664, "urban_ratio": 0.0, "infrastructure_documentee": false, "WUI": 0.2989, "priorite": "Surveillance" }, "geometry": { "type": "Polygon", "coordinates": [ [ [ 0.506428312218463, 9.953093762706059 ], [ 0.518033942478348, 9.955619697563307 ], [ 0.530440799531135, 9.955339278627564 ], [ 0.536408689533955, 9.952752861404514 ], [ 0.535283123739932, 9.944291473379138 ], [ 0.526440958054789, 9.939823413078241 ], [ 0.519741315792076, 9.930039888339246 ], [ 0.519290832367841, 9.925455909147828 ], [ 0.515743912070767, 9.922925672488294 ], [ 0.517826961079628, 9.920395486986175 ], [ 0.537700877874906, 9.917302998477926 ], [ 0.543460410518446, 9.912502536194216 ], [ 0.546556836853376, 9.898726870577315 ], [ 0.555965992792845, 9.89160579213816 ], [ 0.566427740501612, 9.887331829104712 ], [ 0.606029967615132, 9.894744430914839 ], [ 0.62235720647899, 9.885755064729755 ], [ 0.627751394699325, 9.871706083506909 ], [ 0.620345333696143, 9.853546905519902 ], [ 0.595201837768754, 9.829069873318971 ], [ 0.589641567676898, 9.84383364230624 ], [ 0.539600948051251, 9.822849822926479 ], [ 0.519309637346993, 9.851620840240098 ], [ 0.507671271519569, 9.857698125849373 ], [ 0.495110507668751, 9.859264334307273 ], [ 0.494788183552641, 9.870284193594982 ], [ 0.499667070255786, 9.888927958349713 ], [ 0.480281799687402, 9.891864699679298 ], [ 0.462592226556603, 9.890338609100244 ], [ 0.471109178223048, 9.91905463188653 ], [ 0.436016892010099, 9.943320357063635 ], [ 0.436217080890117, 9.968891661542829 ], [ 0.448196734964399, 9.971425892509473 ], [ 0.453371556358854, 9.969097403987123 ], [ 0.452518483814199, 9.957625479823259 ], [ 0.46913351753451, 9.951123589469136 ], [ 0.486586466952444, 9.957870803399119 ], [ 0.495335254108637, 9.953869489465708 ], [ 0.506428312218463, 9.953093762706059 ] ] ] } },
{ "type": "Feature", "properties": { "region": "Kara", "prefecture": "Dankpen", "commune": "Dankpen 1", "canton": "Guérin-Kouka", "population": 52458, "FRI": 0.189, "classe_fri": "Moyen", "rwi_min": -0.67, "urban_ratio": 0.0, "infrastructure_documentee": false, "WUI": 0.3951, "priorite": "Critique" }, "geometry": { "type": "Polygon", "coordinates": [ [ [ 0.603261812183209, 9.761995341626735 ], [ 0.602868265811707, 9.744782557929845 ], [ 0.633876784896098, 9.742863828757924 ], [ 0.677707513163449, 9.768852736659911 ], [ 0.689065669610657, 9.749221218383726 ], [ 0.689419199728462, 9.73538645381298 ], [ 0.679550835941583, 9.693124936450234 ], [ 0.705583143765877, 9.688175228216233 ], [ 0.723899801283007, 9.678388933213961 ], [ 0.700620176531063, 9.658105176684515 ], [ 0.691677325054026, 9.638131175463828 ], [ 0.656678525572978, 9.633813002885045 ], [ 0.644052357940847, 9.628748594679779 ], [ 0.627944015034537, 9.626386116624778 ], [ 0.619287821765969, 9.651454983372627 ], [ 0.584208890391801, 9.64599535203461 ], [ 0.551380225688585, 9.659986481493268 ], [ 0.505637461423149, 9.675539540729025 ], [ 0.461727894889988, 9.669291891737455 ], [ 0.431837714176017, 9.673217766268984 ], [ 0.406365662466835, 9.67338757772615 ], [ 0.398791424289692, 9.68216951299987 ], [ 0.395718394711737, 9.693468815706648 ], [ 0.408522406679055, 9.691967559094531 ], [ 0.431143850293964, 9.70161897772698 ], [ 0.462430735905004, 9.702918894398131 ], [ 0.480978980092386, 9.698552143222473 ], [ 0.507825530919327, 9.718897049557846 ], [ 0.516642204650295, 9.738280210039674 ], [ 0.533822741570327, 9.741486406536701 ], [ 0.548772788429309, 9.755698529251706 ], [ 0.573805494874458, 9.772026921340181 ], [ 0.580957775382793, 9.774389137258055 ], [ 0.603261812183209, 9.761995341626735 ] ] ] } },
{ "type": "Feature", "properties": { "region": "Kara", "prefecture": "Dankpen", "commune": "Dankpen 1", "canton": "Koulféikou", "population": 16261, "FRI": 0.0849, "classe_fri": "Tres faible", "rwi_min": -0.907, "urban_ratio": 0.0, "infrastructure_documentee": false, "WUI": 0.3264, "priorite": "Elevee" }, "geometry": { "type": "Polygon", "coordinates": [ [ [ 0.373217312778924, 10.027240568447663 ], [ 0.392618482591714, 10.026007644114598 ], [ 0.402657152640829, 10.019911672736626 ], [ 0.4109829416265, 10.021860484564018 ], [ 0.411730074379204, 10.024817703233236 ], [ 0.415974471622198, 10.02484936017545 ], [ 0.419391313577388, 10.028722916628301 ], [ 0.427056240807489, 10.027892839515022 ], [ 0.428353309581449, 10.019357269664594 ], [ 0.432416698705754, 10.012716885689256 ], [ 0.426321666527986, 10.010134500146222 ], [ 0.433063111614498, 9.997591504051398 ], [ 0.42912044016532, 9.981290756662244 ], [ 0.430303159680137, 9.969479533585092 ], [ 0.432395546493696, 9.967571545419288 ], [ 0.436217080890117, 9.968891661542829 ], [ 0.436016892010099, 9.943320357063635 ], [ 0.471109178223048, 9.91905463188653 ], [ 0.462592226556603, 9.890338609100244 ], [ 0.439434147292742, 9.888119116311437 ], [ 0.426752081275405, 9.889799994573069 ], [ 0.428538553110932, 9.87523656401105 ], [ 0.355292676087514, 9.867909725970112 ], [ 0.351573472718587, 9.881249435562903 ], [ 0.351252515963634, 9.901980697587634 ], [ 0.354857722409969, 9.92145248844885 ], [ 0.361207458832626, 9.930290012658624 ], [ 0.378344013829879, 9.93431328996993 ], [ 0.387462594354347, 9.938897520644748 ], [ 0.386722933753693, 9.950293500244729 ], [ 0.369927022211114, 9.96461156386566 ], [ 0.357931517032699, 9.994646236052578 ], [ 0.364611443661162, 10.015216514994504 ], [ 0.360820068121977, 10.026050223373799 ], [ 0.361634741312571, 10.031956833638366 ], [ 0.365845645839997, 10.033999113411303 ], [ 0.373217312778924, 10.027240568447663 ] ] ] } },
{ "type": "Feature", "properties": { "region": "Kara", "prefecture": "Dankpen", "commune": "Dankpen 2", "canton": "Namon", "population": 8473, "FRI": 0.088, "classe_fri": "Tres faible", "rwi_min": -0.876, "urban_ratio": 0.0, "infrastructure_documentee": false, "WUI": 0.3194, "priorite": "Moyenne" }, "geometry": { "type": "Polygon", "coordinates": [ [ [ 0.878620417736256, 9.679125356774811 ], [ 0.857644728843717, 9.661491466284806 ], [ 0.85289729473138, 9.653221672015832 ], [ 0.796521924226109, 9.658112832946022 ], [ 0.756725328283567, 9.746573903222771 ], [ 0.778395546343876, 9.751854113149824 ], [ 0.859827099883026, 9.753524782171972 ], [ 0.868421612307939, 9.74744031644228 ], [ 0.872283961773751, 9.739297008972443 ], [ 0.872272061500689, 9.735099464165334 ], [ 0.866878540438037, 9.733098749489868 ], [ 0.862948953301545, 9.727558289344087 ], [ 0.864336200390183, 9.716213812463861 ], [ 0.876239840003202, 9.699234650246769 ], [ 0.873017068339897, 9.683477895439385 ], [ 0.878620417736256, 9.679125356774811 ] ] ] } },
{ "type": "Feature", "properties": { "region": "Kara", "prefecture": "Dankpen", "commune": "Dankpen 2", "canton": "Natchiboré", "population": 14028, "FRI": 0.1022, "classe_fri": "Faible", "rwi_min": -0.73, "urban_ratio": 0.0, "infrastructure_documentee": false, "WUI": 0.3206, "priorite": "Moyenne" }, "geometry": { "type": "Polygon", "coordinates": [ [ [ 0.701200683465255, 9.856899866374238 ], [ 0.706982046540893, 9.861089063716408 ], [ 0.725884129018573, 9.851968176733683 ], [ 0.742767650949126, 9.850676637317966 ], [ 0.745713268816214, 9.8457975330987 ], [ 0.748084145936824, 9.846156283889702 ], [ 0.749952097840218, 9.847591317167911 ], [ 0.746216200234993, 9.858354061253742 ], [ 0.748515232702552, 9.862946169260796 ], [ 0.757600740878646, 9.859025104843532 ], [ 0.761121132700655, 9.859886123431114 ], [ 0.763276472176058, 9.864334727449636 ], [ 0.761264831506197, 9.873375430724691 ], [ 0.774939291200294, 9.882819633622377 ], [ 0.773358704401163, 9.897959236109957 ], [ 0.781692693851859, 9.895591420397954 ], [ 0.793618925036009, 9.900111766676869 ], [ 0.810286872104992, 9.882245605753843 ], [ 0.81905194289782, 9.885617938975606 ], [ 0.827648451302289, 9.883171783415461 ], [ 0.836413524070082, 9.89221248220829 ], [ 0.838784400719047, 9.892140735388304 ], [ 0.840436811024204, 9.886902867852761 ], [ 0.848986340693735, 9.886113589835416 ], [ 0.849425942171925, 9.8829387501501 ], [ 0.84167119381836, 9.877974714126372 ], [ 0.844755159712313, 9.869019081507501 ], [ 0.850070838583652, 9.864336763443179 ], [ 0.845705840663245, 9.856423583729326 ], [ 0.84767129205267, 9.848490374416771 ], [ 0.836922510866739, 9.847000556400292 ], [ 0.836493344154965, 9.844476602012465 ], [ 0.84111863492469, 9.843857525514595 ], [ 0.836108452452761, 9.832976387347573 ], [ 0.840308373826855, 9.825804960464851 ], [ 0.847985395730555, 9.826376414650099 ], [ 0.863434856738834, 9.818756941307129 ], [ 0.866602232798825, 9.814867238649175 ], [ 0.863072130314961, 9.798132705700477 ], [ 0.858685247571817, 9.792989574032291 ], [ 0.862930008692773, 9.783056187362916 ], [ 0.86202402201481, 9.779913158556463 ], [ 0.85424597988689, 9.772886742408264 ], [ 0.859827099883026, 9.753524782171972 ], [ 0.778395546343876, 9.751854113149824 ], [ 0.735638981705985, 9.744152481202146 ], [ 0.733967375276888, 9.755800807653362 ], [ 0.741928923190783, 9.762687067813053 ], [ 0.739945813015689, 9.775828175708686 ], [ 0.718684149132655, 9.77962217655363 ], [ 0.719911865279509, 9.809262942112806 ], [ 0.72514162004787, 9.812714740309223 ], [ 0.72553605325745, 9.818013200464694 ], [ 0.703555440701835, 9.845795544524238 ], [ 0.701200683465255, 9.856899866374238 ] ] ] } },
{ "type": "Feature", "properties": { "region": "Kara", "prefecture": "Dankpen", "commune": "Dankpen 2", "canton": "Natchitikpi", "population": 8206, "FRI": 0.1102, "classe_fri": "Faible", "rwi_min": -0.846, "urban_ratio": 0.0, "infrastructure_documentee": false, "WUI": 0.3291, "priorite": "Elevee" }, "geometry": { "type": "Polygon", "coordinates": [ [ [ 0.796521924226109, 9.658112832946022 ], [ 0.763640566580632, 9.657124519375056 ], [ 0.705583143765877, 9.688175228216233 ], [ 0.679550835941583, 9.693124936450234 ], [ 0.689419199728462, 9.73538645381298 ], [ 0.689065669610657, 9.749221218383726 ], [ 0.677707513163449, 9.768852736659911 ], [ 0.697082672406254, 9.78540597658438 ], [ 0.702589207337905, 9.786083877429803 ], [ 0.718684149132655, 9.77962217655363 ], [ 0.739945813015689, 9.775828175708686 ], [ 0.741928923190783, 9.762687067813053 ], [ 0.733967375276888, 9.755800807653362 ], [ 0.735638981705985, 9.744152481202146 ], [ 0.756725328283567, 9.746573903222771 ], [ 0.796521924226109, 9.658112832946022 ] ] ] } },
{ "type": "Feature", "properties": { "region": "Kara", "prefecture": "Dankpen", "commune": "Dankpen 2", "canton": "Koutchitchéou", "population": 8614, "FRI": 0.1461, "classe_fri": "Faible", "rwi_min": -0.592, "urban_ratio": 0.0, "infrastructure_documentee": false, "WUI": 0.3298, "priorite": "Elevee" }, "geometry": { "type": "Polygon", "coordinates": [ [ [ 0.656678525572978, 9.633813002885045 ], [ 0.691677325054026, 9.638131175463828 ], [ 0.700620176531063, 9.658105176684515 ], [ 0.723899801283007, 9.678388933213961 ], [ 0.763640566580632, 9.657124519375056 ], [ 0.796521924226109, 9.658112832946022 ], [ 0.85289729473138, 9.653221672015832 ], [ 0.850137020044882, 9.641864495323492 ], [ 0.844727069202418, 9.63591023749539 ], [ 0.835342536909596, 9.635028115431535 ], [ 0.830815901861391, 9.639328406068316 ], [ 0.822866607315777, 9.6420850071505 ], [ 0.820879186457076, 9.64043103734546 ], [ 0.812342868832289, 9.630018450150178 ], [ 0.80424425122049, 9.603769121887149 ], [ 0.786587449190087, 9.594052967073145 ], [ 0.773465833604161, 9.59251429437191 ], [ 0.75966409456334, 9.600868129895632 ], [ 0.740956019116344, 9.592721238852333 ], [ 0.73740100974554, 9.587569746810098 ], [ 0.717104505015051, 9.589907372158098 ], [ 0.700424126455537, 9.586533203982331 ], [ 0.696556895853172, 9.582315880252693 ], [ 0.685914926289389, 9.580048337445024 ], [ 0.661196767899308, 9.589030372347255 ], [ 0.655309474578908, 9.594146787207819 ], [ 0.651619183569006, 9.601055978735594 ], [ 0.663797717446074, 9.61032485011053 ], [ 0.665826006310411, 9.61934717381739 ], [ 0.656678525572978, 9.633813002885045 ] ] ] } },
{ "type": "Feature", "properties": { "region": "Kara", "prefecture": "Dankpen", "commune": "Dankpen 3", "canton": "Nawaré", "population": 21207, "FRI": 0.1337, "classe_fri": "Faible", "rwi_min": -0.618, "urban_ratio": 0.0, "infrastructure_documentee": false, "WUI": 0.3353, "priorite": "Elevee" }, "geometry": { "type": "Polygon", "coordinates": [ [ [ 0.505637461423149, 9.675539540729025 ], [ 0.551380225688585, 9.659986481493268 ], [ 0.584208890391801, 9.64599535203461 ], [ 0.619287821765969, 9.651454983372627 ], [ 0.627944015034537, 9.626386116624778 ], [ 0.644052357940847, 9.628748594679779 ], [ 0.656678525572978, 9.633813002885045 ], [ 0.665826006310411, 9.61934717381739 ], [ 0.663797717446074, 9.61032485011053 ], [ 0.651619183569006, 9.601055978735594 ], [ 0.657954373498571, 9.591616210515525 ], [ 0.668241296168144, 9.586186218723423 ], [ 0.661372017837608, 9.580267503036261 ], [ 0.658403249470028, 9.573782178591365 ], [ 0.664337662474286, 9.561049880986003 ], [ 0.606378390805416, 9.548940132305743 ], [ 0.598156054015984, 9.543990326746313 ], [ 0.587078215525302, 9.542078772544512 ], [ 0.579551744069007, 9.543372091653856 ], [ 0.560786909001962, 9.580878074054569 ], [ 0.536412968751137, 9.582602081318774 ], [ 0.516942291095718, 9.566936692766971 ], [ 0.500434207928151, 9.603559690586705 ], [ 0.482983735426788, 9.605566470575864 ], [ 0.451547011251417, 9.593484530304822 ], [ 0.430967822489248, 9.598784098918447 ], [ 0.406201957904622, 9.62064264944434 ], [ 0.420814920671399, 9.646351094085354 ], [ 0.431837714176017, 9.673217766268984 ], [ 0.461727894889988, 9.669291891737455 ], [ 0.505637461423149, 9.675539540729025 ] ] ] } },
{ "type": "Feature", "properties": { "region": "Kara", "prefecture": "Dankpen", "commune": "Dankpen 3", "canton": "Bapuré", "population": 24312, "FRI": 0.1683, "classe_fri": "Faible", "rwi_min": -0.748, "urban_ratio": 0.0, "infrastructure_documentee": false, "WUI": 0.3667, "priorite": "Elevee" }, "geometry": { "type": "Polygon", "coordinates": [ [ [ 0.579551744069007, 9.543372091653856 ], [ 0.587078215525302, 9.542078772544512 ], [ 0.598156054015984, 9.543990326746313 ], [ 0.606378390805416, 9.548940132305743 ], [ 0.664337662474286, 9.561049880986003 ], [ 0.681154646294719, 9.534196479040009 ], [ 0.685335899825721, 9.517338155055597 ], [ 0.685219862422884, 9.505862869383455 ], [ 0.658284568951781, 9.476918459402807 ], [ 0.645865865922521, 9.467413684889689 ], [ 0.631560362080348, 9.45833037421936 ], [ 0.610291566236685, 9.449258783471276 ], [ 0.572663146514288, 9.425101469582035 ], [ 0.556647786624959, 9.412026621967279 ], [ 0.554754906507232, 9.423021717948625 ], [ 0.551816088774985, 9.424250592261162 ], [ 0.548553413498323, 9.422309668774574 ], [ 0.538221741582274, 9.425698428893341 ], [ 0.535779698880423, 9.429550126851854 ], [ 0.531885816858925, 9.42872839798776 ], [ 0.531891984131412, 9.431285880535439 ], [ 0.524569198009883, 9.431586314770042 ], [ 0.522370958910095, 9.437970948420874 ], [ 0.519317595336708, 9.440024530157915 ], [ 0.508552242348759, 9.436539935563005 ], [ 0.503694242310452, 9.439996758919815 ], [ 0.50255198083826, 9.437180832768078 ], [ 0.500041876781789, 9.437920413149213 ], [ 0.498302477546181, 9.441473558586949 ], [ 0.4997701080623, 9.4436389692088 ], [ 0.495298801851327, 9.445692837514734 ], [ 0.496927286218928, 9.449315690584266 ], [ 0.494500612732229, 9.451920719208873 ], [ 0.498679875456959, 9.454031535963088 ], [ 0.49787480704356, 9.45652420521076 ], [ 0.50272858024218, 9.457262732026866 ], [ 0.505242031523924, 9.462790276481812 ], [ 0.505001233489592, 9.467967347333119 ], [ 0.500153433361924, 9.471905637660837 ], [ 0.502888404732428, 9.474549012257118 ], [ 0.493832023210055, 9.480919184797298 ], [ 0.49160075942302, 9.485522541391756 ], [ 0.479091445847203, 9.485145305969864 ], [ 0.473624155416755, 9.489261147618274 ], [ 0.473785081835305, 9.514609655526751 ], [ 0.48111400001898, 9.523347199654983 ], [ 0.501735166008887, 9.517379601706509 ], [ 0.51414608281075, 9.522116449200393 ], [ 0.55516618122901, 9.523996701231962 ], [ 0.561524904068334, 9.533811362089992 ], [ 0.540002050017429, 9.548492551482527 ], [ 0.535156925071537, 9.558058692250432 ], [ 0.516942291095718, 9.566936692766971 ], [ 0.536412968751137, 9.582602081318774 ], [ 0.560786909001962, 9.580878074054569 ], [ 0.579551744069007, 9.543372091653856 ] ] ] } },
{ "type": "Feature", "properties": { "region": "Kara", "prefecture": "Dankpen", "commune": "Dankpen 3", "canton": "Nandouta", "population": 20903, "FRI": 0.0867, "classe_fri": "Tres faible", "rwi_min": -0.741, "urban_ratio": 0.0, "infrastructure_documentee": false, "WUI": 0.3186, "priorite": "Moyenne" }, "geometry": { "type": "Polygon", "coordinates": [ [ [ 0.395718394711737, 9.693468815706648 ], [ 0.398791424289692, 9.68216951299987 ], [ 0.406365662466835, 9.67338757772615 ], [ 0.431837714176017, 9.673217766268984 ], [ 0.420814920671399, 9.646351094085354 ], [ 0.406201957904622, 9.62064264944434 ], [ 0.430967822489248, 9.598784098918447 ], [ 0.451547011251417, 9.593484530304822 ], [ 0.482983735426788, 9.605566470575864 ], [ 0.500434207928151, 9.603559690586705 ], [ 0.516942291095718, 9.566936692766971 ], [ 0.535156925071537, 9.558058692250432 ], [ 0.540002050017429, 9.548492551482527 ], [ 0.561524904068334, 9.533811362089992 ], [ 0.55516618122901, 9.523996701231962 ], [ 0.51414608281075, 9.522116449200393 ], [ 0.501735166008887, 9.517379601706509 ], [ 0.48111400001898, 9.523347199654983 ], [ 0.473785081835305, 9.514609655526751 ], [ 0.473774771015397, 9.489747352186129 ], [ 0.472126920679264, 9.48925240028778 ], [ 0.463046067930522, 9.490600653085085 ], [ 0.463759949238383, 9.495619182419874 ], [ 0.458973755907162, 9.494964809776246 ], [ 0.456802332644681, 9.497656570858613 ], [ 0.449060531093546, 9.499248215451455 ], [ 0.445090934208782, 9.49772439221254 ], [ 0.44570856845457, 9.495611903264322 ], [ 0.441602182418419, 9.496533498643569 ], [ 0.437801394994117, 9.494098021524687 ], [ 0.434306833310133, 9.496571402962495 ], [ 0.431094278699298, 9.494587549838457 ], [ 0.42488414823939, 9.495839557386136 ], [ 0.421160510414167, 9.499949688793011 ], [ 0.412195861176832, 9.500248220655836 ], [ 0.415154248435505, 9.496475371314416 ], [ 0.407714156062587, 9.498395405435666 ], [ 0.407674265497278, 9.493908227327481 ], [ 0.401752518547454, 9.496191612991325 ], [ 0.400343190373026, 9.493185659638382 ], [ 0.389027357364739, 9.491315142359086 ], [ 0.387044902744514, 9.493117656946463 ], [ 0.382212960052895, 9.491680028503154 ], [ 0.37748308456705, 9.494661473652682 ], [ 0.376240694197865, 9.492998584391911 ], [ 0.359645098259415, 9.498921509196492 ], [ 0.354987326328559, 9.493808149347371 ], [ 0.350574113923198, 9.49316843066971 ], [ 0.350284889803042, 9.490090955408082 ], [ 0.343648976901552, 9.48832849461289 ], [ 0.350708232199494, 9.475108395679023 ], [ 0.347651399481348, 9.470656119583301 ], [ 0.344939255507648, 9.472259293284926 ], [ 0.341396277844387, 9.45772680670869 ], [ 0.336797259912541, 9.454043729956274 ], [ 0.338747689578051, 9.451566553246238 ], [ 0.333731876615484, 9.45251872501392 ], [ 0.331389237729651, 9.448041910222688 ], [ 0.329706167972677, 9.451382781727618 ], [ 0.326933762991646, 9.446821281699531 ], [ 0.321729732817126, 9.448850644591305 ], [ 0.320188793658526, 9.446026258582569 ], [ 0.312613256319577, 9.446048078179361 ], [ 0.304510090049853, 9.441413729516718 ], [ 0.304828366158798, 9.438511764658193 ], [ 0.299563390081147, 9.438163209113702 ], [ 0.299492450750284, 9.435721800684878 ], [ 0.289477160487911, 9.434206016902969 ], [ 0.285231270615199, 9.429674787375584 ], [ 0.276832298110422, 9.430305576815311 ], [ 0.275838951265476, 9.427334026181049 ], [ 0.269868812051339, 9.426771041350133 ], [ 0.268553670654795, 9.424662752080513 ], [ 0.265982021666849, 9.429207763804868 ], [ 0.260802470433553, 9.428600931508226 ], [ 0.25855275380652, 9.430746516870252 ], [ 0.258990293776815, 9.434295832942135 ], [ 0.246928874636338, 9.43788958918778 ], [ 0.247221783711675, 9.444006139524731 ], [ 0.229703281478571, 9.462500664844331 ], [ 0.2272789122112, 9.477976959198323 ], [ 0.22867259603051, 9.4853954768798 ], [ 0.237510296485362, 9.486018847366816 ], [ 0.255619435345729, 9.477458842387213 ], [ 0.270367370198863, 9.478920826572301 ], [ 0.27541316976531, 9.487641627489079 ], [ 0.287032676076325, 9.487238690707191 ], [ 0.30891901125034, 9.501690299818781 ], [ 0.310967579104936, 9.508723773889969 ], [ 0.304980065478471, 9.516789115147457 ], [ 0.288190546333581, 9.524514696259409 ], [ 0.28156122552982, 9.524974454266365 ], [ 0.255764416717418, 9.519047581076947 ], [ 0.244046091043023, 9.523470367506045 ], [ 0.236289055463654, 9.540181065009103 ], [ 0.235628507813275, 9.549335055485138 ], [ 0.239556790481849, 9.56180245840541 ], [ 0.23932650668585, 9.57285316102389 ], [ 0.242495287391074, 9.575318796825162 ], [ 0.24882875857223, 9.575090683970199 ], [ 0.267631899902743, 9.566746601688202 ], [ 0.289702310074195, 9.576463255152571 ], [ 0.317511327839717, 9.575421920455994 ], [ 0.33394455479427, 9.578845377664456 ], [ 0.345461907263779, 9.572478786324558 ], [ 0.352359005582675, 9.572319459755931 ], [ 0.365715790711881, 9.57602697268916 ], [ 0.377764196013864, 9.582846071716807 ], [ 0.383556727274111, 9.592147277450794 ], [ 0.373935585455067, 9.606495409385532 ], [ 0.371456116051831, 9.617895823213535 ], [ 0.379220869921809, 9.630486004232072 ], [ 0.379460497950404, 9.644278225931345 ], [ 0.377439229292308, 9.643113850865745 ], [ 0.375350921288967, 9.646546402228173 ], [ 0.375831463868033, 9.653304406628418 ], [ 0.369192602197368, 9.652152829384562 ], [ 0.36989803241908, 9.655323765744553 ], [ 0.367536571212494, 9.655342868569868 ], [ 0.366824430839794, 9.660617604673446 ], [ 0.364870719783858, 9.660928296383959 ], [ 0.366935188818995, 9.664595497750486 ], [ 0.368642159907311, 9.663451375393199 ], [ 0.36826548818321, 9.665870897267782 ], [ 0.362026517081632, 9.669835055386358 ], [ 0.362948004341516, 9.67354385337687 ], [ 0.353165260816678, 9.677003068902017 ], [ 0.351098227141567, 9.675847829230422 ], [ 0.351489065402034, 9.694132607955277 ], [ 0.36879445731016, 9.699662165845801 ], [ 0.376317510240222, 9.69840845286169 ], [ 0.381061043593015, 9.701769735796734 ], [ 0.385278850743443, 9.701153350799501 ], [ 0.384615383149855, 9.695918067066673 ], [ 0.395718394711737, 9.693468815706648 ] ] ] } },
{ "type": "Feature", "properties": { "region": "Kara", "prefecture": "Dankpen", "commune": "Dankpen 3", "canton": "Kidjabou", "population": 29834, "FRI": 0.1872, "classe_fri": "Moyen", "rwi_min": -0.852, "urban_ratio": 0.0, "infrastructure_documentee": false, "WUI": 0.3895, "priorite": "Critique" }, "geometry": { "type": "Polygon", "coordinates": [ [ [ 0.589641567676898, 9.84383364230624 ], [ 0.60585504846663, 9.808647196153753 ], [ 0.604835816135929, 9.782675525382013 ], [ 0.601959803673717, 9.77548085428829 ], [ 0.603261812183209, 9.761995341626735 ], [ 0.580957775382793, 9.774389137258055 ], [ 0.573805494874458, 9.772026921340181 ], [ 0.548772788429309, 9.755698529251706 ], [ 0.533822741570327, 9.741486406536701 ], [ 0.516642204650295, 9.738280210039674 ], [ 0.507825530919327, 9.718897049557846 ], [ 0.480978980092386, 9.698552143222473 ], [ 0.462430735905004, 9.702918894398131 ], [ 0.431143850293964, 9.70161897772698 ], [ 0.408522406679055, 9.691967559094531 ], [ 0.390097207418674, 9.69323345600843 ], [ 0.384615383149855, 9.695918067066673 ], [ 0.385278850743443, 9.701153350799501 ], [ 0.381061043593015, 9.701769735796734 ], [ 0.376317510240222, 9.69840845286169 ], [ 0.36879445731016, 9.699662165845801 ], [ 0.351476317209198, 9.694167930644159 ], [ 0.344419393294683, 9.717476763835613 ], [ 0.336357574446737, 9.722129421458297 ], [ 0.324087640330117, 9.72298200401856 ], [ 0.319473987554763, 9.726858865104962 ], [ 0.329771908630843, 9.758160505101909 ], [ 0.325703457683252, 9.772904526587041 ], [ 0.334111187263241, 9.775184102694805 ], [ 0.335906514598868, 9.779716681751898 ], [ 0.330897967286327, 9.789436026516105 ], [ 0.331003718010151, 9.795966353743355 ], [ 0.339370986667031, 9.803948418607705 ], [ 0.338790523195315, 9.813597955353842 ], [ 0.351286063834148, 9.827892436473201 ], [ 0.357657673501275, 9.84793643145613 ], [ 0.355292676087514, 9.867909725970112 ], [ 0.428538553110932, 9.87523656401105 ], [ 0.426752081275405, 9.889799994573069 ], [ 0.439434147292742, 9.888119116311437 ], [ 0.480281799687402, 9.891864699679298 ], [ 0.499667070255786, 9.888927958349713 ], [ 0.494788183552641, 9.870284193594982 ], [ 0.495110507668751, 9.859264334307273 ], [ 0.507671271519569, 9.857698125849373 ], [ 0.519309637346993, 9.851620840240098 ], [ 0.539600948051251, 9.822849822926479 ], [ 0.589641567676898, 9.84383364230624 ] ] ] } },
{ "type": "Feature", "properties": { "region": "Kara", "prefecture": "Doufelgou", "commune": "Doufelgou 1", "canton": "Siou", "population": 10670, "FRI": 0.0709, "classe_fri": "Tres faible", "rwi_min": -0.658, "urban_ratio": 0.0, "infrastructure_documentee": false, "WUI": 0.2952, "priorite": "Surveillance" }, "geometry": { "type": "Polygon", "coordinates": [ [ [ 1.193488505230191, 9.759968998510763 ], [ 1.191598210042483, 9.756387047660404 ], [ 1.183216748586011, 9.786423082818871 ], [ 1.162364085990964, 9.78897138066838 ], [ 1.160097594223534, 9.83326339626346 ], [ 1.176765867166132, 9.855799795908863 ], [ 1.239109268711588, 9.84871016349415 ], [ 1.229442567663052, 9.831731026417033 ], [ 1.224286184978511, 9.817388523239265 ], [ 1.225717149484701, 9.813400712564944 ], [ 1.223795257277426, 9.807943499750182 ], [ 1.216000849017866, 9.798881072715266 ], [ 1.207300082426056, 9.772037422193197 ], [ 1.201553957441753, 9.763225462981747 ], [ 1.193488505230191, 9.759968998510763 ] ] ] } },
{ "type": "Feature", "properties": { "region": "Kara", "prefecture": "Doufelgou", "commune": "Doufelgou 1", "canton": "Agbandè-Yaka", "population": 4911, "FRI": 0.0647, "classe_fri": "Tres faible", "rwi_min": -0.928, "urban_ratio": 0.0, "infrastructure_documentee": false, "WUI": 0.3077, "priorite": "Moyenne" }, "geometry": { "type": "Polygon", "coordinates": [ [ [ 1.026845769847175, 9.720086736083097 ], [ 1.057920872863279, 9.757189956729835 ], [ 1.110550936076063, 9.743276507115228 ], [ 1.161650678490266, 9.724373706957675 ], [ 1.158995951025008, 9.718965888318666 ], [ 1.149984378121221, 9.713465924671059 ], [ 1.151612440384296, 9.707723157536176 ], [ 1.146526499366934, 9.703473106581491 ], [ 1.144752235829888, 9.69436860918009 ], [ 1.141871143621348, 9.69332421790847 ], [ 1.134346087086693, 9.696123001294611 ], [ 1.129156416952205, 9.693790680102282 ], [ 1.123240126782032, 9.69456809966937 ], [ 1.115834600260547, 9.684162942735664 ], [ 1.104958760302872, 9.674745797605373 ], [ 1.096043662352572, 9.673928948965839 ], [ 1.08696500944569, 9.661186234625896 ], [ 1.078213468892279, 9.659879266645534 ], [ 1.072406345452398, 9.666414042790647 ], [ 1.067907939846175, 9.66445362060673 ], [ 1.066026708445585, 9.658572355232739 ], [ 1.063818363070854, 9.658327295793873 ], [ 1.057193454382327, 9.662411474553661 ], [ 1.055148665069317, 9.668211071839911 ], [ 1.048932584716402, 9.666332317741148 ], [ 1.048441913909354, 9.658899081583979 ], [ 1.038954170944903, 9.656530208287951 ], [ 1.026845769847175, 9.720086736083097 ] ] ] } },
{ "type": "Feature", "properties": { "region": "Kara", "prefecture": "Doufelgou", "commune": "Doufelgou 1", "canton": "Niamtougou", "population": 16106, "FRI": 0.1372, "classe_fri": "Faible", "rwi_min": -0.719, "urban_ratio": 0.0, "infrastructure_documentee": false, "WUI": 0.3407, "priorite": "Elevee" }, "geometry": { "type": "Polygon", "coordinates": [ [ [ 1.113517711788633, 9.784380449600164 ], [ 1.121664873526434, 9.766416729831542 ], [ 1.153058131568626, 9.755460692897547 ], [ 1.191598210042483, 9.756387047660404 ], [ 1.187313997800312, 9.751140874484024 ], [ 1.172626616176213, 9.744131857385247 ], [ 1.168290476536791, 9.731410883418135 ], [ 1.161650678490266, 9.724373706957675 ], [ 1.110550936076063, 9.743276507115228 ], [ 1.057920872863279, 9.757189956729835 ], [ 1.057018300168138, 9.785400465056417 ], [ 1.076129367967592, 9.778770996306084 ], [ 1.113517711788633, 9.784380449600164 ] ] ] } },
{ "type": "Feature", "properties": { "region": "Kara", "prefecture": "Doufelgou", "commune": "Doufelgou 1", "canton": "Ténéga", "population": 4171, "FRI": 0.0609, "classe_fri": "Tres faible", "rwi_min": -0.595, "urban_ratio": 0.0, "infrastructure_documentee": false, "WUI": 0.2797, "priorite": "Surveillance" }, "geometry": { "type": "Polygon", "coordinates": [ [ [ 1.092112701344606, 9.833378565439435 ], [ 1.117802732150626, 9.837575715018719 ], [ 1.140790455366561, 9.85765968853215 ], [ 1.15985121806822, 9.864280748705525 ], [ 1.176765867166132, 9.855799795908863 ], [ 1.160097594223534, 9.83326339626346 ], [ 1.161418603679706, 9.808878693977913 ], [ 1.127533053258561, 9.803695889371708 ], [ 1.10835340319015, 9.816268358315787 ], [ 1.114583898765408, 9.821877679303723 ], [ 1.092112701344606, 9.833378565439435 ] ] ] } },
{ "type": "Feature", "properties": { "region": "Kara", "prefecture": "Doufelgou", "commune": "Doufelgou 1", "canton": "Baga", "population": 7698, "FRI": 0.0677, "classe_fri": "Tres faible", "rwi_min": -0.757, "urban_ratio": 0.0, "infrastructure_documentee": false, "WUI": 0.2986, "priorite": "Surveillance" }, "geometry": { "type": "Polygon", "coordinates": [ [ [ 1.127533053258561, 9.803695889371708 ], [ 1.113517711788633, 9.784380449600164 ], [ 1.076129367967592, 9.778770996306084 ], [ 1.057018300168138, 9.785400465056417 ], [ 1.074811022334184, 9.814599640640726 ], [ 1.079273040889733, 9.831900233844648 ], [ 1.092112701344606, 9.833378565439435 ], [ 1.114583898765408, 9.821877679303723 ], [ 1.10835340319015, 9.816268358315787 ], [ 1.127533053258561, 9.803695889371708 ] ] ] } },
{ "type": "Feature", "properties": { "region": "Kara", "prefecture": "Doufelgou", "commune": "Doufelgou 1", "canton": "Pouda", "population": 3035, "FRI": 0.0585, "classe_fri": "Tres faible", "rwi_min": -0.622, "urban_ratio": 0.0, "infrastructure_documentee": false, "WUI": 0.2795, "priorite": "Surveillance" }, "geometry": { "type": "Polygon", "coordinates": [ [ [ 1.189032020544409, 9.914271131472242 ], [ 1.213716533626035, 9.91784557877212 ], [ 1.239359365063575, 9.908873919983639 ], [ 1.256644117492788, 9.918992422937915 ], [ 1.30293238958726, 9.928107247513793 ], [ 1.300626282516157, 9.907728647656084 ], [ 1.290246821252782, 9.895615165759088 ], [ 1.287814317169387, 9.88640917388388 ], [ 1.27955060854029, 9.873459301481841 ], [ 1.269940884756186, 9.865654839459079 ], [ 1.253651218527428, 9.857364366806816 ], [ 1.246942004448826, 9.867353182655545 ], [ 1.238488059677829, 9.85472829236029 ], [ 1.239109268711588, 9.84871016349415 ], [ 1.176765867166132, 9.855799795908863 ], [ 1.203176313472869, 9.882358623474406 ], [ 1.201419506566451, 9.901791322402142 ], [ 1.189032020544409, 9.914271131472242 ] ] ] } },
{ "type": "Feature", "properties": { "region": "Kara", "prefecture": "Doufelgou", "commune": "Doufelgou 1", "canton": "Massédéna", "population": 3132, "FRI": 0.0591, "classe_fri": "Tres faible", "rwi_min": -0.779, "urban_ratio": 0.0, "infrastructure_documentee": false, "WUI": 0.2918, "priorite": "Surveillance" }, "geometry": { "type": "Polygon", "coordinates": [ [ [ 1.282772284796947, 10.041356194962127 ], [ 1.333573210011238, 10.011824352687961 ], [ 1.319038531008335, 9.979699518342647 ], [ 1.30978622941938, 9.966606472788031 ], [ 1.30293238958726, 9.928107247513793 ], [ 1.256644117492788, 9.918992422937915 ], [ 1.239359365063575, 9.908873919983639 ], [ 1.213716533626035, 9.91784557877212 ], [ 1.189032020544409, 9.914271131472242 ], [ 1.170830896238389, 9.93260503905738 ], [ 1.198462756489407, 9.975322534793827 ], [ 1.203740358521028, 9.991723217691073 ], [ 1.192423803823345, 10.007235654049737 ], [ 1.202406631466145, 10.009736022667775 ], [ 1.205582272387641, 10.024211441001293 ], [ 1.215715991522323, 10.034166131510833 ], [ 1.218955464057613, 10.041715116001246 ], [ 1.226763404349141, 10.040636683267861 ], [ 1.228009382952922, 10.032755889967959 ], [ 1.250881527307026, 10.034661242817469 ], [ 1.263167017051575, 10.026238679119006 ], [ 1.269570266309918, 10.027874601176231 ], [ 1.282772284796947, 10.041356194962127 ] ] ] } },
{ "type": "Feature", "properties": { "region": "Kara", "prefecture": "Doufelgou", "commune": "Doufelgou 1", "canton": "Koka", "population": 4422, "FRI": 0.0915, "classe_fri": "Tres faible", "rwi_min": -0.328, "urban_ratio": 0.0, "infrastructure_documentee": false, "WUI": 0.2764, "priorite": "Surveillance" }, "geometry": { "type": "Polygon", "coordinates": [ [ [ 1.113517711788633, 9.784380449600164 ], [ 1.127533053258561, 9.803695889371708 ], [ 1.161418603679706, 9.808878693977913 ], [ 1.162364085990964, 9.78897138066838 ], [ 1.183216748586011, 9.786423082818871 ], [ 1.191598210042483, 9.756387047660404 ], [ 1.153058131568626, 9.755460692897547 ], [ 1.121664873526434, 9.766416729831542 ], [ 1.113517711788633, 9.784380449600164 ] ] ] } },
{ "type": "Feature", "properties": { "region": "Kara", "prefecture": "Doufelgou", "commune": "Doufelgou 2", "canton": "Léon", "population": 1669, "FRI": 0.0623, "classe_fri": "Tres faible", "rwi_min": -0.849, "urban_ratio": 0.0, "infrastructure_documentee": false, "WUI": 0.2977, "priorite": "Surveillance" }, "geometry": { "type": "Polygon", "coordinates": [ [ [ 1.026845769847175, 9.720086736083097 ], [ 1.038954170944903, 9.656530208287951 ], [ 1.028766487090552, 9.649802638066777 ], [ 1.022529298649392, 9.650823823843666 ], [ 1.017467831134384, 9.648015577722171 ], [ 1.006578261837215, 9.649394187059961 ], [ 1.000942725146206, 9.644052154093066 ], [ 0.989300896806438, 9.642940064680557 ], [ 0.981784645977419, 9.636363496534061 ], [ 0.979000806432084, 9.639952600369364 ], [ 0.966599724945427, 9.641469144712783 ], [ 0.958344295905921, 9.646461583188064 ], [ 0.946687185273476, 9.641568894274533 ], [ 0.930806208973114, 9.648160277639429 ], [ 0.923264705697383, 9.644642141883038 ], [ 0.920170587451529, 9.647389786037488 ], [ 0.92100305369678, 9.654861517056792 ], [ 0.91699287352237, 9.66140086280585 ], [ 0.909015242600257, 9.662701644546678 ], [ 0.903805359815161, 9.660506578446331 ], [ 0.901170110110804, 9.673609041693911 ], [ 0.878620417736256, 9.679125356774811 ], [ 0.910422547531539, 9.72446282431584 ], [ 0.916964189207637, 9.728665566837297 ], [ 0.952647681421629, 9.710962722307169 ], [ 0.997830702310473, 9.721185070206896 ], [ 1.026845769847175, 9.720086736083097 ] ] ] } },
{ "type": "Feature", "properties": { "region": "Kara", "prefecture": "Doufelgou", "commune": "Doufelgou 2", "canton": "Alloum", "population": 4205, "FRI": 0.0697, "classe_fri": "Tres faible", "rwi_min": -0.808, "urban_ratio": 0.0, "infrastructure_documentee": false, "WUI": 0.3007, "priorite": "Moyenne" }, "geometry": { "type": "Polygon", "coordinates": [ [ [ 1.057920872863279, 9.757189956729835 ], [ 1.026845769847175, 9.720086736083097 ], [ 0.997830702310473, 9.721185070206896 ], [ 0.952647681421629, 9.710962722307169 ], [ 0.916964189207637, 9.728665566837297 ], [ 0.910422547531539, 9.72446282431584 ], [ 0.878620417736256, 9.679125356774811 ], [ 0.873017068339897, 9.683477895439385 ], [ 0.876239840003202, 9.699234650246769 ], [ 0.864336200390183, 9.716213812463861 ], [ 0.862948953301545, 9.727558289344087 ], [ 0.866878540438037, 9.733098749489868 ], [ 0.872272061500689, 9.735099464165334 ], [ 0.872283961773751, 9.739297008972443 ], [ 0.868421612307939, 9.74744031644228 ], [ 0.859827099883026, 9.753524782171972 ], [ 0.972660708883975, 9.755935331125954 ], [ 1.011189501092243, 9.781683596854656 ], [ 1.057018300168138, 9.785400465056417 ], [ 1.057920872863279, 9.757189956729835 ] ] ] } },
{ "type": "Feature", "properties": { "region": "Kara", "prefecture": "Doufelgou", "commune": "Doufelgou 2", "canton": "Kadjalla", "population": 3555, "FRI": 0.0678, "classe_fri": "Tres faible", "rwi_min": -0.78, "urban_ratio": 0.0, "infrastructure_documentee": false, "WUI": 0.297, "priorite": "Surveillance" }, "geometry": { "type": "Polygon", "coordinates": [ [ [ 0.966703593747737, 9.867601848921316 ], [ 1.007947133762573, 9.834757176432525 ], [ 1.040188431428426, 9.78403622338646 ], [ 1.011189501092243, 9.781683596854656 ], [ 0.972660708883975, 9.755935331125954 ], [ 0.859827099883026, 9.753524782171972 ], [ 0.85424597988689, 9.772886742408264 ], [ 0.86202402201481, 9.779913158556463 ], [ 0.862930008692773, 9.783056187362916 ], [ 0.858685247571817, 9.792989574032291 ], [ 0.863072130314961, 9.798132705700477 ], [ 0.866602232798825, 9.814867238649175 ], [ 0.863434856738834, 9.818756941307129 ], [ 0.847985395730555, 9.826376414650099 ], [ 0.840308373826855, 9.825804960464851 ], [ 0.836919072937788, 9.830166711298284 ], [ 0.836680636928188, 9.836548018097435 ], [ 0.84111863492469, 9.843857525514595 ], [ 0.836493344154965, 9.844476602012465 ], [ 0.836922510866739, 9.847000556400292 ], [ 0.84767129205267, 9.848490374416771 ], [ 0.845705840663245, 9.856423583729326 ], [ 0.850070838583652, 9.864336763443179 ], [ 0.844755159712313, 9.869019081507501 ], [ 0.84167119381836, 9.877974714126372 ], [ 0.849425942171925, 9.8829387501501 ], [ 0.851935419166584, 9.87967666206816 ], [ 0.856682601614152, 9.879729014449307 ], [ 0.868591702330131, 9.890164738503602 ], [ 0.881514104083355, 9.890103278583606 ], [ 0.885158915488783, 9.874910062697918 ], [ 0.8989856695511, 9.8654502507736 ], [ 0.929330218130196, 9.86517445756669 ], [ 0.936215296184665, 9.861294616097773 ], [ 0.942638774408403, 9.866442115685921 ], [ 0.953933548021, 9.865681139208156 ], [ 0.957087590288079, 9.863107388323431 ], [ 0.966703593747737, 9.867601848921316 ] ] ] } },
{ "type": "Feature", "properties": { "region": "Kara", "prefecture": "Doufelgou", "commune": "Doufelgou 2", "canton": "Tchoré", "population": 919, "FRI": 0.0527, "classe_fri": "Tres faible", "rwi_min": -0.716, "urban_ratio": 0.0, "infrastructure_documentee": false, "WUI": 0.2817, "priorite": "Surveillance" }, "geometry": { "type": "Polygon", "coordinates": [ [ [ 1.05730438745179, 9.863235106035688 ], [ 1.079273040889733, 9.831900233844648 ], [ 1.074811022334184, 9.814599640640726 ], [ 1.057018300168138, 9.785400465056417 ], [ 1.040188431428426, 9.78403622338646 ], [ 1.007947133762573, 9.834757176432525 ], [ 0.966703593747737, 9.867601848921316 ], [ 0.986457345875301, 9.884457286983519 ], [ 0.989072905693334, 9.879732343680489 ], [ 1.005802916490875, 9.870157011781371 ], [ 1.007525148713031, 9.861021783528972 ], [ 1.012053529053437, 9.858333550755964 ], [ 1.040099356978138, 9.851779939944057 ], [ 1.050741633599742, 9.856444675659514 ], [ 1.05730438745179, 9.863235106035688 ] ] ] } },
{ "type": "Feature", "properties": { "region": "Kara", "prefecture": "Doufelgou", "commune": "Doufelgou 2", "canton": "Défalé", "population": 7784, "FRI": 0.0678, "classe_fri": "Tres faible", "rwi_min": -0.645, "urban_ratio": 0.0, "infrastructure_documentee": false, "WUI": 0.2902, "priorite": "Surveillance" }, "geometry": { "type": "Polygon", "coordinates": [ [ [ 1.170830896238389, 9.93260503905738 ], [ 1.146103597950368, 9.925101780329255 ], [ 1.12645776969516, 9.895318984277267 ], [ 1.120573640429394, 9.895695424384972 ], [ 1.112841004132513, 9.876415567376252 ], [ 1.120781652792723, 9.872699624267883 ], [ 1.113042307150943, 9.854647672382479 ], [ 1.117802732150626, 9.837575715018719 ], [ 1.079273040889733, 9.831900233844648 ], [ 1.05730438745179, 9.863235106035688 ], [ 1.072989865919149, 9.888869396441267 ], [ 1.080148488434485, 9.907194961111017 ], [ 1.091929193474434, 9.924207094530967 ], [ 1.10056527935639, 9.944972277641405 ], [ 1.098895536897449, 9.957172256131072 ], [ 1.104304750897379, 9.966672195869627 ], [ 1.108256837053205, 9.982528643022519 ], [ 1.10578162102197, 9.999189693737083 ], [ 1.111608889625107, 9.997172633326464 ], [ 1.110185182952897, 9.994692639180423 ], [ 1.112745212133367, 9.99094404296407 ], [ 1.124366669037085, 9.988695511035562 ], [ 1.131130838584959, 9.991089580471947 ], [ 1.131509845011015, 9.999802594154145 ], [ 1.134250924151281, 10.002291263027466 ], [ 1.149866833272807, 10.004531077494464 ], [ 1.153687747938515, 10.000715116571563 ], [ 1.152026505112012, 9.99076041625715 ], [ 1.156013534446757, 9.979644355373486 ], [ 1.163655361011389, 9.985617163895023 ], [ 1.171226998637198, 9.997332543552355 ], [ 1.178219956284114, 10.00341968847078 ], [ 1.180628809003587, 10.003419688813949 ], [ 1.181542503893115, 9.998857128219047 ], [ 1.188270637708348, 9.998857130042703 ], [ 1.192423803823345, 10.007235654049737 ], [ 1.203740358521028, 9.991723217691073 ], [ 1.198462756489407, 9.975322534793827 ], [ 1.170830896238389, 9.93260503905738 ] ] ] } },
{ "type": "Feature", "properties": { "region": "Kara", "prefecture": "Doufelgou", "commune": "Doufelgou 2", "canton": "Kpaha", "population": 1743, "FRI": 0.0553, "classe_fri": "Tres faible", "rwi_min": -0.62, "urban_ratio": 0.0, "infrastructure_documentee": false, "WUI": 0.2765, "priorite": "Surveillance" }, "geometry": { "type": "Polygon", "coordinates": [ [ [ 1.170830896238389, 9.93260503905738 ], [ 1.201419506566451, 9.901791322402142 ], [ 1.203176313472869, 9.882358623474406 ], [ 1.176765867166132, 9.855799795908863 ], [ 1.15985121806822, 9.864280748705525 ], [ 1.140790455366561, 9.85765968853215 ], [ 1.117802732150626, 9.837575715018719 ], [ 1.113042307150943, 9.854647672382479 ], [ 1.120781652792723, 9.872699624267883 ], [ 1.112841004132513, 9.876415567376252 ], [ 1.120573640429394, 9.895695424384972 ], [ 1.12645776969516, 9.895318984277267 ], [ 1.146103597950368, 9.925101780329255 ], [ 1.170830896238389, 9.93260503905738 ] ] ] } },
{ "type": "Feature", "properties": { "region": "Kara", "prefecture": "Kéran", "commune": "Kéran 1", "canton": "Kantè", "population": 27944, "FRI": 0.09, "classe_fri": "Tres faible", "rwi_min": -0.831, "urban_ratio": 0.0, "infrastructure_documentee": false, "WUI": 0.333, "priorite": "Elevee" }, "geometry": { "type": "Polygon", "coordinates": [ [ [ 1.054281031395538, 10.084872832005505 ], [ 1.060437492250737, 10.072726237887085 ], [ 1.073842354180359, 10.069879467952857 ], [ 1.077536070774053, 10.06027658318737 ], [ 1.121883118026799, 10.029398171689559 ], [ 1.124765944203655, 10.02298933106772 ], [ 1.132968492904504, 10.02001423462638 ], [ 1.137365452065501, 10.00416511391248 ], [ 1.131509845011015, 9.999802594154145 ], [ 1.131130838584959, 9.991089580471947 ], [ 1.124366669037085, 9.988695511035562 ], [ 1.112745212133367, 9.99094404296407 ], [ 1.110185182952897, 9.994692639180423 ], [ 1.111608889625107, 9.997172633326464 ], [ 1.10578162102197, 9.999189693737083 ], [ 1.108256837053205, 9.982528643022519 ], [ 1.104304750897379, 9.966672195869627 ], [ 1.098895536897449, 9.957172256131072 ], [ 1.101097403309873, 9.947806546196677 ], [ 1.095831348908192, 9.93217846429315 ], [ 1.080148488434485, 9.907194961111017 ], [ 1.072989865919149, 9.888869396441267 ], [ 1.05730438745179, 9.863235106035688 ], [ 1.045479626863515, 9.853610406363309 ], [ 1.034165835595968, 9.851720270379342 ], [ 1.008443709485448, 9.860104433981487 ], [ 1.005802916490875, 9.870157011781371 ], [ 0.989072905693334, 9.879732343680489 ], [ 0.986457345875301, 9.884457286983519 ], [ 1.004189744894229, 9.92137955281086 ], [ 1.01927948093398, 9.92672306538833 ], [ 1.03399786325404, 9.936634415811138 ], [ 1.020265133514034, 9.970512375813215 ], [ 1.048175212573401, 10.087633455145101 ], [ 1.054281031395538, 10.084872832005505 ] ] ] } },
{ "type": "Feature", "properties": { "region": "Kara", "prefecture": "Kéran", "commune": "Kéran 1", "canton": "Pessidè", "population": 15573, "FRI": 0.0836, "classe_fri": "Tres faible", "rwi_min": -0.838, "urban_ratio": 0.0, "infrastructure_documentee": false, "WUI": 0.3199, "priorite": "Moyenne" }, "geometry": { "type": "Polygon", "coordinates": [ [ [ 0.967522469260159, 10.156617894442373 ], [ 1.006241088641567, 10.138647914621806 ], [ 1.037105579951217, 10.132084801959573 ], [ 1.041703805688533, 10.106055644973869 ], [ 1.054281031395538, 10.084872832005505 ], [ 1.048175212573401, 10.087633455145101 ], [ 1.020265133514034, 9.970512375813215 ], [ 1.03399786325404, 9.936634415811138 ], [ 1.01927948093398, 9.92672306538833 ], [ 1.004189744894229, 9.92137955281086 ], [ 0.991949731043736, 9.922160763740079 ], [ 0.978550875788555, 9.929256292312576 ], [ 0.958698199675931, 9.934880957243905 ], [ 0.953330662978321, 9.95278804636664 ], [ 0.943490736561577, 9.95543996609219 ], [ 0.925419391634685, 9.965237720923231 ], [ 0.922580170317123, 9.964536654565425 ], [ 0.917364545344762, 9.971679939640707 ], [ 0.896590237688489, 9.986157256774792 ], [ 0.88782236675959, 9.996096431277536 ], [ 0.874660069602532, 10.005836357213951 ], [ 0.860329732416197, 10.009588482790798 ], [ 0.817793091944758, 10.0126941967949 ], [ 0.817828891204957, 10.043679889902915 ], [ 0.812480475669822, 10.066814810241588 ], [ 0.792074520413844, 10.088973472887805 ], [ 0.7751806322646, 10.101416395008885 ], [ 0.754320798098658, 10.132366533495473 ], [ 0.748363581846328, 10.133649709798183 ], [ 0.742362974771981, 10.148698081039505 ], [ 0.745580488163072, 10.152077697660456 ], [ 0.745210334407729, 10.156021925590595 ], [ 0.737681886019173, 10.161075387630275 ], [ 0.740520469079798, 10.1651428871675 ], [ 0.749711818588898, 10.162131225366352 ], [ 0.75286209101559, 10.165882405911901 ], [ 0.752999206882592, 10.171105740190715 ], [ 0.759663604085647, 10.178192974646693 ], [ 0.783016572815947, 10.170596666311358 ], [ 0.783078225321284, 10.179594381267831 ], [ 0.792766344125831, 10.182059469653643 ], [ 0.795666702901078, 10.174972260399812 ], [ 0.803750383794165, 10.1712129666652 ], [ 0.805388705787801, 10.159992684039153 ], [ 0.817730326821555, 10.158143867157882 ], [ 0.824394786932056, 10.16689506122772 ], [ 0.839081279559131, 10.168250833268274 ], [ 0.844758316077554, 10.171702023751635 ], [ 0.847967184571898, 10.181316017729408 ], [ 0.85271780835698, 10.18099178037458 ], [ 0.858648991197848, 10.184603672532926 ], [ 0.867313797981784, 10.179197615611512 ], [ 0.871353594077988, 10.168118985879449 ], [ 0.871321101555916, 10.160003617870469 ], [ 0.878938051367051, 10.15552558439132 ], [ 0.882842745551385, 10.138636996038159 ], [ 0.923403541676399, 10.132574532244387 ], [ 0.960233715471437, 10.143739958246398 ], [ 0.967522469260159, 10.156617894442373 ] ] ] } },
{ "type": "Feature", "properties": { "region": "Kara", "prefecture": "Kéran", "commune": "Kéran 1", "canton": "Akpontè", "population": 5760, "FRI": 0.0729, "classe_fri": "Tres faible", "rwi_min": -0.981, "urban_ratio": 0.0, "infrastructure_documentee": false, "WUI": 0.3169, "priorite": "Moyenne" }, "geometry": { "type": "Polygon", "coordinates": [ [ [ 0.960233715471437, 10.143739958246398 ], [ 0.923403541676399, 10.132574532244387 ], [ 0.882842745551385, 10.138636996038159 ], [ 0.878938051367051, 10.15552558439132 ], [ 0.871321101555916, 10.160003617870469 ], [ 0.871353594077988, 10.168118985879449 ], [ 0.867313797981784, 10.179197615611512 ], [ 0.858648991197848, 10.184603672532926 ], [ 0.858647842351991, 10.192860135736872 ], [ 0.871599958839151, 10.223001721105531 ], [ 0.877606221963578, 10.231729982709204 ], [ 0.921339088446929, 10.276233082541491 ], [ 0.99551713911534, 10.222106883496746 ], [ 0.971837563983717, 10.193538170352667 ], [ 0.96118776810556, 10.159557261766281 ], [ 0.967522469260159, 10.156617894442373 ], [ 0.960233715471437, 10.143739958246398 ] ] ] } },
{ "type": "Feature", "properties": { "region": "Kara", "prefecture": "Kéran", "commune": "Kéran 2", "canton": "Hélota", "population": 12947, "FRI": 0.089, "classe_fri": "Tres faible", "rwi_min": -0.708, "urban_ratio": 0.0, "infrastructure_documentee": false, "WUI": 0.3108, "priorite": "Moyenne" }, "geometry": { "type": "Polygon", "coordinates": [ [ [ 0.797193368936412, 10.013267647890508 ], [ 0.816780794353943, 9.983731636934731 ], [ 0.814195838369681, 9.960525634932308 ], [ 0.810070573593672, 9.947128365250457 ], [ 0.816649119833623, 9.934218895911107 ], [ 0.804366166220043, 9.927662376555658 ], [ 0.803020756207636, 9.90822497222881 ], [ 0.793618925036009, 9.900111766676869 ], [ 0.781692693851859, 9.895591420397954 ], [ 0.772352881685639, 9.89709821642499 ], [ 0.774939291200294, 9.882819633622377 ], [ 0.761264831506197, 9.873375430724691 ], [ 0.763276472176058, 9.864334727449636 ], [ 0.761121132700655, 9.859886123431114 ], [ 0.757600740878646, 9.859025104843532 ], [ 0.748515232702552, 9.862946169260796 ], [ 0.746216200234993, 9.858354061253742 ], [ 0.749952097840218, 9.847591317167911 ], [ 0.745713268816214, 9.8457975330987 ], [ 0.742767650949126, 9.850676637317966 ], [ 0.725884129018573, 9.851968176733683 ], [ 0.706982046540893, 9.861089063716408 ], [ 0.701200683465255, 9.856899866374238 ], [ 0.681041454784047, 9.861112116606664 ], [ 0.676320100586917, 9.867207765344117 ], [ 0.6762486220833, 9.870920244545626 ], [ 0.68141224194782, 9.896534759494365 ], [ 0.674299192960507, 9.899731479445592 ], [ 0.661847716714132, 9.889471965242905 ], [ 0.657805440401527, 9.913809587946425 ], [ 0.657201119036295, 9.954513305005086 ], [ 0.67574407872365, 9.980795649624637 ], [ 0.685420946828922, 9.985844005811062 ], [ 0.694423626477254, 9.985591679254716 ], [ 0.696970336158098, 9.993741061768858 ], [ 0.693911509610167, 10.006407892105816 ], [ 0.697351758128153, 10.013034113429008 ], [ 0.69618738857126, 10.024803148532278 ], [ 0.713651578512779, 10.025028203165409 ], [ 0.755929071526518, 10.037433071524699 ], [ 0.797193368936412, 10.013267647890508 ] ] ] } },
{ "type": "Feature", "properties": { "region": "Kara", "prefecture": "Kéran", "commune": "Kéran 2", "canton": "Ossacré", "population": 10088, "FRI": 0.0708, "classe_fri": "Tres faible", "rwi_min": -0.586, "urban_ratio": 0.0, "infrastructure_documentee": false, "WUI": 0.2892, "priorite": "Surveillance" }, "geometry": { "type": "Polygon", "coordinates": [ [ [ 0.742362974771981, 10.148698081039505 ], [ 0.748363581846328, 10.133649709798183 ], [ 0.754320798098658, 10.132366533495473 ], [ 0.757187165632001, 10.129268404125034 ], [ 0.756993331152624, 10.126149370953391 ], [ 0.7751806322646, 10.101416395008885 ], [ 0.792074520413844, 10.088973472887805 ], [ 0.812480475669822, 10.066814810241588 ], [ 0.817828891204957, 10.043679889902915 ], [ 0.817841988400369, 10.012757768363084 ], [ 0.806935859968222, 9.998577853316778 ], [ 0.797193368936412, 10.013267647890508 ], [ 0.755929071526518, 10.037433071524699 ], [ 0.713651578512779, 10.025028203165409 ], [ 0.69618738857126, 10.024803148532278 ], [ 0.684760473829183, 10.028587418396819 ], [ 0.690148984096752, 10.071311631791572 ], [ 0.72111287480021, 10.120816980787469 ], [ 0.742362974771981, 10.148698081039505 ] ] ] } },
{ "type": "Feature", "properties": { "region": "Kara", "prefecture": "Kéran", "commune": "Kéran 2", "canton": "Ataloté", "population": 10200, "FRI": 0.0791, "classe_fri": "Tres faible", "rwi_min": -0.859, "urban_ratio": 0.0, "infrastructure_documentee": false, "WUI": 0.3146, "priorite": "Moyenne" }, "geometry": { "type": "Polygon", "coordinates": [ [ [ 0.817793091944758, 10.0126941967949 ], [ 0.860329732416197, 10.009588482790798 ], [ 0.874660069602532, 10.005836357213951 ], [ 0.88782236675959, 9.996096431277536 ], [ 0.896590237688489, 9.986157256774792 ], [ 0.917364545344762, 9.971679939640707 ], [ 0.922580170317123, 9.964536654565425 ], [ 0.925419391634685, 9.965237720923231 ], [ 0.943490736561577, 9.95543996609219 ], [ 0.953330662978321, 9.95278804636664 ], [ 0.958698199675931, 9.934880957243905 ], [ 0.978550875788555, 9.929256292312576 ], [ 0.991949731043736, 9.922160763740079 ], [ 1.004189744894229, 9.92137955281086 ], [ 0.986457345875301, 9.884457286983519 ], [ 0.960010845993086, 9.863529945125697 ], [ 0.942638774408403, 9.866442115685921 ], [ 0.936215296184665, 9.861294616097773 ], [ 0.929330218130196, 9.86517445756669 ], [ 0.8989856695511, 9.8654502507736 ], [ 0.885158915488783, 9.874910062697918 ], [ 0.881514104083355, 9.890103278583606 ], [ 0.868591702330131, 9.890164738503602 ], [ 0.856682601614152, 9.879729014449307 ], [ 0.851935419166584, 9.87967666206816 ], [ 0.848986340693735, 9.886113589835416 ], [ 0.840436811024204, 9.886902867852761 ], [ 0.838784400719047, 9.892140735388304 ], [ 0.836413524070082, 9.89221248220829 ], [ 0.827648451302289, 9.883171783415461 ], [ 0.81905194289782, 9.885617938975606 ], [ 0.808059688496859, 9.882819620803335 ], [ 0.806622818183712, 9.888129246509362 ], [ 0.793618925036009, 9.900111766676869 ], [ 0.803020756207636, 9.90822497222881 ], [ 0.804366166220043, 9.927662376555658 ], [ 0.816649119833623, 9.934218895911107 ], [ 0.810070573593672, 9.947128365250457 ], [ 0.814195838369681, 9.960525634932308 ], [ 0.816780794353943, 9.983731636934731 ], [ 0.806935859968222, 9.998577853316778 ], [ 0.817793091944758, 10.0126941967949 ] ] ] } },
{ "type": "Feature", "properties": { "region": "Kara", "prefecture": "Kéran", "commune": "Kéran 3", "canton": "Nadoba", "population": 21353, "FRI": 0.0948, "classe_fri": "Tres faible", "rwi_min": -0.539, "urban_ratio": 0.0, "infrastructure_documentee": false, "WUI": 0.308, "priorite": "Moyenne" }, "geometry": { "type": "Polygon", "coordinates": [ [ [ 1.129098989338336, 10.129197881235893 ], [ 1.125139182284252, 10.126008989155121 ], [ 1.10755256340321, 10.122356170393344 ], [ 1.103344513700547, 10.111780240068606 ], [ 1.106630020811409, 10.104355492894957 ], [ 1.101605624232163, 10.101551537131447 ], [ 1.0776866817707, 10.097116516038408 ], [ 1.060437492250737, 10.072726237887085 ], [ 1.041703805688533, 10.106055644973869 ], [ 1.037105579951217, 10.132084801959573 ], [ 1.006241088641567, 10.138647914621806 ], [ 0.96118776810556, 10.159557261766281 ], [ 0.971837563983717, 10.193538170352667 ], [ 0.99570895622305, 10.221966877997652 ], [ 1.089409746717964, 10.151123558994373 ], [ 1.129098989338336, 10.129197881235893 ] ] ] } },
{ "type": "Feature", "properties": { "region": "Kara", "prefecture": "Kéran", "commune": "Kéran 3", "canton": "Warengo", "population": 8856, "FRI": 0.089, "classe_fri": "Tres faible", "rwi_min": -0.739, "urban_ratio": 0.0, "infrastructure_documentee": false, "WUI": 0.3099, "priorite": "Moyenne" }, "geometry": { "type": "Polygon", "coordinates": [ [ [ 1.166690947073153, 10.075419938882005 ], [ 1.171406130223547, 10.053325900421724 ], [ 1.150765920384838, 10.036425188840729 ], [ 1.139793913165102, 10.017538419566526 ], [ 1.124765944203655, 10.02298933106772 ], [ 1.121883118026799, 10.029398171689559 ], [ 1.077536070774053, 10.06027658318737 ], [ 1.073842354180359, 10.069879467952857 ], [ 1.060437492250737, 10.072726237887085 ], [ 1.0776866817707, 10.097116516038408 ], [ 1.101605624232163, 10.101551537131447 ], [ 1.106630020811409, 10.104355492894957 ], [ 1.103344513700547, 10.111780240068606 ], [ 1.10755256340321, 10.122356170393344 ], [ 1.125139182284252, 10.126008989155121 ], [ 1.129098989338336, 10.129197881235893 ], [ 1.140586234599279, 10.122664381267304 ], [ 1.128464965073475, 10.115836687103194 ], [ 1.125132634262348, 10.11032704691106 ], [ 1.132481735993834, 10.105662500604115 ], [ 1.14112046595131, 10.103828828647188 ], [ 1.139746171112362, 10.095035920607717 ], [ 1.166690947073153, 10.075419938882005 ] ] ] } },
{ "type": "Feature", "properties": { "region": "Kara", "prefecture": "Kéran", "commune": "Kéran 3", "canton": "Koutougou", "population": 4675, "FRI": 0.0632, "classe_fri": "Tres faible", "rwi_min": -0.847, "urban_ratio": 0.0, "infrastructure_documentee": false, "WUI": 0.3005, "priorite": "Moyenne" }, "geometry": { "type": "Polygon", "coordinates": [ [ [ 1.140586234599279, 10.122664381267304 ], [ 1.282772284796947, 10.041356194962127 ], [ 1.269570266309918, 10.027874601176231 ], [ 1.263167017051575, 10.026238679119006 ], [ 1.250881527307026, 10.034661242817469 ], [ 1.228009382952922, 10.032755889967959 ], [ 1.226763404349141, 10.040636683267861 ], [ 1.218955464057613, 10.041715116001246 ], [ 1.215715991522323, 10.034166131510833 ], [ 1.205582272387641, 10.024211441001293 ], [ 1.202406631466145, 10.009736022667775 ], [ 1.192423803823345, 10.007235654049737 ], [ 1.188270637708348, 9.998857130042703 ], [ 1.181542503893115, 9.998857128219047 ], [ 1.180628809003587, 10.003419688813949 ], [ 1.178219956284114, 10.00341968847078 ], [ 1.171226998637198, 9.997332543552355 ], [ 1.163655361011389, 9.985617163895023 ], [ 1.154684516274353, 9.979976177610476 ], [ 1.152026505112012, 9.99076041625715 ], [ 1.153687747938515, 10.000715116571563 ], [ 1.149866833272807, 10.004531077494464 ], [ 1.136688069662334, 10.00253880023933 ], [ 1.132968492904504, 10.02001423462638 ], [ 1.139793913165102, 10.017538419566526 ], [ 1.150765920384838, 10.036425188840729 ], [ 1.171406130223547, 10.053325900421724 ], [ 1.166690947073153, 10.075419938882005 ], [ 1.139746171112362, 10.095035920607717 ], [ 1.14112046595131, 10.103828828647188 ], [ 1.132481735993834, 10.105662500604115 ], [ 1.125132634262348, 10.11032704691106 ], [ 1.128464965073475, 10.115836687103194 ], [ 1.140586234599279, 10.122664381267304 ] ] ] } },
{ "type": "Feature", "properties": { "region": "Kara", "prefecture": "Kozah", "commune": "Kozah 1", "canton": "Landa", "population": 9831, "FRI": 0.0687, "classe_fri": "Tres faible", "rwi_min": -0.534, "urban_ratio": 0.0, "infrastructure_documentee": false, "WUI": 0.284, "priorite": "Surveillance" }, "geometry": { "type": "Polygon", "coordinates": [ [ [ 1.248100695430586, 9.705621001006778 ], [ 1.250788837028124, 9.699969138814446 ], [ 1.261270615797128, 9.692795498237404 ], [ 1.271386428166518, 9.691241223056142 ], [ 1.2744990650635, 9.69300744561238 ], [ 1.278036071788258, 9.688697864433474 ], [ 1.287814282372063, 9.684859594162857 ], [ 1.291705081658624, 9.679207732714806 ], [ 1.294256987295487, 9.67998847849802 ], [ 1.296567381918517, 9.672591402294085 ], [ 1.291877839441892, 9.664874918261628 ], [ 1.292145775966012, 9.658695480797341 ], [ 1.262985459469598, 9.651711508179663 ], [ 1.216538534272247, 9.670826559099714 ], [ 1.211120816975283, 9.687196578367679 ], [ 1.224867509994858, 9.687626976803303 ], [ 1.248100695430586, 9.705621001006778 ] ] ] } },
{ "type": "Feature", "properties": { "region": "Kara", "prefecture": "Kozah", "commune": "Kozah 1", "canton": "Soumdina", "population": 6961, "FRI": 0.0657, "classe_fri": "Tres faible", "rwi_min": -0.531, "urban_ratio": 0.0, "infrastructure_documentee": false, "WUI": 0.2797, "priorite": "Surveillance" }, "geometry": { "type": "Polygon", "coordinates": [ [ [ 1.292145775966012, 9.658695480797341 ], [ 1.289376830940188, 9.654859514182794 ], [ 1.288392642106401, 9.646491041093197 ], [ 1.29214397840993, 9.625099256595263 ], [ 1.295006037256593, 9.621680867724599 ], [ 1.291916064969263, 9.61544786614443 ], [ 1.247755325958316, 9.620447608937686 ], [ 1.228782855545957, 9.634662409717933 ], [ 1.228541980581354, 9.647819273386984 ], [ 1.232819724317099, 9.663612127136087 ], [ 1.262985459469598, 9.651711508179663 ], [ 1.292145775966012, 9.658695480797341 ] ] ] } },
{ "type": "Feature", "properties": { "region": "Kara", "prefecture": "Kozah", "commune": "Kozah 1", "canton": "Lassa", "population": 16927, "FRI": 0.0998, "classe_fri": "Tres faible", "rwi_min": -0.472, "urban_ratio": 0.007, "infrastructure_documentee": false, "WUI": 0.3021, "priorite": "Moyenne" }, "geometry": { "type": "Polygon", "coordinates": [ [ [ 1.291916064969263, 9.61544786614443 ], [ 1.274410788134764, 9.598821530223985 ], [ 1.273903675134899, 9.585218206412041 ], [ 1.269759580435786, 9.580865366264486 ], [ 1.268902170154574, 9.573372879278056 ], [ 1.264749915723079, 9.571558443489838 ], [ 1.263174046438896, 9.560607859042932 ], [ 1.240418190344374, 9.565684096437177 ], [ 1.232444607517293, 9.576110332446685 ], [ 1.228005874668959, 9.577134358010387 ], [ 1.217286130979294, 9.589895724235463 ], [ 1.202683094459773, 9.600158661513076 ], [ 1.206096945674822, 9.605815506682944 ], [ 1.226330304664945, 9.613780549431494 ], [ 1.22000831024742, 9.629084871228516 ], [ 1.210773509557163, 9.633309183126961 ], [ 1.203257152384083, 9.646299878621605 ], [ 1.188087972658951, 9.657199508684094 ], [ 1.211120816975283, 9.687196578367679 ], [ 1.216538534272247, 9.670826559099714 ], [ 1.232819724317099, 9.663612127136087 ], [ 1.228541980581354, 9.647819273386984 ], [ 1.228782855545957, 9.634662409717933 ], [ 1.247755325958316, 9.620447608937686 ], [ 1.291916064969263, 9.61544786614443 ] ] ] } },
{ "type": "Feature", "properties": { "region": "Kara", "prefecture": "Kozah", "commune": "Kozah 1", "canton": "Kara", "population": 94805, "FRI": 0.4415, "classe_fri": "Tres eleve", "rwi_min": -0.584, "urban_ratio": 0.2526, "infrastructure_documentee": false, "WUI": 0.5616, "priorite": "Critique" }, "geometry": { "type": "Polygon", "coordinates": [ [ [ 1.202683094459773, 9.600158661513076 ], [ 1.217286130979294, 9.589895724235463 ], [ 1.228005874668959, 9.577134358010387 ], [ 1.232444607517293, 9.576110332446685 ], [ 1.240418190344374, 9.565684096437177 ], [ 1.263174046438896, 9.560607859042932 ], [ 1.257672284154186, 9.554685194089995 ], [ 1.254599921037509, 9.554542471478127 ], [ 1.252384973151958, 9.546050932572548 ], [ 1.254169859993866, 9.541450557216676 ], [ 1.251740460077458, 9.536455527048025 ], [ 1.254360096205176, 9.534291950328599 ], [ 1.227144230181259, 9.492895988395356 ], [ 1.208715542217168, 9.491913866615551 ], [ 1.11437828542868, 9.517989241040631 ], [ 1.114774612033089, 9.539863397907407 ], [ 1.133625724987214, 9.576339890544194 ], [ 1.15678290321681, 9.574926245985463 ], [ 1.168447197542342, 9.58293392432117 ], [ 1.169329072494178, 9.587039694672528 ], [ 1.193444252662901, 9.601221285022511 ], [ 1.202683094459773, 9.600158661513076 ] ] ] } },
{ "type": "Feature", "properties": { "region": "Kara", "prefecture": "Kozah", "commune": "Kozah 2", "canton": "Kouméa", "population": 10652, "FRI": 0.0713, "classe_fri": "Tres faible", "rwi_min": -0.763, "urban_ratio": 0.0, "infrastructure_documentee": false, "WUI": 0.3035, "priorite": "Moyenne" }, "geometry": { "type": "Polygon", "coordinates": [ [ [ 1.191598210042483, 9.756387047660404 ], [ 1.199082604158972, 9.750208062721846 ], [ 1.226718470902775, 9.713701882275947 ], [ 1.231953208943114, 9.709886870917662 ], [ 1.248100695430586, 9.705621001006778 ], [ 1.224867509994858, 9.687626976803303 ], [ 1.179063173155944, 9.686190746563433 ], [ 1.144752235829888, 9.69436860918009 ], [ 1.146526499366934, 9.703473106581491 ], [ 1.151612440384296, 9.707723157536176 ], [ 1.149984378121221, 9.713465924671059 ], [ 1.158995951025008, 9.718965888318666 ], [ 1.168290476536791, 9.731410883418135 ], [ 1.172626616176213, 9.744131857385247 ], [ 1.187313997800312, 9.751140874484024 ], [ 1.191598210042483, 9.756387047660404 ] ] ] } },
{ "type": "Feature", "properties": { "region": "Kara", "prefecture": "Kozah", "commune": "Kozah 2", "canton": "Tcharè", "population": 3816, "FRI": 0.0661, "classe_fri": "Tres faible", "rwi_min": -0.543, "urban_ratio": 0.0, "infrastructure_documentee": false, "WUI": 0.2783, "priorite": "Surveillance" }, "geometry": { "type": "Polygon", "coordinates": [ [ [ 1.188087972658951, 9.657199508684094 ], [ 1.176464610866971, 9.649064039875135 ], [ 1.1681152866818, 9.648592528689418 ], [ 1.162194311150061, 9.660778786550013 ], [ 1.174956066274574, 9.665375042846961 ], [ 1.180518354102569, 9.671812521137015 ], [ 1.179063173155944, 9.686190746563433 ], [ 1.211120816975283, 9.687196578367679 ], [ 1.188087972658951, 9.657199508684094 ] ] ] } },
{ "type": "Feature", "properties": { "region": "Kara", "prefecture": "Kozah", "commune": "Kozah 2", "canton": "Pya", "population": 16105, "FRI": 0.0795, "classe_fri": "Tres faible", "rwi_min": -0.224, "urban_ratio": 0.0, "infrastructure_documentee": false, "WUI": 0.2714, "priorite": "Surveillance" }, "geometry": { "type": "Polygon", "coordinates": [ [ [ 1.1681152866818, 9.648592528689418 ], [ 1.166889247094115, 9.644442191784835 ], [ 1.153391462319784, 9.640781678145256 ], [ 1.139103052050922, 9.640064037738632 ], [ 1.123267049301587, 9.646770452311541 ], [ 1.117615291293036, 9.656735757417009 ], [ 1.101496740436366, 9.6598937844534 ], [ 1.090809185674059, 9.665025410996522 ], [ 1.09146341396335, 9.668864530341137 ], [ 1.096043662352572, 9.673928948965839 ], [ 1.104958760302872, 9.674745797605373 ], [ 1.108864966634633, 9.677727630949033 ], [ 1.123240126782032, 9.69456809966937 ], [ 1.129156416952205, 9.693790680102282 ], [ 1.134346087086693, 9.696123001294611 ], [ 1.179063173155944, 9.686190746563433 ], [ 1.180518354102569, 9.671812521137015 ], [ 1.174956066274574, 9.665375042846961 ], [ 1.162194311150061, 9.660778786550013 ], [ 1.1681152866818, 9.648592528689418 ] ] ] } },
{ "type": "Feature", "properties": { "region": "Kara", "prefecture": "Kozah", "commune": "Kozah 2", "canton": "Tchitchao", "population": 8871, "FRI": 0.0763, "classe_fri": "Tres faible", "rwi_min": -0.767, "urban_ratio": 0.0, "infrastructure_documentee": false, "WUI": 0.305, "priorite": "Moyenne" }, "geometry": { "type": "Polygon", "coordinates": [ [ [ 1.158923286666452, 9.642281943962224 ], [ 1.167821644369956, 9.639192621981696 ], [ 1.16437190327337, 9.624329174658483 ], [ 1.161123717357559, 9.619997203233963 ], [ 1.147993054432051, 9.612344353778397 ], [ 1.128468145515142, 9.609120698421586 ], [ 1.10165585639815, 9.600601730124742 ], [ 1.091804079386502, 9.607382434417916 ], [ 1.098265854501932, 9.621856786352605 ], [ 1.090809185674059, 9.665025410996522 ], [ 1.101496740436366, 9.6598937844534 ], [ 1.117615291293036, 9.656735757417009 ], [ 1.123267049301587, 9.646770452311541 ], [ 1.139103052050922, 9.640064037738632 ], [ 1.158923286666452, 9.642281943962224 ] ] ] } },
{ "type": "Feature", "properties": { "region": "Kara", "prefecture": "Kozah", "commune": "Kozah 2", "canton": "Bohou", "population": 12608, "FRI": 0.0697, "classe_fri": "Tres faible", "rwi_min": -0.183, "urban_ratio": 0.0, "infrastructure_documentee": false, "WUI": 0.26, "priorite": "Surveillance" }, "geometry": { "type": "Polygon", "coordinates": [ [ [ 1.206096945674822, 9.605815506682944 ], [ 1.202683094459773, 9.600158661513076 ], [ 1.193444252662901, 9.601221285022511 ], [ 1.169329072494178, 9.587039694672528 ], [ 1.152403790924198, 9.616575827603707 ], [ 1.161123717357559, 9.619997203233963 ], [ 1.16437190327337, 9.624329174658483 ], [ 1.167821644369956, 9.639192621981696 ], [ 1.158923286666452, 9.642281943962224 ], [ 1.166889247094115, 9.644442191784835 ], [ 1.1681152866818, 9.648592528689418 ], [ 1.182519064713355, 9.652001011895296 ], [ 1.188087972658951, 9.657199508684094 ], [ 1.19512052477638, 9.650337134582053 ], [ 1.201958857238798, 9.647574718783872 ], [ 1.210773509557163, 9.633309183126961 ], [ 1.22000831024742, 9.629084871228516 ], [ 1.226330304664945, 9.613780549431494 ], [ 1.206096945674822, 9.605815506682944 ] ] ] } },
{ "type": "Feature", "properties": { "region": "Kara", "prefecture": "Kozah", "commune": "Kozah 2", "canton": "Sara-Kawa", "population": 4429, "FRI": 0.0687, "classe_fri": "Tres faible", "rwi_min": -0.634, "urban_ratio": 0.0, "infrastructure_documentee": false, "WUI": 0.2871, "priorite": "Surveillance" }, "geometry": { "type": "Polygon", "coordinates": [ [ [ 1.057193454382327, 9.662411474553661 ], [ 1.066026708445585, 9.658572355232739 ], [ 1.067907939846175, 9.66445362060673 ], [ 1.072406345452398, 9.666414042790647 ], [ 1.078213468892279, 9.659879266645534 ], [ 1.080994330143119, 9.659634263563881 ], [ 1.08696500944569, 9.661186234625896 ], [ 1.090809185674059, 9.665025410996522 ], [ 1.098265854501932, 9.621856786352605 ], [ 1.091804079386502, 9.607382434417916 ], [ 1.046531000473778, 9.602174466495464 ], [ 1.040801872253213, 9.595478238331911 ], [ 1.031400032405955, 9.598756801703894 ], [ 1.009958313712564, 9.597839547710347 ], [ 0.998501020565423, 9.606538297108564 ], [ 0.989651836429323, 9.603947906830774 ], [ 0.981501558953179, 9.610106787091265 ], [ 0.967210698709441, 9.61340825146541 ], [ 0.960386491834021, 9.623948976612509 ], [ 0.95178076669677, 9.625849979217257 ], [ 0.947051076472671, 9.632554456639408 ], [ 0.942621822632024, 9.632465749304247 ], [ 0.934245309489122, 9.622941818325485 ], [ 0.931281336725262, 9.622426974304586 ], [ 0.925483280259651, 9.631630205368646 ], [ 0.919894233696968, 9.633943376898848 ], [ 0.917176958058998, 9.642771217742386 ], [ 0.920170587451529, 9.647389786037488 ], [ 0.925100353906561, 9.644443942120098 ], [ 0.927382774102615, 9.647862951233305 ], [ 0.930806208973114, 9.648160277639429 ], [ 0.946687185273476, 9.641568894274533 ], [ 0.958344295905921, 9.646461583188064 ], [ 0.966599724945427, 9.641469144712783 ], [ 0.979000806432084, 9.639952600369364 ], [ 0.981784645977419, 9.636363496534061 ], [ 0.989300896806438, 9.642940064680557 ], [ 1.000942725146206, 9.644052154093066 ], [ 1.006578261837215, 9.649394187059961 ], [ 1.017467831134384, 9.648015577722171 ], [ 1.022529298649392, 9.650823823843666 ], [ 1.031629450153628, 9.650925936676638 ], [ 1.038954170944903, 9.656530208287951 ], [ 1.048441913909354, 9.658899081583979 ], [ 1.050486572846047, 9.667067496782533 ], [ 1.055148665069317, 9.668211071839911 ], [ 1.057193454382327, 9.662411474553661 ] ] ] } },
{ "type": "Feature", "properties": { "region": "Kara", "prefecture": "Kozah", "commune": "Kozah 2", "canton": "Yadè", "population": 7550, "FRI": 0.067, "classe_fri": "Tres faible", "rwi_min": -0.565, "urban_ratio": 0.0, "infrastructure_documentee": false, "WUI": 0.2835, "priorite": "Surveillance" }, "geometry": { "type": "Polygon", "coordinates": [ [ [ 1.169329072494178, 9.587039694672528 ], [ 1.168447197542342, 9.58293392432117 ], [ 1.15678290321681, 9.574926245985463 ], [ 1.134742883352022, 9.575491953009353 ], [ 1.10165585639815, 9.600601730124742 ], [ 1.128468145515142, 9.609120698421586 ], [ 1.145115366097995, 9.611175501165093 ], [ 1.152403790924198, 9.616575827603707 ], [ 1.169329072494178, 9.587039694672528 ] ] ] } },
{ "type": "Feature", "properties": { "region": "Kara", "prefecture": "Kozah", "commune": "Kozah 3", "canton": "Awandjélo", "population": 12525, "FRI": 0.0713, "classe_fri": "Tres faible", "rwi_min": -0.49, "urban_ratio": 0.0, "infrastructure_documentee": false, "WUI": 0.2842, "priorite": "Surveillance" }, "geometry": { "type": "Polygon", "coordinates": [ [ [ 1.208715542217168, 9.491913866615551 ], [ 1.233495844361708, 9.49312926602426 ], [ 1.228384112990524, 9.466188894208674 ], [ 1.240710592446709, 9.462235089041029 ], [ 1.248152045539009, 9.45424059223941 ], [ 1.25066125310911, 9.440084461391463 ], [ 1.223081975032898, 9.440338579000954 ], [ 1.209374505231275, 9.436056478042806 ], [ 1.202673061087683, 9.43155888842352 ], [ 1.175697127568577, 9.402207186003444 ], [ 1.157742864250298, 9.397309195876737 ], [ 1.155881031492194, 9.417733946383095 ], [ 1.138871690553295, 9.476768362055013 ], [ 1.157066961212136, 9.485921148868561 ], [ 1.166655468616922, 9.49536991071583 ], [ 1.166790313849401, 9.502376704551583 ], [ 1.208715542217168, 9.491913866615551 ] ] ] } },
{ "type": "Feature", "properties": { "region": "Kara", "prefecture": "Kozah", "commune": "Kozah 3", "canton": "Kpinzindè", "population": 11624, "FRI": 0.0724, "classe_fri": "Tres faible", "rwi_min": -0.781, "urban_ratio": 0.0, "infrastructure_documentee": false, "WUI": 0.3062, "priorite": "Moyenne" }, "geometry": { "type": "Polygon", "coordinates": [ [ [ 1.264078741901537, 9.524585874943931 ], [ 1.271778490553635, 9.531853694111355 ], [ 1.273797380165347, 9.531431726448458 ], [ 1.274601313854211, 9.523060943998367 ], [ 1.27793474811697, 9.520716516186162 ], [ 1.289365494319176, 9.52546710996638 ], [ 1.313093212011394, 9.517944895183389 ], [ 1.319765393203564, 9.510103211471668 ], [ 1.326202926825712, 9.493661399384006 ], [ 1.340249170875419, 9.485856497291975 ], [ 1.344474593009645, 9.48927939550752 ], [ 1.362021967271921, 9.482360937567709 ], [ 1.368569834332661, 9.492423973540147 ], [ 1.375624054131249, 9.493248967277914 ], [ 1.378191158427848, 9.489358804757604 ], [ 1.386607787107605, 9.495798530994549 ], [ 1.387122474071731, 9.499197269903613 ], [ 1.400095069583033, 9.424058657126706 ], [ 1.383773175634175, 9.43177688199253 ], [ 1.380362427963792, 9.43612960554967 ], [ 1.37030462472745, 9.439655227363383 ], [ 1.365841825557456, 9.446573446890531 ], [ 1.364237324629974, 9.460681026475438 ], [ 1.331348586616761, 9.462185329537368 ], [ 1.30977069321164, 9.442178168011711 ], [ 1.276582168054126, 9.436061909475381 ], [ 1.25066125310911, 9.440084461391463 ], [ 1.248152045539009, 9.45424059223941 ], [ 1.240710592446709, 9.462235089041029 ], [ 1.228384112990524, 9.466188894208674 ], [ 1.233495844361708, 9.49312926602426 ], [ 1.227144230181259, 9.492895988395356 ], [ 1.254360096205176, 9.534291950328599 ], [ 1.255064313162704, 9.531337941392001 ], [ 1.264078741901537, 9.524585874943931 ] ] ] } },
{ "type": "Feature", "properties": { "region": "Kara", "prefecture": "Kozah", "commune": "Kozah 4", "canton": "Djamdè", "population": 3232, "FRI": 0.0666, "classe_fri": "Tres faible", "rwi_min": -0.743, "urban_ratio": 0.0, "infrastructure_documentee": false, "WUI": 0.2933, "priorite": "Surveillance" }, "geometry": { "type": "Polygon", "coordinates": [ [ [ 1.133625724987214, 9.576339890544194 ], [ 1.114774612033089, 9.539863397907407 ], [ 1.11437828542868, 9.517989241040631 ], [ 1.09395400699445, 9.507284120976191 ], [ 1.066569268836459, 9.48348935922392 ], [ 1.050156748646134, 9.464004660999487 ], [ 1.031428471578646, 9.421626421323635 ], [ 1.010407024151905, 9.42319540049527 ], [ 0.986673349240646, 9.430967924906577 ], [ 0.968969667190961, 9.43150361051724 ], [ 0.968933538227279, 9.444817999212445 ], [ 0.972718147591975, 9.452076465717516 ], [ 0.973250260622817, 9.462429522628774 ], [ 0.977254370475223, 9.470447330634347 ], [ 0.982675846621924, 9.472103778816573 ], [ 0.986924580035344, 9.477858318690544 ], [ 0.983855454420443, 9.490708608481647 ], [ 0.98802467592912, 9.495149985855404 ], [ 0.984519397571288, 9.521414412018014 ], [ 0.989020912711537, 9.52406011112984 ], [ 0.993436830044944, 9.535460712866167 ], [ 0.991308902565202, 9.550283308503555 ], [ 0.997599834925708, 9.566336328545969 ], [ 1.009046251958417, 9.584213018864141 ], [ 1.011502200035313, 9.597638363307937 ], [ 1.031400032405955, 9.598756801703894 ], [ 1.040801872253213, 9.595478238331911 ], [ 1.046531000473778, 9.602174466495464 ], [ 1.091804079386502, 9.607382434417916 ], [ 1.133625724987214, 9.576339890544194 ] ] ] } },
{ "type": "Feature", "properties": { "region": "Kara", "prefecture": "Kozah", "commune": "Kozah 4", "canton": "Atchangbadè", "population": 18905, "FRI": 0.0904, "classe_fri": "Tres faible", "rwi_min": -0.654, "urban_ratio": 0.0, "infrastructure_documentee": false, "WUI": 0.3123, "priorite": "Moyenne" }, "geometry": { "type": "Polygon", "coordinates": [ [ [ 1.11437828542868, 9.517989241040631 ], [ 1.166790313849401, 9.502376704551583 ], [ 1.166655468616922, 9.49536991071583 ], [ 1.157066961212136, 9.485921148868561 ], [ 1.138871690553295, 9.476768362055013 ], [ 1.155881031492194, 9.417733946383095 ], [ 1.157742864250298, 9.397309195876737 ], [ 1.122895324123497, 9.385811937451408 ], [ 1.100949771741021, 9.375278532245252 ], [ 1.085622006228605, 9.375364816181586 ], [ 1.074137254673419, 9.3842645233063 ], [ 1.057516310784713, 9.403063552881099 ], [ 1.031428471578646, 9.421626421323635 ], [ 1.050156748646134, 9.464004660999487 ], [ 1.066569268836459, 9.48348935922392 ], [ 1.09395400699445, 9.507284120976191 ], [ 1.11437828542868, 9.517989241040631 ] ] ] } },
{ "type": "Feature", "properties": { "region": "Savanes", "prefecture": "Cinkassé", "commune": "Cinkassé 1", "canton": "Gouloungoussi", "population": 4301, "FRI": 0.0615, "classe_fri": "Tres faible", "rwi_min": -0.524, "urban_ratio": 0.0, "infrastructure_documentee": true, "WUI": 0.1747, "priorite": "Surveillance" }, "geometry": { "type": "Polygon", "coordinates": [ [ [ -0.135629237324398, 11.137688780410437 ], [ -0.085422569197582, 11.12724713365874 ], [ -0.096361628911829, 11.11130634853428 ], [ -0.104653337518353, 11.105920291976041 ], [ -0.106915742378274, 11.095040930847276 ], [ -0.1194657864244, 11.098860451793628 ], [ -0.125675626208154, 11.105062585448859 ], [ -0.143416629184261, 11.105853938267169 ], [ -0.14421920936296, 11.118362561946581 ], [ -0.135209556476582, 11.128227912493749 ], [ -0.135629237324398, 11.137688780410437 ] ] ] } },
{ "type": "Feature", "properties": { "region": "Savanes", "prefecture": "Cinkassé", "commune": "Cinkassé 1", "canton": "Noaga", "population": 1352, "FRI": 0.0546, "classe_fri": "Tres faible", "rwi_min": -0.774, "urban_ratio": 0.0, "infrastructure_documentee": true, "WUI": 0.1875, "priorite": "Surveillance" }, "geometry": { "type": "Polygon", "coordinates": [ [ [ -0.104653337518353, 11.105920291976041 ], [ -0.093493678203553, 11.100881854406305 ], [ -0.067453399906929, 11.105565639507603 ], [ -0.055753893620828, 11.098764196607334 ], [ -0.045716080224843, 11.099289578070646 ], [ -0.045708404857143, 11.097768960022654 ], [ -0.054321012605706, 11.085532610354123 ], [ -0.081386337291755, 11.08379831714154 ], [ -0.086438855339698, 11.086710160961882 ], [ -0.095586023155894, 11.085818044068473 ], [ -0.103242204093519, 11.08976252093381 ], [ -0.10305396282321, 11.093109079045382 ], [ -0.106915742378274, 11.095040930847276 ], [ -0.104653337518353, 11.105920291976041 ] ] ] } },
{ "type": "Feature", "properties": { "region": "Savanes", "prefecture": "Cinkassé", "commune": "Cinkassé 1", "canton": "Boadé", "population": 46270, "FRI": 0.1956, "classe_fri": "Moyen", "rwi_min": -0.554, "urban_ratio": 0.1612, "infrastructure_documentee": true, "WUI": 0.2848, "priorite": "Surveillance" }, "geometry": { "type": "Polygon", "coordinates": [ [ [ 0.096435901663772, 11.093923821903861 ], [ 0.090518979731006, 11.082394533047278 ], [ 0.077173623896975, 11.070374912125851 ], [ 0.061912516922851, 11.05154256470099 ], [ 0.051743018736262, 11.060115007125908 ], [ 0.01952278004452, 11.062986760355779 ], [ -0.000358875308706, 11.078808170608452 ], [ 0.001335941583776, 11.091807157133818 ], [ -0.008972335073363, 11.107251506909703 ], [ -0.015058353290873, 11.109461751221259 ], [ -0.027616363592698, 11.110837799934803 ], [ -0.045716080224843, 11.099289578070646 ], [ -0.055753893620828, 11.098764196607334 ], [ -0.067453399906929, 11.105565639507603 ], [ -0.093493678203553, 11.100881854406305 ], [ -0.104653337518353, 11.105920291976041 ], [ -0.096361628911829, 11.11130634853428 ], [ -0.08540749902387, 11.127279657247396 ], [ -0.000979564376626, 11.110054187479488 ], [ 0.012325089511182, 11.112377645605692 ], [ 0.096435901663772, 11.093923821903861 ] ] ] } },
{ "type": "Feature", "properties": { "region": "Savanes", "prefecture": "Cinkassé", "commune": "Cinkassé 2", "canton": "Biankouri", "population": 15560, "FRI": 0.0719, "classe_fri": "Tres faible", "rwi_min": -0.33, "urban_ratio": 0.0, "infrastructure_documentee": true, "WUI": 0.1749, "priorite": "Surveillance" }, "geometry": { "type": "Polygon", "coordinates": [ [ [ 0.082536644677332, 11.035900590608877 ], [ 0.07884874025583, 11.0079542756029 ], [ 0.068347323020576, 11.007771657306183 ], [ 0.038066766389881, 11.001285614261596 ], [ 0.028162764037838, 11.002155814508457 ], [ 0.023578262340274, 11.049281537744811 ], [ 0.020268728762492, 11.05473227554446 ], [ 0.01952278004452, 11.062986760355779 ], [ 0.051743018736262, 11.060115007125908 ], [ 0.061912516922851, 11.05154256470099 ], [ 0.069708295313916, 11.049417379948922 ], [ 0.082536644677332, 11.035900590608877 ] ] ] } },
{ "type": "Feature", "properties": { "region": "Savanes", "prefecture": "Cinkassé", "commune": "Cinkassé 2", "canton": "Nadjoundi", "population": 10168, "FRI": 0.0702, "classe_fri": "Tres faible", "rwi_min": -0.564, "urban_ratio": 0.0, "infrastructure_documentee": true, "WUI": 0.1873, "priorite": "Surveillance" }, "geometry": { "type": "Polygon", "coordinates": [ [ [ 0.166827525866613, 11.048910039171188 ], [ 0.176271860483336, 11.04184498648706 ], [ 0.187633955275014, 11.04257131105776 ], [ 0.189267035291276, 11.039173357242801 ], [ 0.207009691689664, 11.037115145998236 ], [ 0.21468610806817, 11.02087942800596 ], [ 0.20771140334673, 11.011154021094733 ], [ 0.209782911145529, 10.996856959496277 ], [ 0.190117771433527, 10.988837622566491 ], [ 0.181400961905665, 10.987975172764738 ], [ 0.172913604319038, 10.97979421915363 ], [ 0.146250630874938, 10.993178388928483 ], [ 0.157676127965033, 11.012209412649479 ], [ 0.154151070057451, 11.025492821670426 ], [ 0.159850185008347, 11.032314051310085 ], [ 0.143882079199681, 11.034811930557378 ], [ 0.133393316668778, 11.032288298136296 ], [ 0.155385575497223, 11.051278753144 ], [ 0.166827525866613, 11.048910039171188 ] ] ] } },
{ "type": "Feature", "properties": { "region": "Savanes", "prefecture": "Cinkassé", "commune": "Cinkassé 2", "canton": "Timbou", "population": 16093, "FRI": 0.0833, "classe_fri": "Tres faible", "rwi_min": -0.735, "urban_ratio": 0.0, "infrastructure_documentee": true, "WUI": 0.2124, "priorite": "Surveillance" }, "geometry": { "type": "Polygon", "coordinates": [ [ [ 0.122523045171727, 11.040369977598786 ], [ 0.133393316668778, 11.032288298136296 ], [ 0.143882079199681, 11.034811930557378 ], [ 0.159850185008347, 11.032314051310085 ], [ 0.154151070057451, 11.025492821670426 ], [ 0.157676127965033, 11.012209412649479 ], [ 0.141469574004583, 10.98462309036864 ], [ 0.13526256831251, 10.97979868681924 ], [ 0.120069220981543, 11.000643682369503 ], [ 0.102517227436827, 10.998730342503254 ], [ 0.090122455211508, 11.003400446697377 ], [ 0.086061151631085, 11.00860623022924 ], [ 0.07884874025583, 11.0079542756029 ], [ 0.082536644677332, 11.035900590608877 ], [ 0.069708295313916, 11.049417379948922 ], [ 0.061912516922851, 11.05154256470099 ], [ 0.077173623896975, 11.070374912125851 ], [ 0.085919447393755, 11.060246026993756 ], [ 0.101612237323383, 11.05518130595811 ], [ 0.106005276932239, 11.047417028071822 ], [ 0.122523045171727, 11.040369977598786 ] ] ] } },
{ "type": "Feature", "properties": { "region": "Savanes", "prefecture": "Cinkassé", "commune": "Cinkassé 2", "canton": "Sam-Naba", "population": 9367, "FRI": 0.0763, "classe_fri": "Tres faible", "rwi_min": -0.567, "urban_ratio": 0.0, "infrastructure_documentee": true, "WUI": 0.1903, "priorite": "Surveillance" }, "geometry": { "type": "Polygon", "coordinates": [ [ [ 0.174934341079851, 11.052921959827229 ], [ 0.179070896364176, 11.047833155351219 ], [ 0.185650990375706, 11.046697119622296 ], [ 0.187633955275014, 11.04257131105776 ], [ 0.176271860483336, 11.04184498648706 ], [ 0.166827525866613, 11.048910039171188 ], [ 0.155385575497223, 11.051278753144 ], [ 0.133393316668778, 11.032288298136296 ], [ 0.122523045171727, 11.040369977598786 ], [ 0.106005276932239, 11.047417028071822 ], [ 0.101612237323383, 11.05518130595811 ], [ 0.085919447393755, 11.060246026993756 ], [ 0.077173623896975, 11.070374912125851 ], [ 0.090518979731006, 11.082394533047278 ], [ 0.096443278379756, 11.093938196064965 ], [ 0.17813274133743, 11.07679203006894 ], [ 0.174934341079851, 11.052921959827229 ] ] ] } },
{ "type": "Feature", "properties": { "region": "Savanes", "prefecture": "Kpendjal", "commune": "Kpendjal 1", "canton": "Tambigou", "population": 4299, "FRI": 0.1426, "classe_fri": "Faible", "rwi_min": -0.597, "urban_ratio": 0.0, "infrastructure_documentee": false, "WUI": 0.3248, "priorite": "Moyenne" }, "geometry": { "type": "Polygon", "coordinates": [ [ [ 0.87378020697974, 10.805035765217125 ], [ 0.806579312212138, 10.729225456901744 ], [ 0.773574963488199, 10.732086193835434 ], [ 0.690911049682386, 10.72382023393704 ], [ 0.693423710143835, 10.756693717900164 ], [ 0.702929343206483, 10.756764234071396 ], [ 0.709652669745388, 10.761618352599365 ], [ 0.71504327024, 10.761135891368669 ], [ 0.72714983381151, 10.752451455440735 ], [ 0.744072230658644, 10.749441514484406 ], [ 0.748062514936657, 10.752603876144963 ], [ 0.742110483575344, 10.757574051750652 ], [ 0.738876422162437, 10.766323950785941 ], [ 0.741996909777402, 10.772822346251576 ], [ 0.760722944201459, 10.783194070434297 ], [ 0.763224141838707, 10.787807836068815 ], [ 0.775980069813527, 10.77703716377189 ], [ 0.783512091969716, 10.787118229672194 ], [ 0.807969655607243, 10.794186152540131 ], [ 0.811327426268049, 10.7973434461748 ], [ 0.810190765940794, 10.808407133561763 ], [ 0.812250658523033, 10.815733259389949 ], [ 0.822281507418355, 10.816587568953162 ], [ 0.843261314745261, 10.830313679545579 ], [ 0.87378020697974, 10.805035765217125 ] ] ] } },
{ "type": "Feature", "properties": { "region": "Savanes", "prefecture": "Kpendjal", "commune": "Kpendjal 1", "canton": "Koundjoaré", "population": 17254, "FRI": 0.1092, "classe_fri": "Faible", "rwi_min": -0.871, "urban_ratio": 0.0, "infrastructure_documentee": true, "WUI": 0.2379, "priorite": "Surveillance" }, "geometry": { "type": "Polygon", "coordinates": [ [ [ 0.81286217886238, 10.99993495001168 ], [ 0.800934272283, 10.976498082519383 ], [ 0.800867012532712, 10.964153059188764 ], [ 0.793701566137699, 10.956672372882675 ], [ 0.792482768201744, 10.949978859923098 ], [ 0.78220543178473, 10.949734596601257 ], [ 0.751253696748807, 10.940421263664225 ], [ 0.719426137438238, 10.928487524910055 ], [ 0.700495534172571, 10.916439264591181 ], [ 0.687731394057497, 10.851798120626242 ], [ 0.582114657347796, 10.873544141691708 ], [ 0.565769491340028, 10.888288552615526 ], [ 0.588805151565578, 10.906964622757526 ], [ 0.568310341884859, 10.937188645859274 ], [ 0.565638388329677, 10.960320901133642 ], [ 0.664075566170217, 10.999942317836608 ], [ 0.81286217886238, 10.99993495001168 ] ] ] } },
{ "type": "Feature", "properties": { "region": "Savanes", "prefecture": "Kpendjal", "commune": "Kpendjal 1", "canton": "Mandouri", "population": 18144, "FRI": 0.1916, "classe_fri": "Moyen", "rwi_min": -0.845, "urban_ratio": 0.0, "infrastructure_documentee": true, "WUI": 0.2818, "priorite": "Surveillance" }, "geometry": { "type": "Polygon", "coordinates": [ [ [ 0.880801247215576, 10.854189948998732 ], [ 0.880243262339425, 10.835482021727843 ], [ 0.873778993391507, 10.805037257222882 ], [ 0.843261314745261, 10.830313679545579 ], [ 0.822281507418355, 10.816587568953162 ], [ 0.812250658523033, 10.815733259389949 ], [ 0.810190765940794, 10.808407133561763 ], [ 0.811327426268049, 10.7973434461748 ], [ 0.807969655607243, 10.794186152540131 ], [ 0.790047741738265, 10.789045054273652 ], [ 0.776469545403704, 10.796676941954427 ], [ 0.771949571548272, 10.807924770577275 ], [ 0.773144827217473, 10.817751486365163 ], [ 0.766287608647987, 10.830653402130142 ], [ 0.748972208407522, 10.829065207476303 ], [ 0.737737576863024, 10.833787466984962 ], [ 0.725260126367225, 10.835157848488437 ], [ 0.712825493621256, 10.830888059896603 ], [ 0.687731394057497, 10.851798120626242 ], [ 0.700495534172571, 10.916439264591181 ], [ 0.719426137438238, 10.928487524910055 ], [ 0.751253696748807, 10.940421263664225 ], [ 0.78220543178473, 10.949734596601257 ], [ 0.792482768201744, 10.949978859923098 ], [ 0.793701566137699, 10.956672372882675 ], [ 0.800867012532712, 10.964153059188764 ], [ 0.800934272283, 10.976498082519383 ], [ 0.81286217886238, 10.99993495001168 ], [ 0.913805475012975, 10.999888409611295 ], [ 0.888012387002254, 10.911119780787914 ], [ 0.8995971357775, 10.885211979917095 ], [ 0.880801247215576, 10.854189948998732 ] ] ] } },
{ "type": "Feature", "properties": { "region": "Savanes", "prefecture": "Kpendjal", "commune": "Kpendjal 2", "canton": "Borgou", "population": 22485, "FRI": 0.1907, "classe_fri": "Moyen", "rwi_min": -0.758, "urban_ratio": 0.0, "infrastructure_documentee": false, "WUI": 0.3782, "priorite": "Elevee" }, "geometry": { "type": "Polygon", "coordinates": [ [ [ 0.687731394057497, 10.851798120626242 ], [ 0.712825493621256, 10.830888059896603 ], [ 0.725260126367225, 10.835157848488437 ], [ 0.737737576863024, 10.833787466984962 ], [ 0.748972208407522, 10.829065207476303 ], [ 0.766287608647987, 10.830653402130142 ], [ 0.773144827217473, 10.817751486365163 ], [ 0.771949571548272, 10.807924770577275 ], [ 0.776469545403704, 10.796676941954427 ], [ 0.790047741738265, 10.789045054273652 ], [ 0.783512091969716, 10.787118229672194 ], [ 0.775980069813527, 10.77703716377189 ], [ 0.763224141838707, 10.787807836068815 ], [ 0.760722944201459, 10.783194070434297 ], [ 0.741996909777402, 10.772822346251576 ], [ 0.738876422162437, 10.766323950785941 ], [ 0.742110483575344, 10.757574051750652 ], [ 0.748062514936657, 10.752603876144963 ], [ 0.744072230658644, 10.749441514484406 ], [ 0.72714983381151, 10.752451455440735 ], [ 0.71504327024, 10.761135891368669 ], [ 0.709652669745388, 10.761618352599365 ], [ 0.702929343206483, 10.756764234071396 ], [ 0.693423710143835, 10.756693717900164 ], [ 0.690911049682386, 10.72382023393704 ], [ 0.640630985722427, 10.71564356512113 ], [ 0.55694842711969, 10.684770372063161 ], [ 0.538176279717487, 10.687514179796064 ], [ 0.519941579789099, 10.693908927364436 ], [ 0.536261224851573, 10.736525750045283 ], [ 0.535235703660851, 10.783399158655607 ], [ 0.518524017465603, 10.849973328830339 ], [ 0.565769491340028, 10.888288552615526 ], [ 0.582114657347796, 10.873544141691708 ], [ 0.687731394057497, 10.851798120626242 ] ] ] } },
{ "type": "Feature", "properties": { "region": "Savanes", "prefecture": "Kpendjal-Ouest", "commune": "Kpendjal-Ouest 1", "canton": "Naki-Est", "population": 26580, "FRI": 0.1001, "classe_fri": "Faible", "rwi_min": -0.804, "urban_ratio": 0.0, "infrastructure_documentee": false, "WUI": 0.3353, "priorite": "Elevee" }, "geometry": { "type": "Polygon", "coordinates": [ [ [ 0.344512797337726, 10.834845108411638 ], [ 0.345150505029535, 10.831404481943213 ], [ 0.36070052782288, 10.835117490197215 ], [ 0.378268799055984, 10.825711346024548 ], [ 0.392076270148373, 10.821576213765836 ], [ 0.396612342911105, 10.827163450592415 ], [ 0.403458936950129, 10.828326159101456 ], [ 0.403901711619518, 10.831349816001804 ], [ 0.427949688171181, 10.830658614507771 ], [ 0.450396993708888, 10.835721367716427 ], [ 0.448861249014998, 10.82996529850481 ], [ 0.43406967172806, 10.817938238424533 ], [ 0.428674498440902, 10.806511196566351 ], [ 0.396208892020558, 10.793277425630246 ], [ 0.37315657239939, 10.772516495984474 ], [ 0.371059458749153, 10.765153723247145 ], [ 0.374217637078587, 10.75917094210951 ], [ 0.381281593625478, 10.754422996708959 ], [ 0.410536731540021, 10.748667144821029 ], [ 0.425005600604057, 10.734898548099416 ], [ 0.432085028902268, 10.689669174544658 ], [ 0.381747918737396, 10.690853947704541 ], [ 0.37135693135936, 10.698044490043385 ], [ 0.356938268600836, 10.700736374274161 ], [ 0.34575608953907, 10.699103369021627 ], [ 0.340795841431262, 10.692161892352306 ], [ 0.330568740998219, 10.695543980780924 ], [ 0.324890776758728, 10.700691795097553 ], [ 0.323174377336485, 10.706370085971152 ], [ 0.325963577700548, 10.722012173436548 ], [ 0.350312078984843, 10.757466574151849 ], [ 0.350079806172017, 10.782148554665534 ], [ 0.347921913942013, 10.784666303787155 ], [ 0.342679324523881, 10.783965207539357 ], [ 0.316853945666069, 10.763553527764429 ], [ 0.312712296084199, 10.764335034027976 ], [ 0.308298770376906, 10.770340942619931 ], [ 0.307776754624101, 10.777498476000401 ], [ 0.317361516494766, 10.799683315656651 ], [ 0.320842004310139, 10.802974816437697 ], [ 0.325038045448834, 10.819209669334287 ], [ 0.328600202348351, 10.820350707772358 ], [ 0.329576201581347, 10.824696664378434 ], [ 0.332881892860682, 10.825638251109867 ], [ 0.341297207896661, 10.835218479244318 ], [ 0.344512797337726, 10.834845108411638 ] ] ] } },
{ "type": "Feature", "properties": { "region": "Savanes", "prefecture": "Kpendjal-Ouest", "commune": "Kpendjal-Ouest 1", "canton": "Nayéga", "population": 6958, "FRI": 0.0663, "classe_fri": "Tres faible", "rwi_min": -0.488, "urban_ratio": 0.0, "infrastructure_documentee": false, "WUI": 0.2768, "priorite": "Surveillance" }, "geometry": { "type": "Polygon", "coordinates": [ [ [ 0.428674498440902, 10.806511196566351 ], [ 0.43570358883736, 10.793064896358228 ], [ 0.427436130884144, 10.780442474875072 ], [ 0.436891054466529, 10.764494698698273 ], [ 0.438554794534808, 10.743407243647395 ], [ 0.418700204720082, 10.740899044871608 ], [ 0.410536731540021, 10.748667144821029 ], [ 0.381281593625478, 10.754422996708959 ], [ 0.374217637078587, 10.75917094210951 ], [ 0.371059458749153, 10.765153723247145 ], [ 0.37315657239939, 10.772516495984474 ], [ 0.396208892020558, 10.793277425630246 ], [ 0.428674498440902, 10.806511196566351 ] ] ] } },
{ "type": "Feature", "properties": { "region": "Savanes", "prefecture": "Kpendjal-Ouest", "commune": "Kpendjal-Ouest 1", "canton": "Ogaro", "population": 22513, "FRI": 0.1311, "classe_fri": "Faible", "rwi_min": -0.87, "urban_ratio": 0.0, "infrastructure_documentee": false, "WUI": 0.3541, "priorite": "Elevee" }, "geometry": { "type": "Polygon", "coordinates": [ [ [ 0.535235703660851, 10.783399158655607 ], [ 0.536261224851573, 10.736525750045283 ], [ 0.519941579789099, 10.693908927364436 ], [ 0.487818308123985, 10.700684032445128 ], [ 0.432085028902268, 10.689669174544658 ], [ 0.425005600604057, 10.734898548099416 ], [ 0.418700204720082, 10.740899044871608 ], [ 0.438554794534808, 10.743407243647395 ], [ 0.436891054466529, 10.764494698698273 ], [ 0.427436130884144, 10.780442474875072 ], [ 0.43570358883736, 10.793064896358228 ], [ 0.428674498440902, 10.806511196566351 ], [ 0.43406967172806, 10.817938238424533 ], [ 0.448861249014998, 10.82996529850481 ], [ 0.450396993708888, 10.835721367716427 ], [ 0.47419991897873, 10.853698444978416 ], [ 0.488889052909253, 10.858226056480207 ], [ 0.511610943991501, 10.855472490959182 ], [ 0.518524017465603, 10.849973328830339 ], [ 0.535235703660851, 10.783399158655607 ] ] ] } },
{ "type": "Feature", "properties": { "region": "Savanes", "prefecture": "Kpendjal-Ouest", "commune": "Kpendjal-Ouest 2", "canton": "Papri", "population": 15016, "FRI": 0.0737, "classe_fri": "Tres faible", "rwi_min": -0.455, "urban_ratio": 0.0, "infrastructure_documentee": true, "WUI": 0.1849, "priorite": "Surveillance" }, "geometry": { "type": "Polygon", "coordinates": [ [ [ 0.421705238167417, 11.01806476007881 ], [ 0.434091535239744, 11.010171210263504 ], [ 0.432210626249748, 10.999087379192384 ], [ 0.433936647174691, 10.992929460936921 ], [ 0.439809223528628, 10.987895727721348 ], [ 0.447538447708466, 10.99533524306098 ], [ 0.461141858574406, 10.990190587380056 ], [ 0.461951194348555, 10.978528186958819 ], [ 0.449503004099793, 10.974642926451857 ], [ 0.446107930442542, 10.956835456375732 ], [ 0.436445122335907, 10.953332127905142 ], [ 0.430723448606354, 10.94684019623679 ], [ 0.404206943399038, 10.93367857233109 ], [ 0.403848408593587, 10.951441515261386 ], [ 0.414485452134264, 10.968475267349017 ], [ 0.411963458681938, 10.989557437228154 ], [ 0.421705238167417, 11.01806476007881 ] ] ] } },
{ "type": "Feature", "properties": { "region": "Savanes", "prefecture": "Kpendjal-Ouest", "commune": "Kpendjal-Ouest 2", "canton": "Tambonga", "population": 8109, "FRI": 0.0694, "classe_fri": "Tres faible", "rwi_min": -0.824, "urban_ratio": 0.0, "infrastructure_documentee": false, "WUI": 0.305, "priorite": "Moyenne" }, "geometry": { "type": "Polygon", "coordinates": [ [ [ 0.44117075340076, 10.953872632565593 ], [ 0.459463305831334, 10.946379698707444 ], [ 0.483765251492984, 10.945362379071407 ], [ 0.494522895640091, 10.931744702094834 ], [ 0.482255345020823, 10.926101325768926 ], [ 0.484023724999418, 10.920723596805365 ], [ 0.476018743584967, 10.914480743147044 ], [ 0.485955957251604, 10.901874784198785 ], [ 0.456236024441273, 10.901200374167445 ], [ 0.406196785215903, 10.908926257996454 ], [ 0.400784965277381, 10.914289074363767 ], [ 0.404027270068261, 10.921394947545581 ], [ 0.404206943399038, 10.93367857233109 ], [ 0.430723448606354, 10.94684019623679 ], [ 0.436445122335907, 10.953332127905142 ], [ 0.44117075340076, 10.953872632565593 ] ] ] } },
{ "type": "Feature", "properties": { "region": "Savanes", "prefecture": "Kpendjal-Ouest", "commune": "Kpendjal-Ouest 2", "canton": "Namoundjoga", "population": 9661, "FRI": 0.0935, "classe_fri": "Tres faible", "rwi_min": -0.673, "urban_ratio": 0.0, "infrastructure_documentee": false, "WUI": 0.308, "priorite": "Moyenne" }, "geometry": { "type": "Polygon", "coordinates": [ [ [ 0.368881496089488, 10.888205910210884 ], [ 0.400784965277381, 10.914289074363767 ], [ 0.406196785215903, 10.908926257996454 ], [ 0.456236024441273, 10.901200374167445 ], [ 0.485955957251604, 10.901874784198785 ], [ 0.488889052909253, 10.858226056480207 ], [ 0.47419991897873, 10.853698444978416 ], [ 0.450396993708888, 10.835721367716427 ], [ 0.437938599982345, 10.831609889751203 ], [ 0.403901711619518, 10.831349816001804 ], [ 0.398240491507442, 10.840210402855543 ], [ 0.378765009122996, 10.855502439973066 ], [ 0.367161992192686, 10.873784193026967 ], [ 0.368881496089488, 10.888205910210884 ] ] ] } },
{ "type": "Feature", "properties": { "region": "Savanes", "prefecture": "Kpendjal-Ouest", "commune": "Kpendjal-Ouest 2", "canton": "Pogno", "population": 19484, "FRI": 0.0794, "classe_fri": "Tres faible", "rwi_min": -0.975, "urban_ratio": 0.0, "infrastructure_documentee": true, "WUI": 0.2312, "priorite": "Surveillance" }, "geometry": { "type": "Polygon", "coordinates": [ [ [ 0.424155651682736, 11.025021892740577 ], [ 0.503831859623756, 11.008332325120618 ], [ 0.500702719614239, 11.00344486339063 ], [ 0.503973200951886, 11.002108360439232 ], [ 0.501832603413918, 11.000958063621159 ], [ 0.503550588718112, 10.997804711892355 ], [ 0.498618579764314, 10.994508137597176 ], [ 0.49718187408073, 10.988620146806806 ], [ 0.501083510596667, 10.987299960749244 ], [ 0.507774477576289, 10.99056789970817 ], [ 0.510888591596959, 10.978144164517246 ], [ 0.516906672799289, 10.971218144772493 ], [ 0.514135056621423, 10.970655199425902 ], [ 0.509492756857207, 10.961557498223181 ], [ 0.509962740033936, 10.950531617314383 ], [ 0.501003074506279, 10.934283543161571 ], [ 0.565638388329677, 10.960320901133642 ], [ 0.568310341884859, 10.937188645859274 ], [ 0.588805151565578, 10.906964622757526 ], [ 0.518524017465603, 10.849973328830339 ], [ 0.511610943991501, 10.855472490959182 ], [ 0.488889052909253, 10.858226056480207 ], [ 0.485955957251604, 10.901874784198785 ], [ 0.476018743584967, 10.914480743147044 ], [ 0.484023724999418, 10.920723596805365 ], [ 0.482255345020823, 10.926101325768926 ], [ 0.494522895640091, 10.931744702094834 ], [ 0.483765251492984, 10.945362379071407 ], [ 0.459463305831334, 10.946379698707444 ], [ 0.44117075340076, 10.953872632565593 ], [ 0.446107930442542, 10.956835456375732 ], [ 0.449503004099793, 10.974642926451857 ], [ 0.461951194348555, 10.978528186958819 ], [ 0.461141858574406, 10.990190587380056 ], [ 0.447538447708466, 10.99533524306098 ], [ 0.439809223528628, 10.987895727721348 ], [ 0.433936647174691, 10.992929460936921 ], [ 0.432210626249748, 10.999087379192384 ], [ 0.434091535239744, 11.010171210263504 ], [ 0.421705238167417, 11.01806476007881 ], [ 0.424155651682736, 11.025021892740577 ] ] ] } },
{ "type": "Feature", "properties": { "region": "Savanes", "prefecture": "Oti", "commune": "Oti 1", "canton": "Mango", "population": 46142, "FRI": 0.1486, "classe_fri": "Faible", "rwi_min": -0.839, "urban_ratio": 0.0172, "infrastructure_documentee": true, "WUI": 0.2806, "priorite": "Surveillance" }, "geometry": { "type": "Polygon", "coordinates": [ [ [ 0.561283903911536, 10.428740594442621 ], [ 0.586518367230424, 10.313726712212107 ], [ 0.558511327040393, 10.26586215003157 ], [ 0.496946312247181, 10.229025836675504 ], [ 0.484085253315897, 10.247417169683617 ], [ 0.484070150726151, 10.284346198381552 ], [ 0.475995246039446, 10.289996371935789 ], [ 0.474223049080029, 10.298117858153587 ], [ 0.465145597137909, 10.307873130840477 ], [ 0.460050120294062, 10.310209700213441 ], [ 0.447874054729695, 10.309199677555764 ], [ 0.439719723465341, 10.313111306022842 ], [ 0.425921065877218, 10.307334533615254 ], [ 0.415268452606944, 10.300668413144193 ], [ 0.406566669526841, 10.281221200781768 ], [ 0.381957174246252, 10.271781419494566 ], [ 0.378761705951984, 10.278015203807737 ], [ 0.369522047015861, 10.28459394798994 ], [ 0.371858567212188, 10.28581382932161 ], [ 0.373439654676842, 10.283799008680088 ], [ 0.37305263573888, 10.28828680063901 ], [ 0.377965654596381, 10.286902667909937 ], [ 0.376770667414337, 10.290830735812023 ], [ 0.379075846105048, 10.294698968306497 ], [ 0.384446926348457, 10.297021370722996 ], [ 0.382210809600816, 10.298211707362791 ], [ 0.383684724577809, 10.300599448300956 ], [ 0.397366923065018, 10.305195709007901 ], [ 0.395882533236463, 10.313754467626236 ], [ 0.388610956464084, 10.31535207098309 ], [ 0.366359764520343, 10.310295116835052 ], [ 0.353287289060419, 10.313810414753304 ], [ 0.347755643727247, 10.307374319182006 ], [ 0.336135563411371, 10.308082435979671 ], [ 0.331747717821741, 10.311061188284118 ], [ 0.33023220420309, 10.308121726530379 ], [ 0.328749980130916, 10.311386960386068 ], [ 0.324616202678165, 10.306484155964617 ], [ 0.321371585212543, 10.309704772279559 ], [ 0.319374471247845, 10.307943306899427 ], [ 0.316288571118404, 10.310460426093861 ], [ 0.321476042739959, 10.312643213630849 ], [ 0.322985046936093, 10.319767524470473 ], [ 0.338017279913396, 10.32528003613093 ], [ 0.333344303372069, 10.336832261090372 ], [ 0.325372270185246, 10.3399594430657 ], [ 0.320535067721449, 10.33381573889393 ], [ 0.315305927336963, 10.337747283263122 ], [ 0.31634067220658, 10.349217423701417 ], [ 0.313908090857597, 10.352523200669447 ], [ 0.314048683711791, 10.359689759914316 ], [ 0.307106412104384, 10.370427769313208 ], [ 0.405496221166782, 10.381117050177762 ], [ 0.432363142291841, 10.403601603441107 ], [ 0.441243653146232, 10.418526029755109 ], [ 0.475476307301058, 10.417574770579957 ], [ 0.561283903911536, 10.428740594442621 ] ] ] } },
{ "type": "Feature", "properties": { "region": "Savanes", "prefecture": "Oti", "commune": "Oti 1", "canton": "Sadori", "population": 8585, "FRI": 0.0982, "classe_fri": "Tres faible", "rwi_min": -0.874, "urban_ratio": 0.0, "infrastructure_documentee": false, "WUI": 0.325, "priorite": "Moyenne" }, "geometry": { "type": "Polygon", "coordinates": [ [ [ 0.446019622559925, 10.310236193427903 ], [ 0.460050120294062, 10.310209700213441 ], [ 0.465145597137909, 10.307873130840477 ], [ 0.474223049080029, 10.298117858153587 ], [ 0.475995246039446, 10.289996371935789 ], [ 0.484070150726151, 10.284346198381552 ], [ 0.484085253315897, 10.247417169683617 ], [ 0.496946312247181, 10.229025836675504 ], [ 0.459776359104233, 10.206777172192171 ], [ 0.426278416628313, 10.194656506055294 ], [ 0.356021628309508, 10.220172081978774 ], [ 0.362318997386811, 10.263305785886903 ], [ 0.373801249802197, 10.266952788913716 ], [ 0.378930960367532, 10.272412975866223 ], [ 0.390202764444286, 10.273411969364842 ], [ 0.406566669526841, 10.281221200781768 ], [ 0.415268452606944, 10.300668413144193 ], [ 0.425921065877218, 10.307334533615254 ], [ 0.439719723465341, 10.313111306022842 ], [ 0.446019622559925, 10.310236193427903 ] ] ] } },
{ "type": "Feature", "properties": { "region": "Savanes", "prefecture": "Oti", "commune": "Oti 1", "canton": "Faré", "population": 4531, "FRI": 0.0659, "classe_fri": "Tres faible", "rwi_min": -0.767, "urban_ratio": 0.0, "infrastructure_documentee": false, "WUI": 0.2958, "priorite": "Surveillance" }, "geometry": { "type": "Polygon", "coordinates": [ [ [ 0.352600194547769, 10.107496207826959 ], [ 0.362459995280478, 10.141227062278295 ], [ 0.360787934180172, 10.152411452596096 ], [ 0.353816644472742, 10.167324284007934 ], [ 0.35099008629404, 10.183546841534037 ], [ 0.356027389313576, 10.220170003617563 ], [ 0.426278416628313, 10.194656506055294 ], [ 0.422037171850128, 10.174712112593177 ], [ 0.407493565341006, 10.14531095583739 ], [ 0.352600194547769, 10.107496207826959 ] ] ] } },
{ "type": "Feature", "properties": { "region": "Savanes", "prefecture": "Oti", "commune": "Oti 2", "canton": "Barkoissi", "population": 38451, "FRI": 0.2208, "classe_fri": "Moyen", "rwi_min": -0.866, "urban_ratio": 0.0, "infrastructure_documentee": false, "WUI": 0.416, "priorite": "Critique" }, "geometry": { "type": "Polygon", "coordinates": [ [ [ 0.397091736455457, 10.581505637735898 ], [ 0.390848194340802, 10.585984777666781 ], [ 0.263252110636715, 10.531163437756778 ], [ 0.245183119465935, 10.536244649736833 ], [ 0.268878321534814, 10.572032411944514 ], [ 0.276515642984678, 10.593792235524475 ], [ 0.298742588823813, 10.598302119582508 ], [ 0.312322231875591, 10.603038851562445 ], [ 0.320730108985758, 10.608714585654994 ], [ 0.341314853109745, 10.624533688300076 ], [ 0.344609920885557, 10.632262068749107 ], [ 0.344676345281203, 10.639886475080493 ], [ 0.380196694586385, 10.634429887730361 ], [ 0.388703897877607, 10.619145511472205 ], [ 0.397091330041741, 10.610623410125513 ], [ 0.397091736455457, 10.581505637735898 ] ] ] } },
{ "type": "Feature", "properties": { "region": "Savanes", "prefecture": "Oti", "commune": "Oti 2", "canton": "Nagbéni", "population": 24677, "FRI": 0.1753, "classe_fri": "Moyen", "rwi_min": -0.768, "urban_ratio": 0.0, "infrastructure_documentee": false, "WUI": 0.3723, "priorite": "Elevee" }, "geometry": { "type": "Polygon", "coordinates": [ [ [ 0.381747918737396, 10.690853947704541 ], [ 0.427612691774278, 10.688826425692564 ], [ 0.490627854461455, 10.700736970370153 ], [ 0.553108726836075, 10.684338286754569 ], [ 0.579531900981578, 10.69353009182886 ], [ 0.579649039908584, 10.665555902512775 ], [ 0.596374107879279, 10.628863811433378 ], [ 0.60016226846134, 10.556001217722127 ], [ 0.548793950725472, 10.553286188515747 ], [ 0.522424324947126, 10.569899940841148 ], [ 0.483041537549392, 10.567531536846166 ], [ 0.41211997027783, 10.540730906831341 ], [ 0.411063118796184, 10.571481471914991 ], [ 0.397091736455457, 10.581505637735898 ], [ 0.397091330041741, 10.610623410125513 ], [ 0.388703897877607, 10.619145511472205 ], [ 0.380196694586385, 10.634429887730361 ], [ 0.344676345281203, 10.639886475080493 ], [ 0.345063243410133, 10.64807155758605 ], [ 0.352377273437626, 10.664572152408589 ], [ 0.341275014542244, 10.685752223912752 ], [ 0.343013267526256, 10.697470352688663 ], [ 0.353246030705358, 10.700736379552684 ], [ 0.365641380216742, 10.699630118805974 ], [ 0.381747918737396, 10.690853947704541 ] ] ] } },
{ "type": "Feature", "properties": { "region": "Savanes", "prefecture": "Oti", "commune": "Oti 2", "canton": "Tchanaga", "population": 6490, "FRI": 0.0757, "classe_fri": "Tres faible", "rwi_min": -1.03, "urban_ratio": 0.0, "infrastructure_documentee": false, "WUI": 0.3227, "priorite": "Moyenne" }, "geometry": { "type": "Polygon", "coordinates": [ [ [ 0.60016226846134, 10.556001217722127 ], [ 0.558436806395353, 10.491891068859381 ], [ 0.534835378029412, 10.463163277398069 ], [ 0.561283903911536, 10.428740594442621 ], [ 0.475476307301058, 10.417574770579957 ], [ 0.441243653146232, 10.418526029755109 ], [ 0.413891851495162, 10.498199588097222 ], [ 0.41211997027783, 10.540730906831341 ], [ 0.483041537549392, 10.567531536846166 ], [ 0.522424324947126, 10.569899940841148 ], [ 0.548793950725472, 10.553286188515747 ], [ 0.60016226846134, 10.556001217722127 ] ] ] } },
{ "type": "Feature", "properties": { "region": "Savanes", "prefecture": "Oti", "commune": "Oti 2", "canton": "Galangashie", "population": 13586, "FRI": 0.1536, "classe_fri": "Faible", "rwi_min": -0.835, "urban_ratio": 0.0, "infrastructure_documentee": true, "WUI": 0.2565, "priorite": "Surveillance" }, "geometry": { "type": "Polygon", "coordinates": [ [ [ 0.411063118796184, 10.571481471914991 ], [ 0.413891851495162, 10.498199588097222 ], [ 0.441243653146232, 10.418526029755109 ], [ 0.432363142291841, 10.403601603441107 ], [ 0.405496221166782, 10.381117050177762 ], [ 0.306779794299369, 10.37128128106243 ], [ 0.302111981733938, 10.369233273829639 ], [ 0.300581714642562, 10.372815881953054 ], [ 0.289847402099781, 10.376671604649403 ], [ 0.292967345675766, 10.380471128115405 ], [ 0.290106633256816, 10.382077413786847 ], [ 0.295281117191615, 10.384553387818006 ], [ 0.300567299225521, 10.392131413724583 ], [ 0.300010435772462, 10.402428550594548 ], [ 0.297828032968763, 10.409645818011509 ], [ 0.295007154047375, 10.408718263442291 ], [ 0.294280419183502, 10.410899256920008 ], [ 0.290028398718676, 10.408790716278938 ], [ 0.284913584269758, 10.421844358030881 ], [ 0.276848892654027, 10.419006530761324 ], [ 0.272670664338466, 10.420700687061048 ], [ 0.271002853022154, 10.415886553541924 ], [ 0.268026683893015, 10.414717800431204 ], [ 0.268935251812929, 10.410256857623995 ], [ 0.264125043050744, 10.408481748519856 ], [ 0.263676591316749, 10.410494515792772 ], [ 0.259188831004453, 10.407398901722305 ], [ 0.25836166778294, 10.409533663283431 ], [ 0.250291492484065, 10.409306158644629 ], [ 0.249081604902342, 10.413431447888948 ], [ 0.243627459179629, 10.415826565149658 ], [ 0.241639319958896, 10.414355852379023 ], [ 0.237778099936422, 10.415916431112509 ], [ 0.237282431407871, 10.412258934388133 ], [ 0.234103721288025, 10.413357247013964 ], [ 0.220225546317666, 10.425477211462377 ], [ 0.220698018098038, 10.457553701679974 ], [ 0.242554712829551, 10.520721265323536 ], [ 0.245183119465935, 10.536244649736833 ], [ 0.263252110636715, 10.531163437756778 ], [ 0.390848194340802, 10.585984777666781 ], [ 0.411063118796184, 10.571481471914991 ] ] ] } },
{ "type": "Feature", "properties": { "region": "Savanes", "prefecture": "Oti-Sud", "commune": "Oti-Sud 1", "canton": "Sagbiebou", "population": 12686, "FRI": 0.0745, "classe_fri": "Tres faible", "rwi_min": -1.184, "urban_ratio": 0.0, "infrastructure_documentee": true, "WUI": 0.2389, "priorite": "Surveillance" }, "geometry": { "type": "Polygon", "coordinates": [ [ [ 0.644253785540718, 10.327923306328742 ], [ 0.64641031180122, 10.324851122855254 ], [ 0.648535391492143, 10.326004276048264 ], [ 0.656640615045683, 10.320621250530476 ], [ 0.68958403573642, 10.311667062343963 ], [ 0.706181771665648, 10.297416751467249 ], [ 0.714330959408311, 10.293908932616045 ], [ 0.721877183781098, 10.271471924709848 ], [ 0.730416292810869, 10.264949258316186 ], [ 0.73417409542137, 10.258125777344883 ], [ 0.731526898462789, 10.251833756114118 ], [ 0.733797195900606, 10.24432134514649 ], [ 0.731352561689131, 10.237162793525785 ], [ 0.722249163916781, 10.232345136168762 ], [ 0.719788459571895, 10.22902903038336 ], [ 0.721034146556899, 10.226919766650283 ], [ 0.712464376323404, 10.221793057120607 ], [ 0.70993858109578, 10.224098033259489 ], [ 0.708914268822594, 10.219728229525726 ], [ 0.696647605068163, 10.216350537326264 ], [ 0.696901907287494, 10.213878213500218 ], [ 0.690761222148593, 10.208136605328832 ], [ 0.682237325237678, 10.209538894436774 ], [ 0.678499811144193, 10.204735542983846 ], [ 0.676628596638399, 10.208241944315036 ], [ 0.673144712786636, 10.205063082967712 ], [ 0.664620817902711, 10.212902203028882 ], [ 0.634446942478216, 10.22475193263368 ], [ 0.590254876717782, 10.210532726406027 ], [ 0.534984190880466, 10.221637565093356 ], [ 0.532035177215518, 10.250022831378836 ], [ 0.558511327040393, 10.26586215003157 ], [ 0.586518367230424, 10.313726712212107 ], [ 0.584385241776851, 10.323982718429956 ], [ 0.605364065139505, 10.32278171612907 ], [ 0.626714696287323, 10.331756167494468 ], [ 0.644253785540718, 10.327923306328742 ] ] ] } },
{ "type": "Feature", "properties": { "region": "Savanes", "prefecture": "Oti-Sud", "commune": "Oti-Sud 1", "canton": "Tchamonga", "population": 25849, "FRI": 0.163, "classe_fri": "Faible", "rwi_min": -0.946, "urban_ratio": 0.0, "infrastructure_documentee": true, "WUI": 0.2801, "priorite": "Surveillance" }, "geometry": { "type": "Polygon", "coordinates": [ [ [ 0.805868159668397, 10.729313917377203 ], [ 0.801639684245973, 10.723619102833519 ], [ 0.79731681173389, 10.677133094824695 ], [ 0.805961332685524, 10.624692068103583 ], [ 0.808817879759365, 10.579780915214604 ], [ 0.783904199093416, 10.526473411885677 ], [ 0.78004731477748, 10.450785873615663 ], [ 0.7614439719885, 10.456408202815636 ], [ 0.753677486824103, 10.463179949742621 ], [ 0.691076051897098, 10.49052436093581 ], [ 0.685674053837069, 10.488209711722847 ], [ 0.675155077240468, 10.489433141601104 ], [ 0.657535665180749, 10.474026666180009 ], [ 0.641633216057418, 10.47065880931922 ], [ 0.634054441909869, 10.474015493491704 ], [ 0.614219126835121, 10.448189612722002 ], [ 0.599165961453803, 10.441413512772035 ], [ 0.578878163725755, 10.442885415176466 ], [ 0.561283903911536, 10.428740594442621 ], [ 0.534835378029412, 10.463163277398069 ], [ 0.558436806395353, 10.491891068859381 ], [ 0.60016226846134, 10.556001217722127 ], [ 0.596374107879279, 10.628863811433378 ], [ 0.579649039908584, 10.665555902512775 ], [ 0.579531900981578, 10.69353009182886 ], [ 0.640630985722427, 10.71564356512113 ], [ 0.6693743637196, 10.721359847556725 ], [ 0.773574963488199, 10.732086193835434 ], [ 0.805868159668397, 10.729313917377203 ] ] ] } },
{ "type": "Feature", "properties": { "region": "Savanes", "prefecture": "Oti-Sud", "commune": "Oti-Sud 1", "canton": "Mogou", "population": 16911, "FRI": 0.0777, "classe_fri": "Tres faible", "rwi_min": -0.808, "urban_ratio": 0.0, "infrastructure_documentee": true, "WUI": 0.2155, "priorite": "Surveillance" }, "geometry": { "type": "Polygon", "coordinates": [ [ [ 0.691076051897098, 10.49052436093581 ], [ 0.753677486824103, 10.463179949742621 ], [ 0.7614439719885, 10.456408202815636 ], [ 0.78004731477748, 10.450785873615663 ], [ 0.776557984018232, 10.381779496681959 ], [ 0.764625120359247, 10.365736344649005 ], [ 0.708119190957365, 10.376268497287787 ], [ 0.704086932459367, 10.383309672673796 ], [ 0.680918493677498, 10.38623107565633 ], [ 0.661140896699069, 10.335928611513792 ], [ 0.651926081756347, 10.328019879848343 ], [ 0.64641031180122, 10.324851122855254 ], [ 0.644253785540718, 10.327923306328742 ], [ 0.626714696287323, 10.331756167494468 ], [ 0.605364065139505, 10.32278171612907 ], [ 0.584385241776851, 10.323982718429956 ], [ 0.561283903911536, 10.428740594442621 ], [ 0.578878163725755, 10.442885415176466 ], [ 0.599165961453803, 10.441413512772035 ], [ 0.614219126835121, 10.448189612722002 ], [ 0.634054441909869, 10.474015493491704 ], [ 0.641633216057418, 10.47065880931922 ], [ 0.648688654970107, 10.471361083399035 ], [ 0.657535665180749, 10.474026666180009 ], [ 0.675155077240468, 10.489433141601104 ], [ 0.685674053837069, 10.488209711722847 ], [ 0.691076051897098, 10.49052436093581 ] ] ] } },
{ "type": "Feature", "properties": { "region": "Savanes", "prefecture": "Oti-Sud", "commune": "Oti-Sud 1", "canton": "Gando", "population": 27533, "FRI": 0.0902, "classe_fri": "Tres faible", "rwi_min": -0.793, "urban_ratio": 0.0, "infrastructure_documentee": true, "WUI": 0.2298, "priorite": "Surveillance" }, "geometry": { "type": "Polygon", "coordinates": [ [ [ 0.708119190957365, 10.376268497287787 ], [ 0.764625120359247, 10.365736344649005 ], [ 0.776567404012237, 10.381824717359667 ], [ 0.92134107611196, 10.276235053998352 ], [ 0.877606221963578, 10.231729982709204 ], [ 0.866590197836068, 10.213849392685532 ], [ 0.858647842351991, 10.192860135736872 ], [ 0.858648991197848, 10.184603672532926 ], [ 0.85271780835698, 10.18099178037458 ], [ 0.847967184571898, 10.181316017729408 ], [ 0.844758316077554, 10.171702023751635 ], [ 0.839081279559131, 10.168250833268274 ], [ 0.824394786932056, 10.16689506122772 ], [ 0.82235239480134, 10.163137771146124 ], [ 0.816540914551061, 10.167230661162813 ], [ 0.807135976301789, 10.18405173780871 ], [ 0.782131467858922, 10.203204780508791 ], [ 0.765546217291807, 10.206962039676549 ], [ 0.749713683066268, 10.206457036799126 ], [ 0.714844032650355, 10.224560320745947 ], [ 0.721034146556899, 10.226919766650283 ], [ 0.719788459571895, 10.22902903038336 ], [ 0.722249163916781, 10.232345136168762 ], [ 0.731352561689131, 10.237162793525785 ], [ 0.733797195900606, 10.24432134514649 ], [ 0.731526898462789, 10.251833756114118 ], [ 0.73417409542137, 10.258125777344883 ], [ 0.730416292810869, 10.264949258316186 ], [ 0.721877183781098, 10.271471924709848 ], [ 0.714330959408311, 10.293908932616045 ], [ 0.706181771665648, 10.297416751467249 ], [ 0.68958403573642, 10.311667062343963 ], [ 0.656640615045683, 10.320621250530476 ], [ 0.648535391492143, 10.326004276048264 ], [ 0.661140896699069, 10.335928611513792 ], [ 0.680918493677498, 10.38623107565633 ], [ 0.704086932459367, 10.383309672673796 ], [ 0.708119190957365, 10.376268497287787 ] ] ] } },
{ "type": "Feature", "properties": { "region": "Savanes", "prefecture": "Oti-Sud", "commune": "Oti-Sud 2", "canton": "Kountoire", "population": 15218, "FRI": 0.084, "classe_fri": "Tres faible", "rwi_min": -0.84, "urban_ratio": 0.0, "infrastructure_documentee": true, "WUI": 0.22, "priorite": "Surveillance" }, "geometry": { "type": "Polygon", "coordinates": [ [ [ 0.534984190880466, 10.221637565093356 ], [ 0.590254876717782, 10.210532726406027 ], [ 0.634446942478216, 10.22475193263368 ], [ 0.664620817902711, 10.212902203028882 ], [ 0.673144712786636, 10.205063082967712 ], [ 0.676628596638399, 10.208241944315036 ], [ 0.678499811144193, 10.204735542983846 ], [ 0.682237325237678, 10.209538894436774 ], [ 0.690761222148593, 10.208136605328832 ], [ 0.696901907287494, 10.213878213500218 ], [ 0.696647605068163, 10.216350537326264 ], [ 0.708914268822594, 10.219728229525726 ], [ 0.709395759089392, 10.223777091844173 ], [ 0.712464376323404, 10.221793057120607 ], [ 0.714844032650355, 10.224560320745947 ], [ 0.749713683066268, 10.206457036799126 ], [ 0.765546217291807, 10.206962039676549 ], [ 0.782131467858922, 10.203204780508791 ], [ 0.807135976301789, 10.18405173780871 ], [ 0.816540914551061, 10.167230661162813 ], [ 0.82235239480134, 10.163137771146124 ], [ 0.817730326821555, 10.158143867157882 ], [ 0.805388705787801, 10.159992684039153 ], [ 0.803750383794165, 10.1712129666652 ], [ 0.795666702901078, 10.174972260399812 ], [ 0.792766344125831, 10.182059469653643 ], [ 0.783078225321284, 10.179594381267831 ], [ 0.783016572815947, 10.170596666311358 ], [ 0.759663604085647, 10.178192974646693 ], [ 0.752999206882592, 10.171105740190715 ], [ 0.75286209101559, 10.165882405911901 ], [ 0.749711818588898, 10.162131225366352 ], [ 0.740520469079798, 10.1651428871675 ], [ 0.738299025555764, 10.163787054519027 ], [ 0.737681886019173, 10.161075387630275 ], [ 0.745210334407729, 10.156021925590595 ], [ 0.745580488163072, 10.152077697660456 ], [ 0.731027390873083, 10.135415346115609 ], [ 0.690148984096752, 10.071311631791572 ], [ 0.684760473829183, 10.028587418396819 ], [ 0.69618738857126, 10.024803148532278 ], [ 0.697351758128153, 10.013034113429008 ], [ 0.693911509610167, 10.006407892105816 ], [ 0.696970336158098, 9.993741061768858 ], [ 0.694423626477254, 9.985591679254716 ], [ 0.685420946828922, 9.985844005811062 ], [ 0.67574407872365, 9.980795649624637 ], [ 0.674003639911425, 9.98784230390396 ], [ 0.658614494440964, 9.992534090331468 ], [ 0.648729435201815, 9.982042476661421 ], [ 0.629629798088183, 9.988146545006831 ], [ 0.632708209179276, 10.000030127384413 ], [ 0.614631191071412, 10.019844486914304 ], [ 0.597462956217757, 10.031033585148871 ], [ 0.582346516703645, 10.035928782058306 ], [ 0.561264962002021, 10.033683260098046 ], [ 0.549848674439742, 10.039778123054235 ], [ 0.559492915904204, 10.049756353319243 ], [ 0.582841660609221, 10.054247053672942 ], [ 0.586330802551266, 10.068807715481771 ], [ 0.581678739244957, 10.075707038695894 ], [ 0.562352965312043, 10.088043072886347 ], [ 0.545418672782566, 10.095047761141934 ], [ 0.542134717533878, 10.108392490480599 ], [ 0.544585534514291, 10.12275696913577 ], [ 0.541140800571058, 10.127616116002159 ], [ 0.539703413346192, 10.139166248438704 ], [ 0.529058509293953, 10.155746182517408 ], [ 0.532454057007144, 10.183652538240045 ], [ 0.522501749564413, 10.197903898105555 ], [ 0.517970157926165, 10.199945513708427 ], [ 0.517121017922612, 10.205697962946424 ], [ 0.508687574025481, 10.202188629126603 ], [ 0.505233160674142, 10.205864362340899 ], [ 0.509714817853222, 10.211091876087046 ], [ 0.509046150319538, 10.21363841164054 ], [ 0.496998671948102, 10.219247106315096 ], [ 0.485712846429123, 10.212945104109593 ], [ 0.487968274736349, 10.202518265653277 ], [ 0.484447107477278, 10.203930833291528 ], [ 0.474938339946454, 10.201929237215321 ], [ 0.471512499906161, 10.202770375921096 ], [ 0.467283021897165, 10.208419150085929 ], [ 0.460799485796525, 10.207389668477674 ], [ 0.532035177215518, 10.250022831378836 ], [ 0.534984190880466, 10.221637565093356 ] ] ] } },
{ "type": "Feature", "properties": { "region": "Savanes", "prefecture": "Oti-Sud", "commune": "Oti-Sud 2", "canton": "Koumongou", "population": 10868, "FRI": 0.0864, "classe_fri": "Tres faible", "rwi_min": -0.834, "urban_ratio": 0.0, "infrastructure_documentee": false, "WUI": 0.3173, "priorite": "Moyenne" }, "geometry": { "type": "Polygon", "coordinates": [ [ [ 0.507949396189172, 10.214497715780945 ], [ 0.509714817853222, 10.211091876087046 ], [ 0.505711504931759, 10.204428305638713 ], [ 0.508687574025481, 10.202188629126603 ], [ 0.517121017922612, 10.205697962946424 ], [ 0.517970157926165, 10.199945513708427 ], [ 0.522501749564413, 10.197903898105555 ], [ 0.532454057007144, 10.183652538240045 ], [ 0.529058509293953, 10.155746182517408 ], [ 0.539703413346192, 10.139166248438704 ], [ 0.541140800571058, 10.127616116002159 ], [ 0.544585534514291, 10.12275696913577 ], [ 0.542134717533878, 10.108392490480599 ], [ 0.545418672782566, 10.095047761141934 ], [ 0.407808875219026, 10.096887598029223 ], [ 0.389588693628477, 10.08164276341587 ], [ 0.377727942497396, 10.085140626305941 ], [ 0.36466850945571, 10.085459453930401 ], [ 0.355666400772025, 10.091631971050347 ], [ 0.352600194547769, 10.107496207826959 ], [ 0.407493565341006, 10.14531095583739 ], [ 0.422037171850128, 10.174712112593177 ], [ 0.426278416628313, 10.194656506055294 ], [ 0.464895634402825, 10.208387746712456 ], [ 0.469291159312339, 10.207181447949232 ], [ 0.471512499906161, 10.202770375921096 ], [ 0.487968274736349, 10.202518265653277 ], [ 0.485712846429123, 10.212945104109593 ], [ 0.495703163723019, 10.218967206965942 ], [ 0.507949396189172, 10.214497715780945 ] ] ] } },
{ "type": "Feature", "properties": { "region": "Savanes", "prefecture": "Oti-Sud", "commune": "Oti-Sud 2", "canton": "Nali", "population": 9650, "FRI": 0.0787, "classe_fri": "Tres faible", "rwi_min": -0.867, "urban_ratio": 0.0, "infrastructure_documentee": true, "WUI": 0.2146, "priorite": "Surveillance" }, "geometry": { "type": "Polygon", "coordinates": [ [ [ 0.545418672782566, 10.095047761141934 ], [ 0.562352965312043, 10.088043072886347 ], [ 0.581678739244957, 10.075707038695894 ], [ 0.586330802551266, 10.068807715481771 ], [ 0.582841660609221, 10.054247053672942 ], [ 0.559492915904204, 10.049756353319243 ], [ 0.549848674439742, 10.039778123054235 ], [ 0.488289167433364, 10.035082798768171 ], [ 0.511203741422522, 9.97358696667836 ], [ 0.498974760187861, 9.96293750076836 ], [ 0.506428312218463, 9.953093762706059 ], [ 0.495335254108637, 9.953869489465708 ], [ 0.486586466952444, 9.957870803399119 ], [ 0.46913351753451, 9.951123589469136 ], [ 0.452518483814199, 9.957625479823259 ], [ 0.453371556358854, 9.969097403987123 ], [ 0.448196734964399, 9.971425892509473 ], [ 0.432395546493696, 9.967571545419288 ], [ 0.430303159680137, 9.969479533585092 ], [ 0.42912044016532, 9.981290756662244 ], [ 0.433063111614498, 9.997591504051398 ], [ 0.426321666527986, 10.010134500146222 ], [ 0.432416698705754, 10.012716885689256 ], [ 0.428353309581449, 10.019357269664594 ], [ 0.427056240807489, 10.027892839515022 ], [ 0.419391313577388, 10.028722916628301 ], [ 0.415974471622198, 10.02484936017545 ], [ 0.411727656778199, 10.024817466613351 ], [ 0.41428631299793, 10.033468784537154 ], [ 0.412722492161621, 10.043799328515551 ], [ 0.417273838135028, 10.059731048879996 ], [ 0.412313935459106, 10.066902604833832 ], [ 0.395819627871083, 10.080735626216047 ], [ 0.389624303838668, 10.081669741822619 ], [ 0.407808875219026, 10.096887598029223 ], [ 0.545418672782566, 10.095047761141934 ] ] ] } },
{ "type": "Feature", "properties": { "region": "Savanes", "prefecture": "Oti-Sud", "commune": "Oti-Sud 2", "canton": "Takpamba", "population": 11565, "FRI": 0.1215, "classe_fri": "Faible", "rwi_min": -0.682, "urban_ratio": 0.0, "infrastructure_documentee": true, "WUI": 0.2256, "priorite": "Surveillance" }, "geometry": { "type": "Polygon", "coordinates": [ [ [ 0.488289167433364, 10.035082798768171 ], [ 0.549848674439742, 10.039778123054235 ], [ 0.561264962002021, 10.033683260098046 ], [ 0.582346516703645, 10.035928782058306 ], [ 0.597462956217757, 10.031033585148871 ], [ 0.614631191071412, 10.019844486914304 ], [ 0.632708209179276, 10.000030127384413 ], [ 0.629629798088183, 9.988146545006831 ], [ 0.648729435201815, 9.982042476661421 ], [ 0.658614494440964, 9.992534090331468 ], [ 0.674003639911425, 9.98784230390396 ], [ 0.67574407872365, 9.980795649624637 ], [ 0.657201119036295, 9.954513305005086 ], [ 0.657805440401527, 9.913809587946425 ], [ 0.661847716714132, 9.889471965242905 ], [ 0.652623760721766, 9.888506938555629 ], [ 0.645068965818798, 9.901842317895246 ], [ 0.635546478452251, 9.899569726113731 ], [ 0.62592722807792, 9.89391095099421 ], [ 0.624916971177519, 9.887813493937086 ], [ 0.621534920711943, 9.885093817995664 ], [ 0.613584769055766, 9.892024717481256 ], [ 0.606029967615132, 9.894744430914839 ], [ 0.566427740501612, 9.887331829104712 ], [ 0.546556836853376, 9.898726870577315 ], [ 0.543460410518446, 9.912502536194216 ], [ 0.537700877874906, 9.917302998477926 ], [ 0.517826961079628, 9.920395486986175 ], [ 0.515743912070767, 9.922925672488294 ], [ 0.519290832367841, 9.925455909147828 ], [ 0.519741315792076, 9.930039888339246 ], [ 0.526440958054789, 9.939823413078241 ], [ 0.535283123739932, 9.944291473379138 ], [ 0.536887501185554, 9.951698981623084 ], [ 0.530440799531135, 9.955339278627564 ], [ 0.506428312218463, 9.953093762706059 ], [ 0.498974760187861, 9.96293750076836 ], [ 0.511203741422522, 9.97358696667836 ], [ 0.488289167433364, 10.035082798768171 ] ] ] } },
{ "type": "Feature", "properties": { "region": "Savanes", "prefecture": "Tandjoaré", "commune": "Tandjoaré 1", "canton": "Loko", "population": 7994, "FRI": 0.0677, "classe_fri": "Tres faible", "rwi_min": -0.56, "urban_ratio": 0.0, "infrastructure_documentee": false, "WUI": 0.2839, "priorite": "Surveillance" }, "geometry": { "type": "Polygon", "coordinates": [ [ [ 0.268878321534814, 10.572032411944514 ], [ 0.245183119465935, 10.536244649736833 ], [ 0.238337559727923, 10.507917302713174 ], [ 0.212607132123523, 10.529967032076517 ], [ 0.213339508025442, 10.550084193869322 ], [ 0.205344637264467, 10.558200835141701 ], [ 0.210268448913771, 10.560490314261029 ], [ 0.222410696151345, 10.56074043337062 ], [ 0.22363867265954, 10.565672325931569 ], [ 0.194301746781726, 10.572448292277253 ], [ 0.194182238991248, 10.581245431644319 ], [ 0.238620966991906, 10.618538684511185 ], [ 0.253704653205139, 10.615939796734546 ], [ 0.258832987494683, 10.604570780338657 ], [ 0.276515642984678, 10.593792235524475 ], [ 0.268878321534814, 10.572032411944514 ] ] ] } },
{ "type": "Feature", "properties": { "region": "Savanes", "prefecture": "Tandjoaré", "commune": "Tandjoaré 1", "canton": "Pligou", "population": 9161, "FRI": 0.0688, "classe_fri": "Tres faible", "rwi_min": -0.56, "urban_ratio": 0.0, "infrastructure_documentee": false, "WUI": 0.2854, "priorite": "Surveillance" }, "geometry": { "type": "Polygon", "coordinates": [ [ [ 0.334606602328377, 10.636350130644173 ], [ 0.343411707556091, 10.628023918152396 ], [ 0.335509188252155, 10.619178495224832 ], [ 0.322150723401189, 10.629810117490957 ], [ 0.31798851564548, 10.639252527675049 ], [ 0.304072031613405, 10.633140705461326 ], [ 0.282254636326343, 10.639831399175311 ], [ 0.271993850128576, 10.639803416797637 ], [ 0.262490273220334, 10.624189604204524 ], [ 0.253768741215847, 10.631817707935394 ], [ 0.268501446423124, 10.657138397517327 ], [ 0.267783993013469, 10.668260648683702 ], [ 0.282137209951332, 10.694800947352457 ], [ 0.287847933382536, 10.697449379686491 ], [ 0.293315576752896, 10.690923602405391 ], [ 0.306469693718438, 10.68206403931247 ], [ 0.312123162325496, 10.682449061887798 ], [ 0.316534075910191, 10.680010505822453 ], [ 0.319649339518042, 10.673739001030503 ], [ 0.32904397109701, 10.663393604331818 ], [ 0.330333575446167, 10.664382991163112 ], [ 0.328045088367081, 10.654770774610274 ], [ 0.330683209694472, 10.644657885415988 ], [ 0.336590983908908, 10.64061117601997 ], [ 0.334606602328377, 10.636350130644173 ] ] ] } },
{ "type": "Feature", "properties": { "region": "Savanes", "prefecture": "Tandjoaré", "commune": "Tandjoaré 1", "canton": "Bombouaka", "population": 10489, "FRI": 0.0709, "classe_fri": "Tres faible", "rwi_min": -0.592, "urban_ratio": 0.0, "infrastructure_documentee": false, "WUI": 0.2901, "priorite": "Surveillance" }, "geometry": { "type": "Polygon", "coordinates": [ [ [ 0.247879765209348, 10.689816628237365 ], [ 0.240039154567612, 10.682490199045565 ], [ 0.239784475173343, 10.67308152999993 ], [ 0.218338056668406, 10.682527285308586 ], [ 0.187318367335498, 10.685440747219719 ], [ 0.180415531513601, 10.715695907906897 ], [ 0.171397819533375, 10.734872238874727 ], [ 0.184225419022832, 10.753606234926695 ], [ 0.20688756328272, 10.773006083845356 ], [ 0.212205648369052, 10.750074369317284 ], [ 0.224028926898246, 10.738842421430936 ], [ 0.232776168366679, 10.739001305679198 ], [ 0.224663417723949, 10.725158592770848 ], [ 0.240618654988825, 10.716985941224076 ], [ 0.23628941315632, 10.698050796075755 ], [ 0.247879765209348, 10.689816628237365 ] ] ] } },
{ "type": "Feature", "properties": { "region": "Savanes", "prefecture": "Tandjoaré", "commune": "Tandjoaré 1", "canton": "Goundoga", "population": 5084, "FRI": 0.0638, "classe_fri": "Tres faible", "rwi_min": -0.63, "urban_ratio": 0.0, "infrastructure_documentee": false, "WUI": 0.2847, "priorite": "Surveillance" }, "geometry": { "type": "Polygon", "coordinates": [ [ [ 0.180415531513601, 10.715695907906897 ], [ 0.187076644168629, 10.686500384585502 ], [ 0.173797428310161, 10.687607124733892 ], [ 0.173172216254304, 10.681764756590272 ], [ 0.156509835792197, 10.6656782181566 ], [ 0.138997591598313, 10.672110850293471 ], [ 0.156845321478979, 10.675255025255483 ], [ 0.157231544480269, 10.679373576127391 ], [ 0.143974645690486, 10.698735849495481 ], [ 0.141696259996559, 10.706273095643642 ], [ 0.150106873783667, 10.714916065294622 ], [ 0.146743596986455, 10.718905346093415 ], [ 0.171397819533375, 10.734872238874727 ], [ 0.180415531513601, 10.715695907906897 ] ] ] } },
{ "type": "Feature", "properties": { "region": "Savanes", "prefecture": "Tandjoaré", "commune": "Tandjoaré 1", "canton": "Bogou", "population": 16250, "FRI": 0.0751, "classe_fri": "Tres faible", "rwi_min": -0.591, "urban_ratio": 0.0, "infrastructure_documentee": false, "WUI": 0.297, "priorite": "Surveillance" }, "geometry": { "type": "Polygon", "coordinates": [ [ [ 0.173797428310161, 10.687607124733892 ], [ 0.210173140719013, 10.683294470691843 ], [ 0.193930518967249, 10.673345053592902 ], [ 0.206304246782405, 10.666569252105923 ], [ 0.191095425094056, 10.65845465308259 ], [ 0.196218502218502, 10.655309240862412 ], [ 0.197136615193385, 10.647758981516979 ], [ 0.190082424948378, 10.639297509923633 ], [ 0.193983476586427, 10.621192126008458 ], [ 0.214625314857556, 10.61045794724251 ], [ 0.219786722504873, 10.602734466248004 ], [ 0.194182238991248, 10.581245431644319 ], [ 0.184330140358125, 10.608915942155157 ], [ 0.151473970427771, 10.60624581298457 ], [ 0.15046821058254, 10.61139072011885 ], [ 0.154862974405018, 10.61534050106345 ], [ 0.154463235741682, 10.632635478190174 ], [ 0.149236357884955, 10.64088182157996 ], [ 0.134278008260927, 10.652238107694398 ], [ 0.139215625051207, 10.672009869068622 ], [ 0.156509835792197, 10.6656782181566 ], [ 0.173172216254304, 10.681764756590272 ], [ 0.173797428310161, 10.687607124733892 ] ] ] } },
{ "type": "Feature", "properties": { "region": "Savanes", "prefecture": "Tandjoaré", "commune": "Tandjoaré 1", "canton": "Nandoga", "population": 6562, "FRI": 0.0646, "classe_fri": "Tres faible", "rwi_min": -0.447, "urban_ratio": 0.0, "infrastructure_documentee": false, "WUI": 0.2724, "priorite": "Surveillance" }, "geometry": { "type": "Polygon", "coordinates": [ [ [ 0.218338056668406, 10.682527285308586 ], [ 0.241671325499145, 10.670998538162126 ], [ 0.234237046215999, 10.657411173703123 ], [ 0.240926609946534, 10.649995461074534 ], [ 0.248518808904212, 10.646030901430786 ], [ 0.246984150427904, 10.637282824206139 ], [ 0.238589318258006, 10.618512128853684 ], [ 0.219786722504873, 10.602734466248004 ], [ 0.214625314857556, 10.61045794724251 ], [ 0.193983476586427, 10.621192126008458 ], [ 0.190082424948378, 10.639297509923633 ], [ 0.197136615193385, 10.647758981516979 ], [ 0.196218502218502, 10.655309240862412 ], [ 0.191095425094056, 10.65845465308259 ], [ 0.206304246782405, 10.666569252105923 ], [ 0.193930518967249, 10.673345053592902 ], [ 0.210173140719013, 10.683294470691843 ], [ 0.218338056668406, 10.682527285308586 ] ] ] } },
{ "type": "Feature", "properties": { "region": "Savanes", "prefecture": "Tandjoaré", "commune": "Tandjoaré 1", "canton": "Boulogou", "population": 7832, "FRI": 0.1088, "classe_fri": "Faible", "rwi_min": -0.437, "urban_ratio": 0.0, "infrastructure_documentee": false, "WUI": 0.2969, "priorite": "Surveillance" }, "geometry": { "type": "Polygon", "coordinates": [ [ [ 0.239784999757808, 10.673100923270894 ], [ 0.240039154567612, 10.682490199045565 ], [ 0.247879765209348, 10.689816628237365 ], [ 0.257158979332801, 10.68143766721729 ], [ 0.267853756471784, 10.681951352575799 ], [ 0.272966914131155, 10.677844756162344 ], [ 0.267783993013469, 10.668260648683702 ], [ 0.268501446423124, 10.657138397517327 ], [ 0.253768741215847, 10.631817707935394 ], [ 0.262490273220334, 10.624189604204524 ], [ 0.271993850128576, 10.639803416797637 ], [ 0.282254636326343, 10.639831399175311 ], [ 0.304072031613405, 10.633140705461326 ], [ 0.31798851564548, 10.639252527675049 ], [ 0.322150723401189, 10.629810117490957 ], [ 0.335509188252155, 10.619178495224832 ], [ 0.312322231875591, 10.603038851562445 ], [ 0.276515642984678, 10.593792235524475 ], [ 0.258832987494683, 10.604570780338657 ], [ 0.253704653205139, 10.615939796734546 ], [ 0.238589318258006, 10.618512128853684 ], [ 0.246984150427904, 10.637282824206139 ], [ 0.248518808904212, 10.646030901430786 ], [ 0.240926609946534, 10.649995461074534 ], [ 0.234237046215999, 10.657411173703123 ], [ 0.241671325499145, 10.670998538162126 ], [ 0.239784999757808, 10.673100923270894 ] ] ] } },
{ "type": "Feature", "properties": { "region": "Savanes", "prefecture": "Tandjoaré", "commune": "Tandjoaré 1", "canton": "Tamongue", "population": 25919, "FRI": 0.081, "classe_fri": "Tres faible", "rwi_min": -0.608, "urban_ratio": 0.0, "infrastructure_documentee": true, "WUI": 0.2094, "priorite": "Surveillance" }, "geometry": { "type": "Polygon", "coordinates": [ [ [ 0.194182238991248, 10.581245431644319 ], [ 0.194301746781726, 10.572448292277253 ], [ 0.22363867265954, 10.565672325931569 ], [ 0.222410696151345, 10.56074043337062 ], [ 0.210268448913771, 10.560490314261029 ], [ 0.205344637264467, 10.558200835141701 ], [ 0.213339508025442, 10.550084193869322 ], [ 0.212607132123523, 10.529967032076517 ], [ 0.238337559727923, 10.507917302713174 ], [ 0.220698018098038, 10.457553701679974 ], [ 0.220213525294452, 10.425473466977467 ], [ 0.217529330598928, 10.426626389850345 ], [ 0.215641056506574, 10.422806470885474 ], [ 0.21082474332502, 10.421603469787033 ], [ 0.209720748140659, 10.418966726347916 ], [ 0.211968246192854, 10.416422944671043 ], [ 0.205567392775103, 10.418208550459994 ], [ 0.20982917670119, 10.405322585327117 ], [ 0.203292546791725, 10.404530148505184 ], [ 0.201849849744289, 10.407119460273041 ], [ 0.194323829933071, 10.402651934147451 ], [ 0.187474401813964, 10.409749934061455 ], [ 0.190491483756511, 10.417923290689746 ], [ 0.178949860388496, 10.425258034632419 ], [ 0.174670580083107, 10.42510587044378 ], [ 0.169010251531759, 10.430542719601148 ], [ 0.170755238862095, 10.434222454745655 ], [ 0.166435339174466, 10.44120696459613 ], [ 0.171517915017423, 10.447095492814331 ], [ 0.171878701681864, 10.451040407254236 ], [ 0.164725371325846, 10.452844084593991 ], [ 0.161483594201836, 10.460016879774411 ], [ 0.155140670301471, 10.461939809487529 ], [ 0.153979471638415, 10.46640084408274 ], [ 0.158775509680582, 10.473650839504201 ], [ 0.153941831192391, 10.477750136254759 ], [ 0.153882539506998, 10.484994019038442 ], [ 0.150618798694016, 10.48708777237754 ], [ 0.150838944792385, 10.497136484443386 ], [ 0.146859977098689, 10.501155275385914 ], [ 0.145426782043616, 10.510329458033288 ], [ 0.147028696215398, 10.513412731727527 ], [ 0.143754439024633, 10.515496074438563 ], [ 0.145278176493697, 10.516650253138847 ], [ 0.143138768197514, 10.52552691270151 ], [ 0.129416049438003, 10.529850109229429 ], [ 0.111890227666137, 10.541386885352141 ], [ 0.115243799037088, 10.555302846297392 ], [ 0.148749061372658, 10.567019934834146 ], [ 0.169675602236504, 10.607479983133162 ], [ 0.184330140358125, 10.608915942155157 ], [ 0.194182238991248, 10.581245431644319 ] ] ] } },
{ "type": "Feature", "properties": { "region": "Savanes", "prefecture": "Tandjoaré", "commune": "Tandjoaré 2", "canton": "Bagou", "population": 3249, "FRI": 0.0596, "classe_fri": "Tres faible", "rwi_min": -0.528, "urban_ratio": 0.0, "infrastructure_documentee": false, "WUI": 0.2731, "priorite": "Surveillance" }, "geometry": { "type": "Polygon", "coordinates": [ [ [ 0.027656058853327, 10.718016671926614 ], [ 0.037965968175871, 10.703121015023163 ], [ 0.065481465726191, 10.702541575949857 ], [ 0.075766098636698, 10.678288249669153 ], [ 0.041569043375308, 10.655458993724583 ], [ 0.024875300775637, 10.652361762342768 ], [ 0.013763225856022, 10.642767310508553 ], [ -0.011211909903105, 10.644957275871933 ], [ -0.014839900250312, 10.653110984752207 ], [ -0.000441596963333, 10.664298976572722 ], [ -0.001755661621638, 10.684826764520174 ], [ 0.005180097322433, 10.69608062223219 ], [ -0.021648539743704, 10.713519244228381 ], [ 0.027656058853327, 10.718016671926614 ] ] ] } },
{ "type": "Feature", "properties": { "region": "Savanes", "prefecture": "Tandjoaré", "commune": "Tandjoaré 2", "canton": "Nano", "population": 15518, "FRI": 0.0824, "classe_fri": "Tres faible", "rwi_min": -0.731, "urban_ratio": 0.0, "infrastructure_documentee": false, "WUI": 0.3111, "priorite": "Moyenne" }, "geometry": { "type": "Polygon", "coordinates": [ [ [ 0.143924030726739, 10.722249584279755 ], [ 0.150106873783667, 10.714916065294622 ], [ 0.141696259996559, 10.706273095643642 ], [ 0.143974645690486, 10.698735849495481 ], [ 0.157231544480269, 10.679373576127391 ], [ 0.156845321478979, 10.675255025255483 ], [ 0.138997591598313, 10.672110850293471 ], [ 0.120774175273726, 10.674388467059051 ], [ 0.119400802795536, 10.680299801330996 ], [ 0.114073474086123, 10.68629306176739 ], [ 0.110190007555689, 10.678028754623798 ], [ 0.092733094382004, 10.689612766402618 ], [ 0.075766098636698, 10.678288249669153 ], [ 0.065481465726191, 10.702541575949857 ], [ 0.037965968175871, 10.703121015023163 ], [ 0.027656058853327, 10.718016671926614 ], [ 0.037410783614428, 10.74968972885979 ], [ 0.036136569200876, 10.755544702743796 ], [ 0.045080029420084, 10.754353763326426 ], [ 0.054411778384488, 10.757288664304426 ], [ 0.06549726765755, 10.736131242948689 ], [ 0.081087958168522, 10.722002356252919 ], [ 0.079954039421614, 10.716281428747591 ], [ 0.098195911803387, 10.708894157157392 ], [ 0.143924030726739, 10.722249584279755 ] ] ] } },
{ "type": "Feature", "properties": { "region": "Savanes", "prefecture": "Tandjoaré", "commune": "Tandjoaré 2", "canton": "Sissiak", "population": 21951, "FRI": 0.0868, "classe_fri": "Tres faible", "rwi_min": -0.689, "urban_ratio": 0.0, "infrastructure_documentee": true, "WUI": 0.2155, "priorite": "Surveillance" }, "geometry": { "type": "Polygon", "coordinates": [ [ [ 0.20688756328272, 10.773006083845356 ], [ 0.184225419022832, 10.753606234926695 ], [ 0.171321727992943, 10.734761104977567 ], [ 0.146743596986455, 10.718905346093415 ], [ 0.143924030726739, 10.722249584279755 ], [ 0.098195911803387, 10.708894157157392 ], [ 0.079954039421614, 10.716281428747591 ], [ 0.081087958168522, 10.722002356252919 ], [ 0.06549726765755, 10.736131242948689 ], [ 0.054411778384488, 10.757288664304426 ], [ 0.061996878481536, 10.764053579171792 ], [ 0.062716119712332, 10.788961788483933 ], [ 0.065596631781132, 10.800003666739208 ], [ 0.07065368136104, 10.806971837956148 ], [ 0.079121625218033, 10.810641822051569 ], [ 0.091434492244034, 10.809633813985123 ], [ 0.098757233133683, 10.801339319190626 ], [ 0.142905246572156, 10.795987284143127 ], [ 0.165856238966048, 10.77890030817465 ], [ 0.20688756328272, 10.773006083845356 ] ] ] } },
{ "type": "Feature", "properties": { "region": "Savanes", "prefecture": "Tandjoaré", "commune": "Tandjoaré 2", "canton": "Tampialime", "population": 11006, "FRI": 0.0718, "classe_fri": "Tres faible", "rwi_min": -0.632, "urban_ratio": 0.0, "infrastructure_documentee": true, "WUI": 0.1941, "priorite": "Surveillance" }, "geometry": { "type": "Polygon", "coordinates": [ [ [ 0.037410783614428, 10.74968972885979 ], [ 0.027636365912649, 10.717936761533746 ], [ -0.021648539743704, 10.713519244228381 ], [ -0.05883667066956, 10.705087090516438 ], [ -0.083787789762643, 10.691167738244765 ], [ -0.089998777388945, 10.713044575622362 ], [ -0.085679064216111, 10.716683497427917 ], [ -0.072778148313783, 10.720096713889541 ], [ -0.074643765669136, 10.730799520438806 ], [ -0.071316710062096, 10.741627738084656 ], [ -0.074628539416239, 10.756137249066608 ], [ -0.072002638800174, 10.762365175232599 ], [ -0.054174395065448, 10.76746513196961 ], [ -0.026617017352137, 10.782660031687527 ], [ 0.019429045069641, 10.776656975058939 ], [ 0.031168008832327, 10.758224269851096 ], [ 0.036136569200876, 10.755544702743796 ], [ 0.037410783614428, 10.74968972885979 ] ] ] } },
{ "type": "Feature", "properties": { "region": "Savanes", "prefecture": "Tandjoaré", "commune": "Tandjoaré 2", "canton": "Mamproug", "population": 7093, "FRI": 0.0643, "classe_fri": "Tres faible", "rwi_min": -0.384, "urban_ratio": 0.0, "infrastructure_documentee": false, "WUI": 0.2679, "priorite": "Surveillance" }, "geometry": { "type": "Polygon", "coordinates": [ [ [ -0.017842289423083, 10.634624530701432 ], [ -0.020059292482206, 10.621483344070874 ], [ -0.058810877709301, 10.631165737811546 ], [ -0.068167610048692, 10.653379131623653 ], [ -0.071442284747173, 10.67308785933926 ], [ -0.083728326627007, 10.69120091407561 ], [ -0.05883667066956, 10.705087090516438 ], [ -0.021648539743704, 10.713519244228381 ], [ 0.005180097322433, 10.69608062223219 ], [ -0.001755661621638, 10.684826764520174 ], [ -0.000441596963333, 10.664298976572722 ], [ -0.014839900250312, 10.653110984752207 ], [ -0.010858485501884, 10.644162938429627 ], [ -0.017842289423083, 10.634624530701432 ] ] ] } },
{ "type": "Feature", "properties": { "region": "Savanes", "prefecture": "Tandjoaré", "commune": "Tandjoaré 2", "canton": "Doukpergou", "population": 7684, "FRI": 0.067, "classe_fri": "Tres faible", "rwi_min": -0.471, "urban_ratio": 0.0, "infrastructure_documentee": true, "WUI": 0.1765, "priorite": "Surveillance" }, "geometry": { "type": "Polygon", "coordinates": [ [ [ 0.092794904146947, 10.689571754876535 ], [ 0.110190007555689, 10.678028754623798 ], [ 0.105853819829437, 10.668800615148728 ], [ 0.105005484606655, 10.644504657389895 ], [ 0.096055341217569, 10.637875931925464 ], [ 0.090382985438253, 10.608627356542589 ], [ 0.057935253643435, 10.616976228324351 ], [ 0.003228105593707, 10.603706347577463 ], [ -0.002731777822603, 10.614524557132214 ], [ -0.011705856196255, 10.615435779637817 ], [ -0.01432475461067, 10.620052980524834 ], [ -0.020059292482206, 10.621483344070874 ], [ -0.017842289423083, 10.634624530701432 ], [ -0.011211909903105, 10.644957275871933 ], [ 0.013763225856022, 10.642767310508553 ], [ 0.024875300775637, 10.652361762342768 ], [ 0.041569043375308, 10.655458993724583 ], [ 0.092794904146947, 10.689571754876535 ] ] ] } },
{ "type": "Feature", "properties": { "region": "Savanes", "prefecture": "Tandjoaré", "commune": "Tandjoaré 2", "canton": "Sangou", "population": 4303, "FRI": 0.041, "classe_fri": "Tres faible", "rwi_min": -0.515, "urban_ratio": 0.0, "infrastructure_documentee": true, "WUI": 0.1628, "priorite": "Surveillance" }, "geometry": { "type": "Polygon", "coordinates": [ [ [ 0.090382985438253, 10.608627356542589 ], [ 0.069719257722388, 10.589563736204171 ], [ 0.05535991555506, 10.583790428291939 ], [ 0.046110874927384, 10.591945497728142 ], [ 0.002413737044573, 10.601797406453892 ], [ 0.003228105593707, 10.603706347577463 ], [ 0.057935253643435, 10.616976228324351 ], [ 0.090382985438253, 10.608627356542589 ] ] ] } },
{ "type": "Feature", "properties": { "region": "Savanes", "prefecture": "Tandjoaré", "commune": "Tandjoaré 2", "canton": "Lokpano", "population": 8344, "FRI": 0.0674, "classe_fri": "Tres faible", "rwi_min": -0.418, "urban_ratio": 0.0, "infrastructure_documentee": false, "WUI": 0.2732, "priorite": "Surveillance" }, "geometry": { "type": "Polygon", "coordinates": [ [ [ 0.150832834200999, 10.609525544020606 ], [ 0.151473970427771, 10.60624581298457 ], [ 0.169675602236504, 10.607479983133162 ], [ 0.148749061372658, 10.567019934834146 ], [ 0.115243799037088, 10.555302846297392 ], [ 0.111988584672734, 10.540868496550305 ], [ 0.060341310117737, 10.557369400412837 ], [ 0.059630735697448, 10.572001034104209 ], [ 0.05535991555506, 10.583790428291939 ], [ 0.069719257722388, 10.589563736204171 ], [ 0.090256189503287, 10.60789302269669 ], [ 0.096055341217569, 10.637875931925464 ], [ 0.105005484606655, 10.644504657389895 ], [ 0.105853819829437, 10.668800615148728 ], [ 0.114073474086123, 10.68629306176739 ], [ 0.119400802795536, 10.680299801330996 ], [ 0.120774175273726, 10.674388467059051 ], [ 0.139190124951026, 10.672078810673987 ], [ 0.134278008260927, 10.652238107694398 ], [ 0.149236357884955, 10.64088182157996 ], [ 0.154463235741682, 10.632635478190174 ], [ 0.154862974405018, 10.61534050106345 ], [ 0.150832834200999, 10.609525544020606 ] ] ] } },
{ "type": "Feature", "properties": { "region": "Savanes", "prefecture": "Tône", "commune": "Tône 1", "canton": "Poissongui", "population": 7223, "FRI": 0.0853, "classe_fri": "Tres faible", "rwi_min": -0.53, "urban_ratio": 0.0, "infrastructure_documentee": true, "WUI": 0.1906, "priorite": "Surveillance" }, "geometry": { "type": "Polygon", "coordinates": [ [ [ 0.251693019253491, 11.041432170666932 ], [ 0.21468610806817, 11.02087942800596 ], [ 0.212570582524757, 11.022017083485608 ], [ 0.207009691689664, 11.037115145998236 ], [ 0.189267035291276, 11.039173357242801 ], [ 0.185650990375706, 11.046697119622296 ], [ 0.179070896364176, 11.047833155351219 ], [ 0.174934341079851, 11.052921959827229 ], [ 0.178130368475138, 11.076807814200118 ], [ 0.266082163498523, 11.058366546829349 ], [ 0.251693019253491, 11.041432170666932 ] ] ] } },
{ "type": "Feature", "properties": { "region": "Savanes", "prefecture": "Tône", "commune": "Tône 1", "canton": "Kourientre", "population": 11144, "FRI": 0.0967, "classe_fri": "Tres faible", "rwi_min": -0.719, "urban_ratio": 0.0, "infrastructure_documentee": true, "WUI": 0.2144, "priorite": "Surveillance" }, "geometry": { "type": "Polygon", "coordinates": [ [ [ 0.300125044520543, 11.050731621993508 ], [ 0.290204729895569, 11.046286300598009 ], [ 0.287288961272832, 11.040877044434263 ], [ 0.279064178816309, 11.039526288779479 ], [ 0.274882246544989, 11.034030479941894 ], [ 0.262466365365217, 11.033718188529924 ], [ 0.25658650298429, 11.028256941118837 ], [ 0.258673931611465, 11.02179119234053 ], [ 0.251319478251035, 11.014138349696557 ], [ 0.252559040921372, 11.011645866635607 ], [ 0.249299236583354, 11.002452757642823 ], [ 0.24517665219168, 10.998860125828848 ], [ 0.242968798380567, 10.985570496526387 ], [ 0.244612147156784, 10.972315772519192 ], [ 0.240124085357874, 10.964463588435013 ], [ 0.23686389874761, 10.966286763346615 ], [ 0.230755131713862, 10.963815234061359 ], [ 0.208574122376322, 10.962260832230649 ], [ 0.20307748492419, 10.959406365343556 ], [ 0.196367483259036, 10.961648027947462 ], [ 0.197068693361927, 10.973271227237863 ], [ 0.190730566074844, 10.979021137232957 ], [ 0.172913604319038, 10.97979421915363 ], [ 0.181400961905665, 10.987975172764738 ], [ 0.190117771433527, 10.988837622566491 ], [ 0.209782911145529, 10.996856959496277 ], [ 0.20771140334673, 11.011154021094733 ], [ 0.21468610806817, 11.02087942800596 ], [ 0.251693019253491, 11.041432170666932 ], [ 0.266082163498523, 11.058366546829349 ], [ 0.300125044520543, 11.050731621993508 ] ] ] } },
{ "type": "Feature", "properties": { "region": "Savanes", "prefecture": "Tône", "commune": "Tône 1", "canton": "Dapaong", "population": 154759, "FRI": 0.3888, "classe_fri": "Eleve", "rwi_min": -0.828, "urban_ratio": 0.1238, "infrastructure_documentee": false, "WUI": 0.6001, "priorite": "Critique" }, "geometry": { "type": "Polygon", "coordinates": [ [ [ 0.162430089366451, 10.984284718853173 ], [ 0.172913604319038, 10.97979421915363 ], [ 0.190730566074844, 10.979021137232957 ], [ 0.197068693361927, 10.973271227237863 ], [ 0.196367483259036, 10.961648027947462 ], [ 0.20307748492419, 10.959406365343556 ], [ 0.208574122376322, 10.962260832230649 ], [ 0.230755131713862, 10.963815234061359 ], [ 0.23686389874761, 10.966286763346615 ], [ 0.240980856735053, 10.964972089371622 ], [ 0.240011989780746, 10.940651056354914 ], [ 0.232754113308875, 10.923852607805447 ], [ 0.227642352102193, 10.922404365362006 ], [ 0.225744950923554, 10.917299521657329 ], [ 0.228215077438007, 10.909995709814627 ], [ 0.220917923465014, 10.902467701539788 ], [ 0.225156456240065, 10.889481785987522 ], [ 0.23756305168366, 10.881295231222545 ], [ 0.232163730740051, 10.878849716283126 ], [ 0.228911285808837, 10.869368630905143 ], [ 0.231803252097464, 10.868331951309891 ], [ 0.23751437939182, 10.859248128540626 ], [ 0.234961501651775, 10.84457264272223 ], [ 0.249057676767185, 10.843975350238848 ], [ 0.253095983565665, 10.835102175345728 ], [ 0.267355655406003, 10.83914095523698 ], [ 0.275378943529883, 10.822071632012845 ], [ 0.299460182824397, 10.835353790380244 ], [ 0.317571753679469, 10.835964287074811 ], [ 0.319578322399394, 10.831549517614704 ], [ 0.324795419818209, 10.831368712679332 ], [ 0.329576201581347, 10.824696664378434 ], [ 0.328600202348351, 10.820350707772358 ], [ 0.325038045448834, 10.819209669334287 ], [ 0.320842004310139, 10.802974816437697 ], [ 0.315033779299026, 10.795131082700351 ], [ 0.307819066012038, 10.776918362155145 ], [ 0.27483081086786, 10.79858607212093 ], [ 0.235553396997301, 10.776960976516836 ], [ 0.209682943319942, 10.772957969066098 ], [ 0.163113758873121, 10.779780688957626 ], [ 0.142905246572156, 10.795987284143127 ], [ 0.1373992441312, 10.797830044515695 ], [ 0.163453090781567, 10.817467412637271 ], [ 0.164121093696781, 10.832595059040807 ], [ 0.16115342135218, 10.835772280575902 ], [ 0.160401049431074, 10.851087077425927 ], [ 0.163693794002953, 10.856424993146023 ], [ 0.162575519920525, 10.862197884339304 ], [ 0.153928431631625, 10.8632945906154 ], [ 0.154803648712395, 10.885840775810143 ], [ 0.160713637925791, 10.903670716587921 ], [ 0.167856370631393, 10.906415667830109 ], [ 0.174060299939225, 10.93075761935587 ], [ 0.161680351426603, 10.975080687631738 ], [ 0.162430089366451, 10.984284718853173 ] ] ] } },
{ "type": "Feature", "properties": { "region": "Savanes", "prefecture": "Tône", "commune": "Tône 1", "canton": "Toaga", "population": 15691, "FRI": 0.0821, "classe_fri": "Tres faible", "rwi_min": -0.601, "urban_ratio": 0.0, "infrastructure_documentee": false, "WUI": 0.3012, "priorite": "Moyenne" }, "geometry": { "type": "Polygon", "coordinates": [ [ [ 0.239111219327539, 10.948964091934078 ], [ 0.252473353778313, 10.950880936582275 ], [ 0.267641554779326, 10.950593763628632 ], [ 0.271984509980958, 10.948349719335726 ], [ 0.263900920962537, 10.939992576745317 ], [ 0.26426944836184, 10.92824994345785 ], [ 0.254184611925532, 10.922857290862716 ], [ 0.255126783513998, 10.917637186694495 ], [ 0.264112871611833, 10.908733335980644 ], [ 0.272414102296994, 10.905419848594892 ], [ 0.271832165124296, 10.895693815239333 ], [ 0.274031010719285, 10.89151573483459 ], [ 0.270793114499092, 10.88706836026032 ], [ 0.273081119214084, 10.881270921340601 ], [ 0.27078018967437, 10.872118754025925 ], [ 0.272147272306703, 10.869258827225227 ], [ 0.291403970341342, 10.868409831825383 ], [ 0.275378943529883, 10.822071632012845 ], [ 0.267355655406003, 10.83914095523698 ], [ 0.253095983565665, 10.835102175345728 ], [ 0.249057676767185, 10.843975350238848 ], [ 0.234961501651775, 10.84457264272223 ], [ 0.23751437939182, 10.859248128540626 ], [ 0.231803252097464, 10.868331951309891 ], [ 0.228911285808837, 10.869368630905143 ], [ 0.232163730740051, 10.878849716283126 ], [ 0.23756305168366, 10.881295231222545 ], [ 0.225156456240065, 10.889481785987522 ], [ 0.220917923465014, 10.902467701539788 ], [ 0.228215077438007, 10.909995709814627 ], [ 0.225744950923554, 10.917299521657329 ], [ 0.227642352102193, 10.922404365362006 ], [ 0.232754113308875, 10.923852607805447 ], [ 0.240011989780746, 10.940651056354914 ], [ 0.241070041681027, 10.945002114563092 ], [ 0.239111219327539, 10.948964091934078 ] ] ] } },
{ "type": "Feature", "properties": { "region": "Savanes", "prefecture": "Tône", "commune": "Tône 1", "canton": "Natigou", "population": 7584, "FRI": 0.0677, "classe_fri": "Tres faible", "rwi_min": -0.571, "urban_ratio": 0.0, "infrastructure_documentee": false, "WUI": 0.2844, "priorite": "Surveillance" }, "geometry": { "type": "Polygon", "coordinates": [ [ [ 0.29920901187124, 10.990018559196592 ], [ 0.294874833906542, 10.968672607921365 ], [ 0.287722787877882, 10.949916900533198 ], [ 0.275292728664045, 10.956360324404915 ], [ 0.270138362203507, 10.96377051112745 ], [ 0.25468069908231, 10.969099492074458 ], [ 0.254552443859315, 10.974916016667496 ], [ 0.242941828303497, 10.977558416858685 ], [ 0.24517665219168, 10.998860125828848 ], [ 0.249299236583354, 11.002452757642823 ], [ 0.252559040921372, 11.011645866635607 ], [ 0.251319478251035, 11.014138349696557 ], [ 0.258673931611465, 11.02179119234053 ], [ 0.285169298462419, 11.007556458545345 ], [ 0.273669265528276, 11.000902405318108 ], [ 0.278694827348646, 10.990533083428199 ], [ 0.292832043595496, 10.987635762049806 ], [ 0.29920901187124, 10.990018559196592 ] ] ] } },
{ "type": "Feature", "properties": { "region": "Savanes", "prefecture": "Tône", "commune": "Tône 1", "canton": "Pana", "population": 13857, "FRI": 0.0742, "classe_fri": "Tres faible", "rwi_min": -0.637, "urban_ratio": 0.0, "infrastructure_documentee": false, "WUI": 0.2981, "priorite": "Surveillance" }, "geometry": { "type": "Polygon", "coordinates": [ [ [ 0.324124716341999, 10.715469335852044 ], [ 0.276483892181277, 10.737710883165525 ], [ 0.257361738010667, 10.734393193873082 ], [ 0.248821917044621, 10.739566863729511 ], [ 0.241253774806382, 10.74059156894768 ], [ 0.224028926898246, 10.738842421430936 ], [ 0.212205648369052, 10.750074369317284 ], [ 0.206882078763952, 10.773029731684217 ], [ 0.235553396997301, 10.776960976516836 ], [ 0.27483081086786, 10.79858607212093 ], [ 0.307819066012038, 10.776918362155145 ], [ 0.308298770376906, 10.770340942619931 ], [ 0.312712296084199, 10.764335034027976 ], [ 0.319603518933717, 10.76474519371266 ], [ 0.342679324523881, 10.783965207539357 ], [ 0.347921913942013, 10.784666303787155 ], [ 0.350079806172017, 10.782148554665534 ], [ 0.350312078984843, 10.757466574151849 ], [ 0.325963577700548, 10.722012173436548 ], [ 0.324124716341999, 10.715469335852044 ] ] ] } },
{ "type": "Feature", "properties": { "region": "Savanes", "prefecture": "Tône", "commune": "Tône 1", "canton": "Bidjenga", "population": 8987, "FRI": 0.0767, "classe_fri": "Tres faible", "rwi_min": -0.846, "urban_ratio": 0.0, "infrastructure_documentee": false, "WUI": 0.3113, "priorite": "Moyenne" }, "geometry": { "type": "Polygon", "coordinates": [ [ [ 0.272966914131155, 10.677844756162344 ], [ 0.267853756471784, 10.681951352575799 ], [ 0.257158979332801, 10.68143766721729 ], [ 0.23628941315632, 10.698050796075755 ], [ 0.240618654988825, 10.716985941224076 ], [ 0.224663417723949, 10.725158592770848 ], [ 0.232776168366679, 10.739001305679198 ], [ 0.248821917044621, 10.739566863729511 ], [ 0.257361738010667, 10.734393193873082 ], [ 0.276483892181277, 10.737710883165525 ], [ 0.324124716341999, 10.715469335852044 ], [ 0.324890776758728, 10.700691795097553 ], [ 0.330568740998219, 10.695543980780924 ], [ 0.340795841431262, 10.692161892352306 ], [ 0.341275014542244, 10.685752223912752 ], [ 0.352377273437626, 10.664572152408589 ], [ 0.345063243410133, 10.64807155758605 ], [ 0.343411707556091, 10.628023918152396 ], [ 0.334844717276135, 10.635268733786264 ], [ 0.336590983908908, 10.64061117601997 ], [ 0.329944799372368, 10.646042726236914 ], [ 0.328045088367081, 10.654770774610274 ], [ 0.330773223813143, 10.663591811385306 ], [ 0.319649339518042, 10.673739001030503 ], [ 0.316534075910191, 10.680010505822453 ], [ 0.312123162325496, 10.682449061887798 ], [ 0.306469693718438, 10.68206403931247 ], [ 0.293315576752896, 10.690923602405391 ], [ 0.287847933382536, 10.697449379686491 ], [ 0.282137209951332, 10.694800947352457 ], [ 0.272966914131155, 10.677844756162344 ] ] ] } },
{ "type": "Feature", "properties": { "region": "Savanes", "prefecture": "Tône", "commune": "Tône 2", "canton": "Nanergou", "population": 12015, "FRI": 0.0804, "classe_fri": "Tres faible", "rwi_min": -0.843, "urban_ratio": 0.0, "infrastructure_documentee": true, "WUI": 0.2156, "priorite": "Surveillance" }, "geometry": { "type": "Polygon", "coordinates": [ [ [ 0.154803648712395, 10.885840775810143 ], [ 0.153928431631625, 10.8632945906154 ], [ 0.146289592378219, 10.864901107046677 ], [ 0.140269289928067, 10.861440362323554 ], [ 0.136393885767707, 10.862806239007266 ], [ 0.136393433309636, 10.868163723696732 ], [ 0.120067213958789, 10.885585407835727 ], [ 0.128234000922811, 10.909526397294419 ], [ 0.140562558771596, 10.923561297816869 ], [ 0.134361215680863, 10.936220942671214 ], [ 0.140725547050161, 10.96992760979896 ], [ 0.13526256831251, 10.97979868681924 ], [ 0.141469574004583, 10.98462309036864 ], [ 0.146250630874938, 10.993178388928483 ], [ 0.162430089366451, 10.984284718853173 ], [ 0.161680351426603, 10.975080687631738 ], [ 0.174060299939225, 10.93075761935587 ], [ 0.167856370631393, 10.906415667830109 ], [ 0.160713637925791, 10.903670716587921 ], [ 0.154803648712395, 10.885840775810143 ] ] ] } },
{ "type": "Feature", "properties": { "region": "Savanes", "prefecture": "Tône", "commune": "Tône 2", "canton": "Namaré", "population": 11800, "FRI": 0.0924, "classe_fri": "Tres faible", "rwi_min": -0.657, "urban_ratio": 0.0, "infrastructure_documentee": false, "WUI": 0.3079, "priorite": "Moyenne" }, "geometry": { "type": "Polygon", "coordinates": [ [ [ 0.086061151631085, 11.00860623022924 ], [ 0.090122455211508, 11.003400446697377 ], [ 0.102517227436827, 10.998730342503254 ], [ 0.120069220981543, 11.000643682369503 ], [ 0.13526256831251, 10.97979868681924 ], [ 0.04970119068023, 10.962963616621854 ], [ 0.022794524019269, 10.960674205155762 ], [ 0.010726245009931, 10.966448853140928 ], [ 0.018518154653105, 10.973780660976029 ], [ 0.023433112949252, 10.973175587237147 ], [ 0.027112745750334, 10.976583880638364 ], [ 0.032645048936734, 10.974850504187948 ], [ 0.034357094693792, 10.977095751470484 ], [ 0.034975997459859, 10.990815164353567 ], [ 0.030204194996191, 11.000659709247016 ], [ 0.068347323020576, 11.007771657306183 ], [ 0.086061151631085, 11.00860623022924 ] ] ] } },
{ "type": "Feature", "properties": { "region": "Savanes", "prefecture": "Tône", "commune": "Tône 2", "canton": "Naki-Ouest", "population": 29007, "FRI": 0.1396, "classe_fri": "Faible", "rwi_min": -0.678, "urban_ratio": 0.0, "infrastructure_documentee": true, "WUI": 0.2494, "priorite": "Surveillance" }, "geometry": { "type": "Polygon", "coordinates": [ [ [ 0.140725547050161, 10.96992760979896 ], [ 0.134361215680863, 10.936220942671214 ], [ 0.140562558771596, 10.923561297816869 ], [ 0.128234000922811, 10.909526397294419 ], [ 0.12301501299707, 10.895126255216363 ], [ 0.114221334528993, 10.903455162166582 ], [ 0.070938799981288, 10.8730664610197 ], [ 0.063870245358518, 10.875902828496045 ], [ 0.057758464509969, 10.874142035852726 ], [ 0.034377592853063, 10.881026393210258 ], [ 0.027705448211501, 10.879610059941147 ], [ 0.022065166620225, 10.881407783951806 ], [ 0.020081807536447, 10.887296206333964 ], [ 0.032835508324646, 10.898634581819413 ], [ 0.044952297006653, 10.902756995169849 ], [ 0.047689474291532, 10.912846703507288 ], [ 0.037228939720038, 10.915349005124874 ], [ 0.025327939269703, 10.909876520448828 ], [ 0.015659118978286, 10.919344768079497 ], [ -0.00918293747481, 10.915903594809706 ], [ -0.007250182854662, 10.91911615292201 ], [ -0.010044929914229, 10.924117486351532 ], [ -0.011934973867113, 10.944051240419485 ], [ -0.007412633368062, 10.945696534778296 ], [ -0.007839993862919, 10.952693934289716 ], [ -0.005556419318724, 10.954450500762135 ], [ -0.004822099140789, 10.960929432312289 ], [ 0.002525984962649, 10.966496520679293 ], [ 0.006054613795668, 10.967526518678843 ], [ 0.008329186766704, 10.96531124781286 ], [ 0.011742179297508, 10.967032613528586 ], [ 0.022794524019269, 10.960674205155762 ], [ 0.04970119068023, 10.962963616621854 ], [ 0.13526256831251, 10.97979868681924 ], [ 0.140725547050161, 10.96992760979896 ] ] ] } },
{ "type": "Feature", "properties": { "region": "Savanes", "prefecture": "Tône", "commune": "Tône 3", "canton": "Nioukpourma", "population": 17130, "FRI": 0.1191, "classe_fri": "Faible", "rwi_min": -0.859, "urban_ratio": 0.0, "infrastructure_documentee": false, "WUI": 0.3422, "priorite": "Elevee" }, "geometry": { "type": "Polygon", "coordinates": [ [ [ 0.136393885767707, 10.862806239007266 ], [ 0.140269289928067, 10.861440362323554 ], [ 0.146289592378219, 10.864901107046677 ], [ 0.162575519920525, 10.862197884339304 ], [ 0.163693794002953, 10.856424993146023 ], [ 0.160401049431074, 10.851087077425927 ], [ 0.16115342135218, 10.835772280575902 ], [ 0.164121093696781, 10.832595059040807 ], [ 0.163453090781567, 10.817467412637271 ], [ 0.1373992441312, 10.797830044515695 ], [ 0.111794273322542, 10.800235608151867 ], [ 0.111505977547887, 10.807822826857475 ], [ 0.10178354610669, 10.826144485959128 ], [ 0.115214204659631, 10.841040865352046 ], [ 0.106905682978274, 10.851777772815161 ], [ 0.09462216771067, 10.854465822298309 ], [ 0.070938799981288, 10.8730664610197 ], [ 0.114221334528993, 10.903455162166582 ], [ 0.12301501299707, 10.895126255216363 ], [ 0.120067213958789, 10.885585407835727 ], [ 0.136393433309636, 10.868163723696732 ], [ 0.136393885767707, 10.862806239007266 ] ] ] } },
{ "type": "Feature", "properties": { "region": "Savanes", "prefecture": "Tône", "commune": "Tône 3", "canton": "Tami", "population": 27285, "FRI": 0.0897, "classe_fri": "Tres faible", "rwi_min": -0.75, "urban_ratio": 0.0, "infrastructure_documentee": true, "WUI": 0.2261, "priorite": "Surveillance" }, "geometry": { "type": "Polygon", "coordinates": [ [ [ 0.070938799981288, 10.8730664610197 ], [ 0.09462216771067, 10.854465822298309 ], [ 0.106905682978274, 10.851777772815161 ], [ 0.115214204659631, 10.841040865352046 ], [ 0.10178354610669, 10.826144485959128 ], [ 0.111505977547887, 10.807822826857475 ], [ 0.111794273322542, 10.800235608151867 ], [ 0.098757233133683, 10.801339319190626 ], [ 0.091434492244034, 10.809633813985123 ], [ 0.083675118855404, 10.810881166491514 ], [ 0.076023218640008, 10.825538253349164 ], [ 0.045860319785404, 10.820769777160725 ], [ 0.034394759725891, 10.827969359899685 ], [ 0.009282275921644, 10.837489349244191 ], [ -0.005667499809736, 10.829583870921475 ], [ -0.023940054239437, 10.82449411613471 ], [ -0.022682903248324, 10.831316852042431 ], [ -0.02828393871378, 10.842704380759976 ], [ -0.029832082363946, 10.853854974803752 ], [ -0.025345909666054, 10.865812850160982 ], [ -0.025673324878213, 10.880596588296575 ], [ -0.017848224408301, 10.889574995999498 ], [ -0.0123973235345, 10.905498840991056 ], [ -0.015111278317326, 10.906435511735605 ], [ -0.007872079330788, 10.915017663370385 ], [ 0.015659118978286, 10.919344768079497 ], [ 0.025327939269703, 10.909876520448828 ], [ 0.037228939720038, 10.915349005124874 ], [ 0.047689474291532, 10.912846703507288 ], [ 0.044952297006653, 10.902756995169849 ], [ 0.032835508324646, 10.898634581819413 ], [ 0.020081807536447, 10.887296206333964 ], [ 0.022065166620225, 10.881407783951806 ], [ 0.027705448211501, 10.879610059941147 ], [ 0.034377592853063, 10.881026393210258 ], [ 0.057758464509969, 10.874142035852726 ], [ 0.063870245358518, 10.875902828496045 ], [ 0.070938799981288, 10.8730664610197 ] ] ] } },
{ "type": "Feature", "properties": { "region": "Savanes", "prefecture": "Tône", "commune": "Tône 3", "canton": "Lotogou", "population": 14369, "FRI": 0.0806, "classe_fri": "Tres faible", "rwi_min": -0.563, "urban_ratio": 0.0, "infrastructure_documentee": true, "WUI": 0.1964, "priorite": "Surveillance" }, "geometry": { "type": "Polygon", "coordinates": [ [ [ 0.009282275921644, 10.837489349244191 ], [ 0.045860319785404, 10.820769777160725 ], [ 0.076023218640008, 10.825538253349164 ], [ 0.083675118855404, 10.810881166491514 ], [ 0.073369835991989, 10.80856748723644 ], [ 0.06751389986218, 10.803434311431792 ], [ 0.062716119712332, 10.788961788483933 ], [ 0.061996878481536, 10.764053579171792 ], [ 0.049154257491944, 10.754800354585706 ], [ 0.041850460316584, 10.754403394173785 ], [ 0.031168008832327, 10.758224269851096 ], [ 0.019429045069641, 10.776656975058939 ], [ 0.020895739938055, 10.789101156091297 ], [ 0.013967491790421, 10.796519068944431 ], [ 0.019444397899023, 10.80340584109403 ], [ -0.007692928528716, 10.814332122787695 ], [ -0.041429945769719, 10.800910997732235 ], [ -0.038551218043883, 10.804878595817765 ], [ -0.031233520627941, 10.807451263154963 ], [ -0.029694847715053, 10.814397793937312 ], [ -0.022240384646577, 10.818792718335963 ], [ -0.023948246790978, 10.82439404251032 ], [ -0.005667499809736, 10.829583870921475 ], [ 0.009282275921644, 10.837489349244191 ] ] ] } },
{ "type": "Feature", "properties": { "region": "Savanes", "prefecture": "Tône", "commune": "Tône 3", "canton": "Warkambou", "population": 7145, "FRI": 0.0675, "classe_fri": "Tres faible", "rwi_min": -0.616, "urban_ratio": 0.0, "infrastructure_documentee": true, "WUI": 0.1873, "priorite": "Surveillance" }, "geometry": { "type": "Polygon", "coordinates": [ [ [ 0.019964622053286, 10.791094798129057 ], [ 0.019429045069641, 10.776656975058939 ], [ -0.026617017352137, 10.782660031687527 ], [ -0.057348238593733, 10.766362991885693 ], [ -0.070686778558065, 10.763244636975934 ], [ -0.070291505204716, 10.766161678085496 ], [ -0.073308978488521, 10.769254391729525 ], [ -0.067637113005144, 10.773856635922646 ], [ -0.064452563957143, 10.772956236996604 ], [ -0.055394402923452, 10.78749942521482 ], [ -0.044955086869956, 10.792481608361632 ], [ -0.042807049819307, 10.80004181694046 ], [ -0.007692928528716, 10.814332122787695 ], [ 0.019444397899023, 10.80340584109403 ], [ 0.013967491790421, 10.796519068944431 ], [ 0.019964622053286, 10.791094798129057 ] ] ] } },
{ "type": "Feature", "properties": { "region": "Savanes", "prefecture": "Tône", "commune": "Tône 4", "canton": "Louanga", "population": 11372, "FRI": 0.0904, "classe_fri": "Tres faible", "rwi_min": -0.67, "urban_ratio": 0.0, "infrastructure_documentee": false, "WUI": 0.3074, "priorite": "Moyenne" }, "geometry": { "type": "Polygon", "coordinates": [ [ [ 0.329576201581347, 10.824696664378434 ], [ 0.324795419818209, 10.831368712679332 ], [ 0.319578322399394, 10.831549517614704 ], [ 0.317571753679469, 10.835964287074811 ], [ 0.299460182824397, 10.835353790380244 ], [ 0.275378943529883, 10.822071632012845 ], [ 0.287984808755587, 10.854157357000233 ], [ 0.294334564965445, 10.880625227270018 ], [ 0.312725562993243, 10.891188936551712 ], [ 0.308839866286827, 10.906034327707516 ], [ 0.324953846272735, 10.910472091137359 ], [ 0.341858964290494, 10.908358003065036 ], [ 0.340262454894763, 10.882021754641549 ], [ 0.356840703554871, 10.89084879840124 ], [ 0.368881496089488, 10.888205910210884 ], [ 0.367161992192686, 10.873784193026967 ], [ 0.378765009122996, 10.855502439973066 ], [ 0.398240491507442, 10.840210402855543 ], [ 0.403901711619518, 10.831349816001804 ], [ 0.403458936950129, 10.828326159101456 ], [ 0.396612342911105, 10.827163450592415 ], [ 0.392076270148373, 10.821576213765836 ], [ 0.378268799055984, 10.825711346024548 ], [ 0.36070052782288, 10.835117490197215 ], [ 0.345150505029535, 10.831404481943213 ], [ 0.344512797337726, 10.834845108411638 ], [ 0.341297207896661, 10.835218479244318 ], [ 0.332881892860682, 10.825638251109867 ], [ 0.329576201581347, 10.824696664378434 ] ] ] } },
{ "type": "Feature", "properties": { "region": "Savanes", "prefecture": "Tône", "commune": "Tône 4", "canton": "Kantindi", "population": 10967, "FRI": 0.0715, "classe_fri": "Tres faible", "rwi_min": -0.665, "urban_ratio": 0.0, "infrastructure_documentee": false, "WUI": 0.2964, "priorite": "Surveillance" }, "geometry": { "type": "Polygon", "coordinates": [ [ [ 0.244522473270171, 10.976521181061642 ], [ 0.254552443859315, 10.974916016667496 ], [ 0.25468069908231, 10.969099492074458 ], [ 0.270138362203507, 10.96377051112745 ], [ 0.275292728664045, 10.956360324404915 ], [ 0.287722787877882, 10.949916900533198 ], [ 0.288449717928245, 10.941693694886512 ], [ 0.28508717488006, 10.936545588048004 ], [ 0.290194988966711, 10.917738158919315 ], [ 0.296855256569025, 10.918736055527992 ], [ 0.29865304424731, 10.915640469360634 ], [ 0.298072628502646, 10.907718587323515 ], [ 0.294402184361605, 10.904694380361001 ], [ 0.297947136311959, 10.899957214924402 ], [ 0.290894806835955, 10.897041229180942 ], [ 0.286035492406354, 10.890591232609165 ], [ 0.286242532038579, 10.884186066006734 ], [ 0.294334564965445, 10.880625227270018 ], [ 0.291403970341342, 10.868409831825383 ], [ 0.272147272306703, 10.869258827225227 ], [ 0.27078018967437, 10.872118754025925 ], [ 0.273081119214084, 10.881270921340601 ], [ 0.270793114499092, 10.88706836026032 ], [ 0.274031010719285, 10.89151573483459 ], [ 0.271832165124296, 10.895693815239333 ], [ 0.272414102296994, 10.905419848594892 ], [ 0.264112871611833, 10.908733335980644 ], [ 0.255126783513998, 10.917637186694495 ], [ 0.254184611925532, 10.922857290862716 ], [ 0.26426944836184, 10.92824994345785 ], [ 0.263900920962537, 10.939992576745317 ], [ 0.271984509980958, 10.948349719335726 ], [ 0.267641554779326, 10.950593763628632 ], [ 0.252473353778313, 10.950880936582275 ], [ 0.239111219327539, 10.948964091934078 ], [ 0.239638664227462, 10.961179294582708 ], [ 0.244522473270171, 10.976521181061642 ] ] ] } },
{ "type": "Feature", "properties": { "region": "Savanes", "prefecture": "Tône", "commune": "Tône 4", "canton": "Sanfatoute", "population": 9151, "FRI": 0.0695, "classe_fri": "Tres faible", "rwi_min": -0.643, "urban_ratio": 0.0, "infrastructure_documentee": true, "WUI": 0.1921, "priorite": "Surveillance" }, "geometry": { "type": "Polygon", "coordinates": [ [ [ 0.300472342055785, 11.051143541838968 ], [ 0.345755472259932, 11.041625842882468 ], [ 0.34174623777007, 11.012088853411413 ], [ 0.33028662880418, 11.000733518946461 ], [ 0.292832043595496, 10.987635762049806 ], [ 0.278694827348646, 10.990533083428199 ], [ 0.273669265528276, 11.000902405318108 ], [ 0.285169298462419, 11.007556458545345 ], [ 0.258673931611465, 11.02179119234053 ], [ 0.25658650298429, 11.028256941118837 ], [ 0.262466365365217, 11.033718188529924 ], [ 0.274882246544989, 11.034030479941894 ], [ 0.279064178816309, 11.039526288779479 ], [ 0.287288961272832, 11.040877044434263 ], [ 0.290204729895569, 11.046286300598009 ], [ 0.300472342055785, 11.051143541838968 ] ] ] } },
{ "type": "Feature", "properties": { "region": "Savanes", "prefecture": "Tône", "commune": "Tône 4", "canton": "Korbongou", "population": 47599, "FRI": 0.0969, "classe_fri": "Tres faible", "rwi_min": -0.78, "urban_ratio": 0.0, "infrastructure_documentee": true, "WUI": 0.2489, "priorite": "Surveillance" }, "geometry": { "type": "Polygon", "coordinates": [ [ [ 0.424190837004044, 11.025121788821901 ], [ 0.411963458681938, 10.989557437228154 ], [ 0.414485452134264, 10.968475267349017 ], [ 0.403848408593587, 10.951441515261386 ], [ 0.404027270068261, 10.921394947545581 ], [ 0.400784965277381, 10.914289074363767 ], [ 0.368881496089488, 10.888205910210884 ], [ 0.356840703554871, 10.89084879840124 ], [ 0.340262454894763, 10.882021754641549 ], [ 0.341858964290494, 10.908358003065036 ], [ 0.324953846272735, 10.910472091137359 ], [ 0.308839866286827, 10.906034327707516 ], [ 0.312725562993243, 10.891188936551712 ], [ 0.294334564965445, 10.880625227270018 ], [ 0.286242532038579, 10.884186066006734 ], [ 0.286035492406354, 10.890591232609165 ], [ 0.290894806835955, 10.897041229180942 ], [ 0.297947136311959, 10.899957214924402 ], [ 0.294402184361605, 10.904694380361001 ], [ 0.298072628502646, 10.907718587323515 ], [ 0.29865304424731, 10.915640469360634 ], [ 0.296855256569025, 10.918736055527992 ], [ 0.290194988966711, 10.917738158919315 ], [ 0.28508717488006, 10.936545588048004 ], [ 0.288449717928245, 10.941693694886512 ], [ 0.287722787877882, 10.949916900533198 ], [ 0.294874833906542, 10.968672607921365 ], [ 0.29920901187124, 10.990018559196592 ], [ 0.33028662880418, 11.000733518946461 ], [ 0.34174623777007, 11.012088853411413 ], [ 0.345755472259932, 11.041625842882468 ], [ 0.424190837004044, 11.025121788821901 ] ] ] } }
]
}
